Modal Price cauliflower,Price Date
650,2012/07/08
700,2012/07/09
650,2012/07/10
850,2012/07/10
750,2012/07/11
750,2012/07/12
650,2012/07/13
700,2012/07/15
750,2012/07/16
750,2012/07/17
650,2012/07/19
700,2012/07/20
750,2012/07/20
700,2012/07/22
650,2012/07/23
850,2012/07/24
800,2012/07/25
800,2012/07/25
750,2012/07/26
800,2012/07/26
800,2012/07/27
700,2012/07/29
750,2012/07/30
750,2012/07/31
750,2012/08/01
450,2012/08/01
650,2012/08/02
500,2012/08/02
650,2012/08/03
450,2012/08/03
550,2012/08/04
800,2012/08/05
750,2012/08/06
750,2012/08/07
600,2012/08/07
650,2012/08/08
670,2012/08/09
500,2012/08/10
550,2012/08/12
600,2012/08/13
650,2012/08/14
650,2012/08/16
650,2012/08/17
650,2012/08/19
600,2012/08/20
600,2012/08/21
650,2012/08/22
550,2012/08/23
650,2012/08/26
600,2012/08/27
600,2012/08/28
520,2012/08/29
500,2012/08/30
450,2012/09/02
500,2012/09/03
500,2012/09/04
350,2012/09/07
550,2012/09/09
550,2012/09/10
650,2012/09/12
600,2012/09/13
750,2012/09/14
800,2012/09/16
850,2012/09/17
1100,2012/09/19
900,2012/09/20
1100,2012/09/21
950,2012/09/23
850,2012/09/24
1050,2012/09/25
1100,2012/09/26
1150,2012/09/27
1300,2012/09/28
1100,2012/10/01
800,2012/10/03
800,2012/10/04
700,2012/10/05
700,2012/10/07
700,2012/10/08
750,2012/10/09
750,2012/10/11
850,2012/10/12
900,2012/10/14
800,2012/10/15
900,2012/10/16
900,2012/10/17
900,2012/10/18
950,2012/10/21
1000,2012/10/22
900,2012/10/23
850,2012/10/26
950,2012/10/28
750,2012/10/29
700,2012/10/30
750,2012/10/31
850,2012/11/01
850,2012/11/02
700,2012/11/04
850,2012/11/06
650,2012/11/07
700,2012/11/08
700,2012/11/09
700,2012/11/11
500,2012/11/12
550,2012/11/13
600,2012/11/16
400,2012/11/18
500,2012/11/19
450,2012/11/20
350,2012/11/21
400,2012/11/22
300,2012/11/23
400,2012/11/25
400,2012/11/26
300,2012/11/27
300,2012/11/28
350,2012/11/29
400,2012/11/30
300,2012/12/09
350,2012/12/10
350,2012/12/11
300,2012/12/12
450,2012/12/14
350,2012/12/16
350,2012/12/17
350,2012/12/17
650,2012/12/18
400,2012/12/19
400,2012/12/20
350,2012/12/21
450,2012/12/27
450,2012/12/28
450,2012/12/30
500,2012/12/31
1000,2013/01/01
400,2013/01/01
500,2013/01/02
350,2013/01/02
500,2013/01/03
350,2013/01/03
550,2013/01/04
350,2013/01/04
350,2013/01/05
500,2013/01/06
500,2013/01/06
500,2013/01/07
450,2013/01/07
450,2013/01/08
450,2013/01/08
550,2013/01/09
450,2013/01/10
600,2013/01/10
450,2013/01/11
550,2013/01/11
500,2013/01/13
500,2013/01/13
700,2013/01/14
600,2013/01/14
550,2013/01/15
600,2013/01/16
550,2013/01/17
550,2013/01/17
600,2013/01/18
600,2013/01/18
400,2013/01/19
550,2013/01/20
500,2013/01/20
600,2013/01/21
900,2013/01/21
450,2013/01/22
550,2013/01/22
450,2013/01/23
450,2013/01/24
450,2013/01/25
600,2013/01/25
500,2013/01/28
400,2013/01/28
450,2013/01/29
350,2013/01/29
400,2013/01/30
450,2013/02/01
350,2013/02/01
300,2013/02/02
250,2013/02/03
360,2013/02/04
300,2013/02/05
300,2013/02/05
350,2013/02/06
250,2013/02/06
350,2013/02/10
250,2013/02/10
450,2013/02/11
350,2013/02/11
350,2013/02/12
350,2013/02/13
350,2013/02/14
500,2013/02/14
350,2013/02/15
300,2013/02/15
350,2013/02/16
450,2013/02/17
300,2013/02/17
600,2013/02/18
450,2013/02/19
400,2013/02/20
500,2013/02/20
450,2013/02/21
400,2013/02/21
400,2013/02/24
500,2013/02/25
400,2013/02/25
450,2013/02/26
550,2013/02/26
400,2013/02/27
650,2013/03/01
650,2013/03/02
450,2013/03/03
500,2013/03/04
550,2013/03/05
550,2013/03/05
650,2013/03/07
650,2013/03/07
650,2013/03/08
600,2013/03/08
550,2013/03/09
700,2013/03/10
500,2013/03/10
700,2013/03/11
650,2013/03/11
650,2013/03/12
700,2013/03/12
650,2013/03/13
700,2013/03/13
650,2013/03/14
750,2013/03/15
600,2013/03/15
600,2013/03/16
750,2013/03/17
750,2013/03/18
550,2013/03/18
750,2013/03/19
650,2013/03/19
750,2013/03/20
650,2013/03/20
950,2013/03/21
900,2013/03/22
850,2013/03/22
850,2013/03/23
1050,2013/03/24
850,2013/03/25
1000,2013/03/25
950,2013/03/26
750,2013/03/26
600,2013/03/27
900,2013/03/28
550,2013/03/28
750,2013/03/29
750,2013/03/29
750,2013/03/30
650,2013/03/31
600,2013/03/31
750,2013/04/01
1100,2013/04/01
1100,2013/04/01
550,2013/04/02
1050,2013/04/02
850,2013/04/03
600,2013/04/03
750,2013/04/04
1200,2013/04/05
650,2013/04/06
1000,2013/04/06
900,2013/04/07
800,2013/04/07
950,2013/04/07
900,2013/04/08
600,2013/04/08
1150,2013/04/08
850,2013/04/09
650,2013/04/09
1100,2013/04/09
800,2013/04/10
750,2013/04/10
1050,2013/04/10
800,2013/04/11
650,2013/04/11
1050,2013/04/11
750,2013/04/12
650,2013/04/12
1150,2013/04/12
1100,2013/04/13
750,2013/04/14
550,2013/04/14
1200,2013/04/14
650,2013/04/15
500,2013/04/15
1150,2013/04/15
750,2013/04/16
550,2013/04/16
1100,2013/04/16
900,2013/04/17
700,2013/04/17
1100,2013/04/17
800,2013/04/18
750,2013/04/18
750,2013/04/18
750,2013/04/19
950,2013/04/19
1600,2013/04/19
1000,2013/04/20
1000,2013/04/20
800,2013/04/21
1100,2013/04/21
750,2013/04/22
550,2013/04/22
1150,2013/04/22
750,2013/04/23
550,2013/04/23
1250,2013/04/23
800,2013/04/24
550,2013/04/24
750,2013/04/25
700,2013/04/25
550,2013/04/26
800,2013/04/27
800,2013/04/28
800,2013/04/28
1150,2013/04/28
900,2013/04/29
950,2013/04/29
1350,2013/04/29
800,2013/04/30
825,2013/04/30
900,2013/05/02
1050,2013/05/02
800,2013/05/03
700,2013/05/03
1200,2013/05/03
800,2013/05/04
1100,2013/05/04
900,2013/05/05
750,2013/05/05
750,2013/05/06
600,2013/05/06
1050,2013/05/06
800,2013/05/07
550,2013/05/07
1100,2013/05/07
700,2013/05/08
1100,2013/05/08
700,2013/05/09
550,2013/05/09
1000,2013/05/09
750,2013/05/10
500,2013/05/10
1100,2013/05/10
900,2013/05/11
700,2013/05/12
900,2013/05/12
700,2013/05/13
600,2013/05/13
900,2013/05/13
750,2013/05/14
550,2013/05/14
1200,2013/05/14
750,2013/05/15
650,2013/05/15
1000,2013/05/15
950,2013/05/16
650,2013/05/16
1000,2013/05/16
600,2013/05/17
1100,2013/05/17
600,2013/05/18
850,2013/05/19
700,2013/05/19
1000,2013/05/19
700,2013/05/20
1100,2013/05/20
900,2013/05/21
1100,2013/05/21
650,2013/05/22
900,2013/05/23
800,2013/05/23
1100,2013/05/23
1000,2013/05/24
950,2013/05/24
1150,2013/05/24
1050,2013/05/25
1100,2013/05/25
1150,2013/05/26
1150,2013/05/26
1300,2013/05/26
1150,2013/05/27
850,2013/05/27
1000,2013/05/27
950,2013/05/28
1300,2013/05/28
1150,2013/05/29
950,2013/05/29
1250,2013/05/29
1150,2013/05/30
850,2013/05/30
1250,2013/05/30
1150,2013/05/31
1200,2013/05/31
1150,2013/06/01
1250,2013/06/02
1150,2013/06/03
1900,2013/06/09
1150,2013/06/11
1800,2013/06/11
1150,2013/06/12
1000,2013/06/13
1400,2013/06/14
2000,2013/06/14
1700,2013/06/15
1450,2013/06/16
1750,2013/06/17
1200,2013/06/17
1750,2013/06/18
1850,2013/06/19
1250,2013/06/19
2250,2013/06/19
1500,2013/06/20
2150,2013/06/21
1350,2013/06/21
2100,2013/06/21
1200,2013/06/22
1850,2013/06/23
2000,2013/06/23
1750,2013/06/24
1750,2013/06/24
2650,2013/06/24
1500,2013/06/25
1600,2013/06/26
2300,2013/06/26
1600,2013/06/27
1600,2013/06/28
2000,2013/06/30
1700,2013/06/30
1600,2013/07/01
1350,2013/07/01
1450,2013/07/02
1600,2013/07/03
1500,2013/07/03
1300,2013/07/04
1500,2013/07/04
1500,2013/07/05
1200,2013/07/05
1750,2013/07/06
1100,2013/07/07
1100,2013/07/07
1150,2013/07/08
800,2013/07/08
1000,2013/07/09
750,2013/07/09
1550,2013/07/09
900,2013/07/10
900,2013/07/10
1500,2013/07/10
800,2013/07/11
750,2013/07/12
1100,2013/07/12
750,2013/07/14
650,2013/07/15
1200,2013/07/15
850,2013/07/16
1250,2013/07/16
1450,2013/07/17
900,2013/07/19
1300,2013/07/20
900,2013/07/21
900,2013/07/22
1250,2013/07/22
850,2013/07/23
1250,2013/07/23
1200,2013/07/24
800,2013/07/25
1400,2013/07/25
850,2013/07/26
1000,2013/07/26
1350,2013/07/26
1400,2013/07/27
1300,2013/07/28
1500,2013/07/29
1750,2013/07/29
1500,2013/07/30
1300,2013/07/30
1400,2013/07/31
1600,2013/07/31
1800,2013/07/31
1400,2013/08/01
1800,2013/08/02
1300,2013/08/02
1500,2013/08/03
2000,2013/08/08
1400,2013/09/26
1300,2013/09/27
2500,2013/09/30
1600,2013/10/01
1150,2013/10/02
1600,2013/10/03
1150,2013/10/03
1650,2013/10/04
1400,2013/10/04
1400,2013/10/07
1400,2013/10/08
1500,2013/10/09
1700,2013/10/10
1850,2013/10/11
1300,2013/10/11
1600,2013/10/15
1500,2013/10/16
1550,2013/10/16
1700,2013/10/17
1500,2013/10/17
1500,2013/10/18
1750,2013/10/21
1600,2013/10/22
1750,2013/10/29
1550,2013/10/30
1600,2013/10/31
1500,2013/11/06
1200,2013/11/06
1400,2013/11/07
1250,2013/11/08
950,2013/11/10
1150,2013/11/11
750,2013/11/12
1150,2013/11/13
950,2013/11/14
850,2013/11/18
1100,2013/11/19
1150,2013/11/19
1100,2013/11/20
1000,2013/11/20
950,2013/11/22
800,2013/11/22
750,2013/11/23
900,2013/11/24
700,2013/11/24
950,2013/11/25
600,2013/11/25
750,2013/11/26
650,2013/11/27
500,2013/11/28
500,2013/11/29
450,2013/11/29
450,2013/12/01
550,2013/12/02
500,2013/12/03
500,2013/12/04
400,2013/12/05
450,2013/12/05
400,2013/12/06
700,2013/12/09
600,2013/12/09
600,2013/12/10
700,2013/12/10
600,2013/12/11
450,2013/12/11
600,2013/12/12
450,2013/12/12
550,2013/12/13
450,2013/12/13
500,2013/12/14
550,2013/12/15
500,2013/12/15
550,2013/12/16
550,2013/12/17
600,2013/12/18
500,2013/12/18
550,2013/12/19
400,2013/12/19
550,2013/12/20
450,2013/12/20
550,2013/12/21
800,2013/12/22
600,2013/12/23
550,2013/12/23
550,2013/12/24
400,2013/12/24
400,2013/12/25
550,2013/12/26
400,2013/12/26
550,2013/12/27
400,2013/12/27
550,2013/12/29
500,2013/12/29
500,2013/12/30
450,2013/12/30
450,2013/12/31
450,2013/12/31
350,2014/01/01
450,2014/01/01
350,2014/01/02
350,2014/01/02
450,2014/01/03
350,2014/01/03
400,2014/01/04
430,2014/01/05
500,2014/01/05
380,2014/01/06
350,2014/01/06
450,2014/01/07
350,2014/01/07
450,2014/01/08
500,2014/01/08
400,2014/01/09
450,2014/01/09
450,2014/01/10
450,2014/01/10
450,2014/01/11
450,2014/01/13
600,2014/01/13
450,2014/01/15
450,2014/01/16
550,2014/01/16
400,2014/01/17
450,2014/01/17
900,2014/01/17
700,2014/01/18
800,2014/01/19
450,2014/01/20
400,2014/01/20
700,2014/01/20
500,2014/01/21
350,2014/01/21
500,2014/01/21
400,2014/01/22
400,2014/01/22
650,2014/01/22
300,2014/01/23
450,2014/01/23
350,2014/01/24
350,2014/01/24
350,2014/01/24
200,2014/01/25
350,2014/01/26
370,2014/01/27
200,2014/01/27
350,2014/01/27
300,2014/01/28
250,2014/01/28
300,2014/01/28
350,2014/01/29
300,2014/01/29
400,2014/01/29
300,2014/01/30
300,2014/01/30
350,2014/01/30
300,2014/01/31
250,2014/01/31
250,2014/02/01
350,2014/02/03
300,2014/02/03
350,2014/02/04
550,2014/02/04
300,2014/02/05
350,2014/02/05
400,2014/02/06
400,2014/02/06
350,2014/02/07
300,2014/02/07
300,2014/02/10
400,2014/02/10
600,2014/02/10
350,2014/02/11
400,2014/02/11
350,2014/02/12
550,2014/02/12
500,2014/02/12
350,2014/02/13
400,2014/02/13
350,2014/02/14
900,2014/02/14
550,2014/02/15
500,2014/02/15
550,2014/02/17
500,2014/02/17
400,2014/02/18
400,2014/02/18
650,2014/02/18
450,2014/02/19
900,2014/02/19
350,2014/02/20
450,2014/02/20
350,2014/02/21
450,2014/02/21
300,2014/02/24
500,2014/02/24
350,2014/02/25
350,2014/02/25
350,2014/02/26
300,2014/02/26
500,2014/02/26
350,2014/02/28
300,2014/02/28
250,2014/03/01
300,2014/03/03
250,2014/03/03
300,2014/03/04
350,2014/03/04
350,2014/03/05
400,2014/03/05
300,2014/03/06
250,2014/03/06
300,2014/03/07
400,2014/03/07
500,2014/03/08
300,2014/03/09
250,2014/03/09
300,2014/03/10
300,2014/03/10
300,2014/03/11
300,2014/03/11
300,2014/03/12
400,2014/03/12
300,2014/03/13
300,2014/03/14
450,2014/03/14
250,2014/03/15
350,2014/03/16
250,2014/03/16
200,2014/03/17
350,2014/03/18
400,2014/03/18
350,2014/03/19
400,2014/03/19
350,2014/03/20
250,2014/03/20
350,2014/03/21
450,2014/03/23
350,2014/03/24
250,2014/03/24
350,2014/03/25
400,2014/03/25
350,2014/03/26
350,2014/03/26
350,2014/03/27
350,2014/03/28
350,2014/03/28
350,2014/03/29
250,2014/04/01
450,2014/04/02
400,2014/04/03
400,2014/04/04
225,2014/04/04
250,2014/04/05
500,2014/04/07
350,2014/04/07
350,2014/04/08
450,2014/04/09
300,2014/04/09
350,2014/04/10
300,2014/04/11
750,2014/04/13
700,2014/04/14
450,2014/04/15
1150,2014/04/18
600,2014/04/19
600,2014/04/20
750,2014/04/22
500,2014/04/23
500,2014/04/24
500,2014/04/25
850,2014/04/26
650,2014/04/27
950,2014/04/27
600,2014/04/28
650,2014/04/28
1300,2014/04/29
750,2014/04/29
650,2014/04/30
600,2014/04/30
600,2014/05/02
650,2014/05/02
650,2014/05/04
650,2014/05/04
650,2014/05/05
500,2014/05/05
650,2014/05/06
500,2014/05/06
850,2014/05/07
450,2014/05/07
700,2014/05/08
650,2014/05/08
600,2014/05/09
600,2014/05/09
750,2014/05/12
700,2014/05/12
750,2014/05/13
550,2014/05/13
850,2014/05/14
800,2014/05/15
750,2014/05/15
850,2014/05/16
500,2014/05/16
650,2014/05/17
500,2014/05/28
800,2014/06/03
800,2014/06/04
1200,2014/06/05
1100,2014/06/06
900,2014/06/07
950,2014/06/08
950,2014/06/09
950,2014/06/10
950,2014/06/10
850,2014/06/11
650,2014/06/11
950,2014/06/12
950,2014/06/12
950,2014/06/13
1000,2014/06/14
1100,2014/06/15
1050,2014/06/15
1000,2014/06/16
1350,2014/06/16
1500,2014/06/17
1200,2014/06/17
900,2014/06/18
1050,2014/06/19
1200,2014/06/20
1500,2014/06/22
1250,2014/06/22
1450,2014/06/23
1750,2014/06/23
1350,2014/06/24
1500,2014/06/24
1400,2014/06/25
1500,2014/06/25
1500,2014/06/26
1350,2014/06/26
1500,2014/06/27
1250,2014/06/27
1500,2014/06/28
1500,2014/06/29
1250,2014/06/29
1700,2014/06/30
1250,2014/06/30
1550,2014/07/01
1500,2014/07/01
1500,2014/07/02
1450,2014/07/02
1500,2014/07/03
1500,2014/07/03
1300,2014/07/04
1250,2014/07/04
1250,2014/07/05
1400,2014/07/06
1200,2014/07/06
1400,2014/07/07
1250,2014/07/07
1400,2014/07/08
1450,2014/07/08
1300,2014/07/09
1300,2014/07/09
1300,2014/07/10
1250,2014/07/10
1150,2014/07/11
900,2014/07/11
1850,2014/07/11
1150,2014/07/13
1150,2014/07/13
1750,2014/07/13
1150,2014/07/14
1100,2014/07/14
1650,2014/07/14
1100,2014/07/15
950,2014/07/15
1400,2014/07/15
1000,2014/07/16
1800,2014/07/16
1100,2014/07/17
1000,2014/07/17
1350,2014/07/17
1000,2014/07/18
800,2014/07/18
1350,2014/07/18
1100,2014/07/19
850,2014/07/20
1600,2014/07/20
1050,2014/07/21
1000,2014/07/21
1450,2014/07/21
1050,2014/07/22
1150,2014/07/22
1300,2014/07/22
1000,2014/07/23
1050,2014/07/24
750,2014/07/24
1550,2014/07/24
950,2014/07/25
650,2014/07/25
1400,2014/07/25
1050,2014/07/26
1100,2014/07/27
1000,2014/07/27
1500,2014/07/27
1000,2014/07/28
1150,2014/07/28
1500,2014/07/28
850,2014/07/29
1500,2014/07/29
800,2014/07/30
750,2014/07/30
1450,2014/07/30
700,2014/07/31
1150,2014/07/31
1050,2014/08/01
1000,2014/08/01
1450,2014/08/01
1500,2014/08/02
1100,2014/08/03
1150,2014/08/03
1500,2014/08/03
1100,2014/08/04
900,2014/08/04
1550,2014/08/04
1050,2014/08/05
850,2014/08/05
1750,2014/08/05
850,2014/08/06
1000,2014/08/06
1600,2014/08/06
900,2014/08/07
900,2014/08/07
1300,2014/08/07
1000,2014/08/08
1400,2014/08/08
900,2014/08/09
1150,2014/08/09
900,2014/08/10
1500,2014/08/10
900,2014/08/11
850,2014/08/12
650,2014/08/12
1150,2014/08/12
700,2014/08/13
900,2014/08/13
850,2014/08/14
900,2014/08/14
1150,2014/08/15
950,2014/08/16
650,2014/08/17
700,2014/08/17
800,2014/08/17
850,2014/08/18
1000,2014/08/19
600,2014/08/20
900,2014/08/20
1100,2014/08/21
1000,2014/08/22
500,2014/08/24
900,2014/08/24
900,2014/08/25
800,2014/08/26
1000,2014/08/27
1000,2014/08/28
900,2014/08/31
600,2014/09/01
700,2014/09/02
450,2014/09/03
800,2014/09/04
700,2014/09/05
750,2014/09/07
1500,2014/09/07
1050,2014/09/08
1250,2014/09/08
1050,2014/09/10
1250,2014/09/10
2000,2014/09/10
1000,2014/09/11
1750,2014/09/11
1600,2014/09/12
1250,2014/09/12
2000,2014/09/12
1500,2014/09/13
2100,2014/09/13
2000,2014/09/14
1650,2014/09/14
2300,2014/09/14
1500,2014/09/15
1400,2014/09/15
2300,2014/09/15
1350,2014/09/16
1350,2014/09/16
2700,2014/09/16
1600,2014/09/17
1800,2014/09/17
2550,2014/09/17
1450,2014/09/18
2150,2014/09/18
1600,2014/09/19
2600,2014/09/19
1250,2014/09/20
2100,2014/09/20
1350,2014/09/21
1500,2014/09/21
2100,2014/09/21
1750,2014/09/22
1500,2014/09/22
2100,2014/09/22
1550,2014/09/23
1900,2014/09/23
2150,2014/09/23
1600,2014/09/24
1750,2014/09/24
2000,2014/09/24
1600,2014/09/25
1500,2014/09/25
1950,2014/09/26
1300,2014/09/26
2100,2014/09/26
1350,2014/09/28
1300,2014/09/28
2350,2014/09/28
1350,2014/09/29
1250,2014/09/29
2100,2014/09/29
1300,2014/09/30
1600,2014/09/30
2100,2014/09/30
1300,2014/10/01
1100,2014/10/01
1900,2014/10/01
1200,2014/10/04
1050,2014/10/05
1250,2014/10/05
1000,2014/10/07
1300,2014/10/07
1300,2014/10/07
850,2014/10/08
950,2014/10/08
1250,2014/10/08
850,2014/10/09
950,2014/10/09
1450,2014/10/09
900,2014/10/10
850,2014/10/10
1500,2014/10/10
1000,2014/10/12
1000,2014/10/12
1550,2014/10/12
1200,2014/10/13
850,2014/10/13
1350,2014/10/13
1150,2014/10/14
1050,2014/10/14
1350,2014/10/14
1300,2014/10/16
1400,2014/10/16
2000,2014/10/16
1200,2014/10/17
1350,2014/10/17
1800,2014/10/17
1050,2014/10/19
1750,2014/10/19
1050,2014/10/20
1600,2014/10/20
1500,2014/10/20
950,2014/10/21
1300,2014/10/21
1500,2014/10/21
1750,2014/10/26
1750,2014/10/26
1750,2014/10/26
1150,2014/10/27
1500,2014/10/27
2100,2014/10/27
1300,2014/10/28
900,2014/10/28
1950,2014/10/28
1500,2014/10/29
1050,2014/10/29
1850,2014/10/29
1500,2014/10/30
900,2014/10/30
2250,2014/10/30
1750,2014/10/31
1200,2014/10/31
2000,2014/10/31
1700,2014/11/01
2500,2014/11/01
1750,2014/11/02
1600,2014/11/02
2250,2014/11/02
1600,2014/11/03
1600,2014/11/03
2450,2014/11/03
1600,2014/11/05
1200,2014/11/05
1800,2014/11/05
1400,2014/11/07
950,2014/11/07
1750,2014/11/07
1300,2014/11/09
1450,2014/11/09
1800,2014/11/09
1200,2014/11/10
1150,2014/11/10
1900,2014/11/10
1150,2014/11/11
1000,2014/11/11
1850,2014/11/11
1000,2014/11/12
1750,2014/11/12
900,2014/11/13
1000,2014/11/13
1750,2014/11/13
750,2014/11/14
950,2014/11/14
1900,2014/11/14
500,2014/11/17
500,2014/11/17
500,2014/11/19
500,2014/11/19
550,2014/11/20
400,2014/11/20
900,2014/11/20
550,2014/11/21
500,2014/11/21
900,2014/11/21
500,2014/11/23
700,2014/11/23
550,2014/11/24
600,2014/11/24
900,2014/11/24
500,2014/11/25
550,2014/11/25
900,2014/11/25
500,2014/11/26
450,2014/11/26
900,2014/11/26
500,2014/11/27
450,2014/11/27
850,2014/11/27
500,2014/11/28
600,2014/11/28
900,2014/11/28
650,2014/11/29
750,2014/11/29
500,2014/11/30
300,2014/11/30
600,2014/11/30
450,2014/12/01
550,2014/12/01
850,2014/12/01
450,2014/12/02
500,2014/12/02
700,2014/12/02
450,2014/12/04
450,2014/12/04
600,2014/12/04
350,2014/12/05
400,2014/12/05
550,2014/12/05
250,2014/12/06
500,2014/12/06
350,2014/12/07
350,2014/12/07
400,2014/12/08
250,2014/12/08
550,2014/12/08
450,2014/12/09
400,2014/12/09
600,2014/12/09
400,2014/12/10
850,2014/12/10
650,2014/12/10
400,2014/12/11
250,2014/12/11
600,2014/12/11
350,2014/12/12
300,2014/12/12
550,2014/12/12
550,2014/12/14
450,2014/12/14
600,2014/12/14
500,2014/12/15
600,2014/12/15
800,2014/12/15
600,2014/12/16
500,2014/12/16
900,2014/12/16
950,2014/12/17
800,2014/12/17
1000,2014/12/17
1350,2014/12/18
1000,2014/12/18
1100,2014/12/18
1250,2014/12/19
900,2014/12/19
1500,2014/12/19
1250,2014/12/20
1700,2014/12/20
1250,2014/12/21
1300,2014/12/21
2000,2014/12/21
1400,2014/12/22
1400,2014/12/22
2250,2014/12/22
1350,2014/12/23
1500,2014/12/23
2400,2014/12/23
1500,2014/12/24
1600,2014/12/24
2600,2014/12/24
1400,2014/12/26
1650,2014/12/26
2250,2014/12/26
1500,2014/12/28
1500,2014/12/28
1850,2014/12/28
1500,2014/12/29
1100,2014/12/29
1600,2014/12/29
1300,2014/12/30
750,2014/12/30
1950,2014/12/30
1500,2014/12/31
1350,2014/12/31
2050,2014/12/31
1300,2015/01/01
1000,2015/01/01
1900,2015/01/01
1300,2015/01/02
850,2015/01/02
1600,2015/01/02
1000,2015/01/03
1050,2015/01/05
1400,2015/01/05
1050,2015/01/06
1200,2015/01/06
1050,2015/01/07
900,2015/01/07
950,2015/01/08
450,2015/01/08
1000,2015/01/08
750,2015/01/09
850,2015/01/09
900,2015/01/09
900,2015/01/11
900,2015/01/11
900,2015/01/11
900,2015/01/11
600,2015/01/14
600,2015/01/14
650,2015/01/16
650,2015/01/16
850,2015/01/16
850,2015/01/16
850,2015/01/16
850,2015/01/16
600,2015/01/17
600,2015/01/17
750,2015/01/17
750,2015/01/17
650,2015/01/18
600,2015/01/18
600,2015/01/18
750,2015/01/18
750,2015/01/18
650,2015/01/19
550,2015/01/19
750,2015/01/19
550,2015/01/20
450,2015/01/20
550,2015/01/20
500,2015/01/21
400,2015/01/21
550,2015/01/21
500,2015/01/22
350,2015/01/22
550,2015/01/24
500,2015/01/25
550,2015/01/25
400,2015/01/27
400,2015/01/27
600,2015/01/27
400,2015/01/28
400,2015/01/28
450,2015/01/28
400,2015/01/29
400,2015/01/29
450,2015/01/29
500,2015/01/30
350,2015/01/30
500,2015/01/30
450,2015/01/31
500,2015/01/31
400,2015/02/01
400,2015/02/01
400,2015/02/02
400,2015/02/02
500,2015/02/02
400,2015/02/03
400,2015/02/03
750,2015/02/03
750,2015/02/04
700,2015/02/04
400,2015/02/05
450,2015/02/05
550,2015/02/05
400,2015/02/06
400,2015/02/06
550,2015/02/06
500,2015/02/07
400,2015/02/08
450,2015/02/09
450,2015/02/09
500,2015/02/10
600,2015/02/10
750,2015/02/10
550,2015/02/11
550,2015/02/11
650,2015/02/11
550,2015/02/12
550,2015/02/12
550,2015/02/12
500,2015/02/13
350,2015/02/13
600,2015/02/13
500,2015/02/15
500,2015/02/15
650,2015/02/15
500,2015/02/16
500,2015/02/16
850,2015/02/16
600,2015/02/18
450,2015/02/18
750,2015/02/18
600,2015/02/22
550,2015/02/24
500,2015/02/25
400,2015/02/25
500,2015/02/26
700,2015/02/28
500,2015/03/01
600,2015/03/02
500,2015/03/02
750,2015/03/02
550,2015/03/03
750,2015/03/03
800,2015/03/03
550,2015/03/04
600,2015/03/04
750,2015/03/04
550,2015/03/05
700,2015/03/05
700,2015/03/07
750,2015/03/07
550,2015/03/08
750,2015/03/08
750,2015/03/08
650,2015/03/09
1050,2015/03/09
1000,2015/03/09
650,2015/03/10
850,2015/03/10
700,2015/03/11
700,2015/03/11
550,2015/03/12
550,2015/03/12
450,2015/03/13
550,2015/03/13
550,2015/03/14
900,2015/03/14
500,2015/03/15
900,2015/03/15
650,2015/03/16
600,2015/03/16
650,2015/03/17
500,2015/03/17
800,2015/03/17
650,2015/03/18
550,2015/03/19
600,2015/03/19
900,2015/03/19
550,2015/03/20
400,2015/03/20
550,2015/03/22
550,2015/03/23
400,2015/03/23
750,2015/03/23
550,2015/03/24
400,2015/03/24
400,2015/03/25
900,2015/03/25
500,2015/03/26
350,2015/03/26
900,2015/03/26
550,2015/03/27
600,2015/03/27
550,2015/03/29
450,2015/03/29
550,2015/03/30
450,2015/03/30
550,2015/03/31
450,2015/03/31
750,2015/03/31
450,2015/04/01
400,2015/04/01
800,2015/04/01
550,2015/04/02
650,2015/04/02
500,2015/04/03
750,2015/04/03
600,2015/04/03
600,2015/04/04
1200,2015/04/04
850,2015/04/05
550,2015/04/05
850,2015/04/05
650,2015/04/06
650,2015/04/06
600,2015/04/06
800,2015/04/07
750,2015/04/07
900,2015/04/07
450,2015/04/08
700,2015/04/09
1200,2015/04/09
700,2015/04/10
500,2015/04/10
1000,2015/04/10
750,2015/04/12
550,2015/04/12
1250,2015/04/12
1200,2015/04/14
550,2015/04/15
650,2015/04/15
1300,2015/04/15
650,2015/04/16
450,2015/04/16
1250,2015/04/16
650,2015/04/17
450,2015/04/17
750,2015/04/17
450,2015/04/18
700,2015/04/19
750,2015/04/19
800,2015/04/23
750,2015/04/23
1250,2015/04/23
850,2015/04/24
700,2015/04/24
900,2015/04/24
850,2015/04/26
750,2015/04/26
800,2015/04/27
1050,2015/04/27
1500,2015/04/27
900,2015/04/28
1300,2015/04/28
1000,2015/04/29
650,2015/04/29
1100,2015/05/03
1150,2015/05/05
550,2015/05/05
1800,2015/05/05
1050,2015/05/06
950,2015/05/06
1100,2015/05/06
1000,2015/05/08
650,2015/05/08
1000,2015/05/08
1050,2015/05/10
700,2015/05/10
1100,2015/05/10
900,2015/05/11
900,2015/05/13
550,2015/05/13
950,2015/05/13
950,2015/05/14
650,2015/05/14
1050,2015/05/14
900,2015/05/15
500,2015/05/15
1000,2015/05/15
500,2015/05/16
800,2015/05/16
900,2015/05/17
450,2015/05/17
750,2015/05/17
750,2015/05/18
450,2015/05/18
700,2015/05/18
550,2015/05/19
400,2015/05/19
700,2015/05/19
650,2015/05/20
500,2015/05/20
600,2015/05/21
1250,2015/05/21
950,2015/05/21
650,2015/05/22
600,2015/05/22
800,2015/05/22
750,2015/05/24
750,2015/05/24
900,2015/05/24
800,2015/05/25
650,2015/05/25
900,2015/05/25
850,2015/05/26
600,2015/05/26
900,2015/05/26
1000,2015/05/27
750,2015/05/27
950,2015/05/27
1050,2015/05/28
850,2015/05/28
1150,2015/05/29
1000,2015/05/29
1500,2015/05/29
1300,2015/05/30
1450,2015/05/30
900,2015/05/31
1000,2015/06/01
950,2015/06/01
1350,2015/06/01
1050,2015/06/02
1000,2015/06/02
1400,2015/06/02
900,2015/06/03
1000,2015/06/03
1400,2015/06/03
1050,2015/06/04
900,2015/06/04
1100,2015/06/05
950,2015/06/05
1100,2015/06/06
1050,2015/06/07
850,2015/06/07
1600,2015/06/07
1300,2015/06/08
900,2015/06/08
1350,2015/06/08
1150,2015/06/09
750,2015/06/09
1400,2015/06/09
1100,2015/06/10
950,2015/06/10
1400,2015/06/10
900,2015/06/11
1500,2015/06/11
1200,2015/06/12
1050,2015/06/12
1600,2015/06/12
1000,2015/06/13
1750,2015/06/13
1100,2015/06/14
1150,2015/06/14
1600,2015/06/14
1150,2015/06/15
850,2015/06/15
2000,2015/06/15
1000,2015/06/16
850,2015/06/16
1750,2015/06/16
1700,2015/06/17
950,2015/06/17
1750,2015/06/17
1400,2015/06/18
1000,2015/06/18
1750,2015/06/18
1300,2015/06/19
950,2015/06/19
1500,2015/06/19
850,2015/06/20
1450,2015/06/20
1200,2015/06/21
1000,2015/06/21
1500,2015/06/21
1000,2015/06/25
1600,2015/06/25
1400,2015/06/26
1000,2015/06/26
1500,2015/06/26
1000,2015/06/27
1450,2015/06/27
1200,2015/06/29
1200,2015/06/29
1700,2015/06/29
1400,2015/06/30
1300,2015/06/30
1630,2015/06/30
1000,2015/07/01
1200,2015/07/01
1900,2015/07/01
1500,2015/07/02
1200,2015/07/02
1500,2015/07/02
1000,2015/07/03
1200,2015/07/03
1330,2015/07/03
1500,2015/07/04
1460,2015/07/04
1200,2015/07/05
960,2015/07/05
1700,2015/07/05
1200,2015/07/06
1000,2015/07/06
1530,2015/07/06
1000,2015/07/07
1000,2015/07/07
1770,2015/07/07
1000,2015/07/08
400,2015/07/08
1270,2015/07/08
1000,2015/07/09
1000,2015/07/09
1470,2015/07/09
1200,2015/07/10
1200,2015/07/12
1000,2015/07/12
1270,2015/07/12
1200,2015/07/13
1100,2015/07/13
1400,2015/07/13
1200,2015/07/14
1000,2015/07/14
1200,2015/07/14
1000,2015/07/15
1000,2015/07/15
1200,2015/07/15
900,2015/07/16
700,2015/07/16
1200,2015/07/16
1000,2015/07/17
500,2015/07/19
600,2015/07/20
650,2015/07/20
900,2015/07/20
800,2015/07/21
800,2015/07/21
800,2015/07/22
600,2015/07/22
1070,2015/07/22
900,2015/07/23
600,2015/07/23
800,2015/07/23
600,2015/07/24
600,2015/07/26
700,2015/07/27
1050,2015/07/27
1000,2015/07/27
800,2015/07/28
800,2015/07/28
600,2015/07/29
600,2015/07/29
600,2015/07/30
800,2015/07/30
800,2015/07/31
700,2015/07/31
1300,2015/07/31
600,2015/08/01
1000,2015/08/01
800,2015/08/02
1600,2015/08/03
1200,2015/08/03
1300,2015/08/03
1800,2015/08/04
1400,2015/08/04
1500,2015/08/04
1500,2015/08/05
1400,2015/08/05
1500,2015/08/05
1800,2015/08/06
1000,2015/08/06
1800,2015/08/06
1800,2015/08/07
1150,2015/08/07
1460,2015/08/07
1300,2015/08/09
1300,2015/08/09
1830,2015/08/09
1600,2015/08/10
1200,2015/08/10
1800,2015/08/10
1000,2015/08/11
1000,2015/08/12
1200,2015/08/12
800,2015/08/13
1000,2015/08/13
1400,2015/08/13
800,2015/08/14
1600,2015/08/14
1000,2015/08/16
600,2015/08/18
800,2015/08/19
900,2015/08/19
1300,2015/08/19
800,2015/08/20
900,2015/08/20
1040,2015/08/20
900,2015/08/21
1200,2015/08/21
1160,2015/08/21
750,2015/08/22
800,2015/08/23
600,2015/08/24
500,2015/08/24
860,2015/08/24
600,2015/08/25
500,2015/08/25
960,2015/08/25
600,2015/08/26
500,2015/08/26
900,2015/08/26
600,2015/08/27
1000,2015/08/27
930,2015/08/27
500,2015/08/28
800,2015/08/28
600,2015/08/28
700,2015/08/30
600,2015/08/31
800,2015/08/31
860,2015/08/31
600,2015/09/01
550,2015/09/01
760,2015/09/01
600,2015/09/02
800,2015/09/02
900,2015/09/02
600,2015/09/03
800,2015/09/04
700,2015/09/04
760,2015/09/04
500,2015/09/05
730,2015/09/05
800,2015/09/06
600,2015/09/06
600,2015/09/07
700,2015/09/07
1000,2015/09/07
500,2015/09/08
600,2015/09/08
1070,2015/09/08
600,2015/09/09
970,2015/09/09
600,2015/09/10
500,2015/09/10
600,2015/09/11
500,2015/09/11
840,2015/09/11
800,2015/09/14
500,2015/09/14
800,2015/09/15
800,2015/09/15
1000,2015/09/15
800,2015/09/16
800,2015/09/18
600,2015/09/18
1000,2015/09/18
800,2015/09/19
800,2015/09/20
800,2015/09/21
800,2015/09/22
1070,2015/09/22
800,2015/09/23
1400,2015/09/23
1000,2015/09/24
1200,2015/09/24
1740,2015/09/24
1300,2015/09/25
1270,2015/09/25
1400,2015/09/26
1300,2015/09/27
1800,2015/09/27
700,2015/09/28
1700,2015/09/28
1300,2015/09/29
1200,2015/09/29
1470,2015/09/29
1100,2015/09/30
1200,2015/09/30
1370,2015/09/30
1200,2015/10/01
1400,2015/10/01
1400,2015/10/01
1300,2015/10/02
1200,2015/10/03
1000,2015/10/04
1000,2015/10/04
1530,2015/10/04
800,2015/10/05
500,2015/10/05
1200,2015/10/05
1000,2015/10/06
1000,2015/10/06
1200,2015/10/07
1000,2015/10/07
1100,2015/10/08
1000,2015/10/08
1200,2015/10/08
1600,2015/10/09
1000,2015/10/09
1400,2015/10/09
1200,2015/10/11
900,2015/10/11
1600,2015/10/11
1200,2015/10/12
1250,2015/10/12
1400,2015/10/12
1200,2015/10/13
800,2015/10/13
1570,2015/10/13
1200,2015/10/14
1300,2015/10/14
1400,2015/10/14
1000,2015/10/15
700,2015/10/15
1440,2015/10/15
1000,2015/10/16
1270,2015/10/16
1360,2015/10/17
1000,2015/10/18
1300,2015/10/18
1400,2015/10/19
1600,2015/10/19
1300,2015/10/20
1400,2015/10/20
1400,2015/10/21
1530,2015/10/21
1500,2015/10/23
1070,2015/10/24
800,2015/10/27
1400,2015/10/27
700,2015/10/28
1030,2015/10/28
800,2015/10/29
800,2015/10/30
770,2015/10/30
1260,2015/10/31
1200,2015/11/01
1400,2015/11/02
1200,2015/11/03
1500,2015/11/03
1200,2015/11/04
1770,2015/11/04
1200,2015/11/05
1200,2015/11/05
1000,2015/11/06
1430,2015/11/06
1000,2015/11/08
1000,2015/11/17
2000,2015/11/17
1200,2015/11/18
1500,2015/11/18
1200,2015/11/19
1700,2015/11/19
1200,2015/11/20
1400,2015/11/21
1200,2015/11/22
1000,2015/11/23
1400,2015/11/23
800,2015/11/25
1200,2015/11/26
1000,2015/11/29
1160,2015/11/30
1000,2015/12/01
1130,2015/12/01
1200,2015/12/02
1060,2015/12/02
800,2015/12/03
1130,2015/12/03
900,2015/12/04
1060,2015/12/04
800,2015/12/07
800,2015/12/08
1060,2015/12/08
1200,2015/12/09
1130,2015/12/09
800,2015/12/10
1160,2015/12/10
1200,2015/12/11
1060,2015/12/11
1200,2015/12/13
1000,2015/12/14
1300,2015/12/14
1200,2015/12/15
930,2015/12/15
1600,2015/12/16
1260,2015/12/16
1000,2015/12/17
1260,2015/12/17
1000,2015/12/18
1260,2015/12/18
1200,2015/12/19
1200,2015/12/21
1600,2015/12/21
900,2015/12/22
1760,2015/12/22
1300,2015/12/23
1500,2015/12/23
1400,2015/12/27
2300,2015/12/29
1530,2015/12/29
1600,2015/12/30
1800,2015/12/30
1400,2015/12/31
1830,2015/12/31
1400,2016/01/01
1730,2016/01/02
1200,2016/01/03
1300,2016/01/04
1400,2016/01/04
1200,2016/01/05
1430,2016/01/05
1200,2016/01/06
1430,2016/01/06
1000,2016/01/07
1260,2016/01/07
1000,2016/01/08
1100,2016/01/08
1000,2016/01/10
1000,2016/01/11
1130,2016/01/11
1000,2016/01/12
1130,2016/01/12
1000,2016/01/13
1130,2016/01/13
1000,2016/01/14
870,2016/01/14
1400,2016/01/15
1130,2016/01/16
1000,2016/01/18
1130,2016/01/18
800,2016/01/19
1160,2016/01/19
800,2016/01/20
800,2016/01/21
830,2016/01/21
800,2016/01/22
1000,2016/01/22
800,2016/01/24
800,2016/01/25
800,2016/01/27
830,2016/01/27
800,2016/01/28
630,2016/01/28
600,2016/01/29
830,2016/01/29
650,2016/01/30
900,2016/01/31
600,2016/02/01
830,2016/02/01
600,2016/02/02
830,2016/02/02
600,2016/02/03
860,2016/02/03
600,2016/02/04
640,2016/02/04
600,2016/02/05
660,2016/02/05
530,2016/02/06
660,2016/02/07
600,2016/02/08
633,2016/02/08
600,2016/02/09
700,2016/02/09
500,2016/02/10
733,2016/02/10
600,2016/02/14
500,2016/02/15
400,2016/02/16
500,2016/02/17
560,2016/02/17
500,2016/02/18
500,2016/02/18
500,2016/02/19
530,2016/02/20
600,2016/02/21
500,2016/02/22
633,2016/02/22
500,2016/02/23
560,2016/02/23
500,2016/02/24
560,2016/02/24
500,2016/02/25
660,2016/02/25
500,2016/02/26
660,2016/02/26
700,2016/02/27
700,2016/02/28
600,2016/02/28
400,2016/02/29
760,2016/02/29
600,2016/03/01
900,2016/03/01
500,2016/03/02
700,2016/03/02
760,2016/03/03
500,2016/03/04
560,2016/03/04
600,2016/03/06
500,2016/03/08
560,2016/03/08
500,2016/03/09
700,2016/03/09
500,2016/03/10
500,2016/03/11
500,2016/03/13
800,2016/03/14
800,2016/03/15
800,2016/03/15
1000,2016/03/16
800,2016/03/17
800,2016/03/18
800,2016/03/18
560,2016/03/19
1000,2016/03/20
1100,2016/03/21
800,2016/03/21
1000,2016/03/22
930,2016/03/22
900,2016/03/23
1000,2016/03/23
1000,2016/03/27
1200,2016/03/28
1200,2016/03/29
1200,2016/03/30
1360,2016/03/30
1200,2016/03/31
1360,2016/03/31
1000,2016/04/01
1330,2016/04/01
1800,2016/04/04
1630,2016/04/04
1800,2016/04/05
1800,2016/04/05
1700,2016/04/06
1400,2016/04/07
1530,2016/04/07
1400,2016/04/10
1500,2016/04/11
1730,2016/04/11
2600,2016/04/12
2500,2016/04/13
2060,2016/04/16
2200,2016/04/17
2200,2016/04/18
1830,2016/04/18
1700,2016/04/20
1500,2016/04/21
1500,2016/04/22
1900,2016/04/22
1400,2016/04/24
1600,2016/04/25
1530,2016/04/25
1600,2016/04/26
1700,2016/04/26
1600,2016/04/27
1400,2016/04/27
1700,2016/04/28
1700,2016/04/28
1300,2016/04/29
1300,2016/04/29
1600,2016/04/30
1400,2016/05/05
1430,2016/05/05
1200,2016/05/06
1350,2016/05/06
1250,2016/05/07
1200,2016/05/08
1300,2016/05/09
1200,2016/05/09
1000,2016/05/10
1000,2016/05/10
1000,2016/05/11
1130,2016/05/11
800,2016/05/12
1400,2016/05/13
800,2016/05/13
1300,2016/05/15
1000,2016/05/16
1260,2016/05/16
800,2016/05/17
1000,2016/05/18
1400,2016/05/18
1000,2016/05/19
1600,2016/05/19
1100,2016/05/20
1000,2016/05/22
1400,2016/05/22
1000,2016/05/23
1430,2016/05/23
1200,2016/05/24
1400,2016/05/24
1200,2016/05/25
1430,2016/05/25
1400,2016/05/26
1400,2016/05/26
1200,2016/05/27
1200,2016/05/29
1200,2016/05/30
1400,2016/05/30
1300,2016/05/31
1460,2016/05/31
1600,2016/06/01
1560,2016/06/01
1600,2016/06/02
1460,2016/06/02
1600,2016/06/03
1700,2016/06/03
1500,2016/06/04
1400,2016/06/05
1330,2016/06/05
1400,2016/06/06
1700,2016/06/07
2260,2016/06/07
1600,2016/06/08
2000,2016/06/08
1800,2016/06/09
2000,2016/06/09
1300,2016/06/10
2000,2016/06/10
1900,2016/06/11
1400,2016/06/12
2500,2016/06/12
1400,2016/06/13
1650,2016/06/13
1600,2016/06/14
2130,2016/06/14
1700,2016/06/15
2660,2016/06/15
1800,2016/06/16
2400,2016/06/16
1600,2016/06/17
2200,2016/06/17
2200,2016/06/18
2000,2016/06/19
2130,2016/06/19
1700,2016/06/20
2000,2016/06/20
2000,2016/06/21
2000,2016/06/21
1700,2016/06/22
2330,2016/06/22
2300,2016/06/23
2200,2016/06/23
1700,2016/06/24
2400,2016/06/24
2500,2016/06/25
2000,2016/06/26
2330,2016/06/26
1800,2016/06/27
2200,2016/06/27
2200,2016/06/28
2400,2016/06/28
2000,2016/06/29
2100,2016/06/29
1500,2016/06/30
2130,2016/06/30
1700,2016/07/01
2200,2016/07/01
2000,2016/07/02
1800,2016/07/03
1500,2016/07/03
2930,2016/07/04
1800,2016/07/05
1960,2016/07/05
1400,2016/07/06
2260,2016/07/06
1300,2016/07/07
1800,2016/07/07
1300,2016/07/08
1730,2016/07/08
1400,2016/07/10
2130,2016/07/10
1700,2016/07/11
1860,2016/07/11
2000,2016/07/12
1300,2016/07/12
2500,2016/07/12
1400,2016/07/13
1800,2016/07/13
2430,2016/07/13
1200,2016/07/14
1200,2016/07/14
3830,2016/07/14
1800,2016/07/15
1300,2016/07/15
1830,2016/07/15
2000,2016/07/16
1300,2016/07/17
1500,2016/07/17
1500,2016/07/17
1200,2016/07/18
1100,2016/07/18
1800,2016/07/19
1200,2016/07/19
1400,2016/07/20
1200,2016/07/20
1300,2016/07/21
1200,2016/07/21
1600,2016/07/22
1400,2016/07/22
1700,2016/07/22
1300,2016/07/23
1400,2016/07/23
1200,2016/07/24
1250,2016/07/24
1200,2016/07/24
1300,2016/07/25
1200,2016/07/25
1700,2016/07/25
1400,2016/07/26
1200,2016/07/26
1500,2016/07/26
1300,2016/07/27
1300,2016/07/27
1250,2016/07/27
1000,2016/07/28
1250,2016/07/28
1070,2016/07/28
800,2016/07/29
1300,2016/07/29
1200,2016/07/30
930,2016/07/30
800,2016/07/31
800,2016/07/31
1130,2016/07/31
800,2016/08/01
900,2016/08/01
800,2016/08/01
800,2016/08/02
900,2016/08/02
1000,2016/08/02
800,2016/08/03
700,2016/08/03
1130,2016/08/03
800,2016/08/04
800,2016/08/04
800,2016/08/05
1200,2016/08/05
730,2016/08/05
1200,2016/08/06
800,2016/08/07
1150,2016/08/07
730,2016/08/07
800,2016/08/08
1200,2016/08/08
1200,2016/08/08
800,2016/08/09
900,2016/08/09
800,2016/08/10
1150,2016/08/10
600,2016/08/10
700,2016/08/11
1300,2016/08/11
1000,2016/08/11
600,2016/08/12
800,2016/08/12
900,2016/08/13
1130,2016/08/13
1000,2016/08/14
1000,2016/08/14
600,2016/08/14
1000,2016/08/15
1000,2016/08/16
1200,2016/08/16
1000,2016/08/16
1000,2016/08/17
900,2016/08/17
1400,2016/08/17
1300,2016/08/18
900,2016/08/18
1200,2016/08/18
1500,2016/08/19
900,2016/08/19
1300,2016/08/20
1330,2016/08/20
1500,2016/08/21
1400,2016/08/21
1600,2016/08/21
1400,2016/08/22
900,2016/08/22
1800,2016/08/22
1400,2016/08/23
1300,2016/08/23
1000,2016/08/24
1200,2016/08/24
1500,2016/08/24
600,2016/08/25
1100,2016/08/25
700,2016/08/26
900,2016/08/26
1000,2016/08/26
900,2016/08/27
700,2016/08/27
1200,2016/08/28
1000,2016/08/28
1000,2016/08/28
1000,2016/08/29
900,2016/08/29
960,2016/08/29
800,2016/08/30
1200,2016/08/30
1200,2016/08/30
800,2016/08/31
1200,2016/08/31
1000,2016/08/31
800,2016/09/01
1200,2016/09/01
1200,2016/09/01
600,2016/09/02
800,2016/09/02
900,2016/09/03
800,2016/09/04
1250,2016/09/04
1130,2016/09/04
700,2016/09/05
800,2016/09/05
960,2016/09/05
700,2016/09/06
800,2016/09/06
1060,2016/09/06
700,2016/09/07
700,2016/09/07
1130,2016/09/07
700,2016/09/08
700,2016/09/08
1200,2016/09/08
700,2016/09/09
1000,2016/09/09
700,2016/09/11
650,2016/09/11
1400,2016/09/11
800,2016/09/12
900,2016/09/12
700,2016/09/13
800,2016/09/13
1300,2016/09/13
600,2016/09/14
750,2016/09/14
1500,2016/09/14
800,2016/09/15
800,2016/09/15
1400,2016/09/15
1500,2016/09/16
1500,2016/09/16
600,2016/09/17
1400,2016/09/17
700,2016/09/18
900,2016/09/18
1200,2016/09/18
600,2016/09/19
900,2016/09/19
1370,2016/09/19
600,2016/09/20
1000,2016/09/20
1330,2016/09/20
900,2016/09/21
1000,2016/09/22
900,2016/09/22
1400,2016/09/22
900,2016/09/23
900,2016/09/23
1400,2016/09/23
600,2016/09/24
600,2016/09/25
1430,2016/09/25
800,2016/09/26
1100,2016/09/26
1200,2016/09/26
1000,2016/09/27
900,2016/09/27
1260,2016/09/27
1200,2016/09/28
800,2016/09/28
1330,2016/09/28
1300,2016/09/29
900,2016/09/29
1160,2016/09/29
1000,2016/09/30
800,2016/09/30
1200,2016/09/30
600,2016/10/01
1260,2016/10/01
1300,2016/10/02
700,2016/10/02
1400,2016/10/02
1400,2016/10/03
600,2016/10/03
1330,2016/10/03
1000,2016/10/04
700,2016/10/04
1300,2016/10/04
1300,2016/10/05
1100,2016/10/05
1500,2016/10/05
1400,2016/10/06
1400,2016/10/06
1300,2016/10/06
1700,2016/10/07
1000,2016/10/07
2000,2016/10/07
900,2016/10/08
1700,2016/10/08
1400,2016/10/09
800,2016/10/09
1130,2016/10/09
1400,2016/10/10
900,2016/10/10
1860,2016/10/10
1400,2016/10/11
600,2016/10/11
2000,2016/10/11
900,2016/10/12
2060,2016/10/12
1000,2016/10/13
1000,2016/10/13
2000,2016/10/13
1200,2016/10/14
1150,2016/10/14
1900,2016/10/14
900,2016/10/15
1830,2016/10/15
1400,2016/10/16
1100,2016/10/16
1600,2016/10/16
1400,2016/10/17
1100,2016/10/17
1830,2016/10/17
1600,2016/10/18
1100,2016/10/18
1830,2016/10/18
1600,2016/10/19
900,2016/10/19
1600,2016/10/19
1300,2016/10/20
1300,2016/10/20
1200,2016/10/20
1400,2016/10/21
1100,2016/10/21
1800,2016/10/21
1000,2016/10/22
1530,2016/10/22
1200,2016/10/23
1100,2016/10/23
1840,2016/10/23
1200,2016/10/24
1100,2016/10/24
1530,2016/10/24
1100,2016/10/25
1000,2016/10/25
1600,2016/10/25
1000,2016/10/26
900,2016/10/26
1460,2016/10/26
1000,2016/10/27
700,2016/10/27
1300,2016/10/27
1200,2016/10/28
600,2016/10/28
1300,2016/10/28
1050,2016/10/29
1000,2016/10/29
800,2016/10/30
800,2016/10/30
1130,2016/10/30
1000,2016/10/31
900,2016/10/31
1130,2016/10/31
800,2016/11/01
1200,2016/11/01
800,2016/11/02
1000,2016/11/02
1400,2016/11/02
800,2016/11/03
1000,2016/11/03
1130,2016/11/03
700,2016/11/04
1000,2016/11/04
860,2016/11/04
1000,2016/11/05
900,2016/11/05
700,2016/11/06
750,2016/11/06
1030,2016/11/06
500,2016/11/07
700,2016/11/07
760,2016/11/07
700,2016/11/08
600,2016/11/08
930,2016/11/08
700,2016/11/09
700,2016/11/09
960,2016/11/09
700,2016/11/10
600,2016/11/10
900,2016/11/10
700,2016/11/11
600,2016/11/11
760,2016/11/11
550,2016/11/12
800,2016/11/12
600,2016/11/13
6500,2016/11/13
830,2016/11/13
700,2016/11/14
550,2016/11/14
700,2016/11/14
800,2016/11/15
600,2016/11/15
630,2016/11/15
500,2016/11/16
700,2016/11/16
760,2016/11/16
500,2016/11/17
600,2016/11/17
730,2016/11/17
400,2016/11/18
900,2016/11/18
760,2016/11/18
700,2016/11/19
600,2016/11/19
400,2016/11/20
600,2016/11/20
670,2016/11/20
500,2016/11/21
600,2016/11/21
730,2016/11/21
400,2016/11/22
600,2016/11/22
730,2016/11/22
400,2016/11/23
700,2016/11/23
700,2016/11/23
4000,2016/11/24
730,2016/11/24
400,2016/11/25
700,2016/11/25
730,2016/11/25
700,2016/11/26
570,2016/11/26
400,2016/11/27
600,2016/11/27
730,2016/11/27
400,2016/11/28
600,2016/11/28
860,2016/11/28
500,2016/11/29
700,2016/11/29
730,2016/11/29
500,2016/11/30
600,2016/11/30
730,2016/11/30
500,2016/12/01
700,2016/12/01
670,2016/12/01
500,2016/12/02
600,2016/12/02
530,2016/12/02
600,2016/12/03
730,2016/12/03
400,2016/12/04
700,2016/12/04
560,2016/12/04
500,2016/12/05
600,2016/12/05
700,2016/12/05
400,2016/12/06
700,2016/12/06
560,2016/12/06
400,2016/12/07
600,2016/12/07
530,2016/12/07
400,2016/12/08
700,2016/12/08
600,2016/12/08
400,2016/12/09
600,2016/12/09
300,2016/12/09
600,2016/12/10
300,2016/12/10
400,2016/12/11
450,2016/12/11
600,2016/12/11
300,2016/12/12
500,2016/12/12
500,2016/12/12
400,2016/12/13
600,2016/12/13
400,2016/12/13
400,2016/12/14
500,2016/12/14
450,2016/12/14
400,2016/12/15
600,2016/12/15
500,2016/12/15
300,2016/12/16
600,2016/12/16
550,2016/12/16
600,2016/12/17
400,2016/12/17
400,2016/12/18
600,2016/12/18
400,2016/12/18
400,2016/12/19
600,2016/12/19
300,2016/12/19
1700,2016/12/20
600,2016/12/20
400,2016/12/20
400,2016/12/21
600,2016/12/21
400,2016/12/21
300,2016/12/22
600,2016/12/22
500,2016/12/23
500,2016/12/23
350,2016/12/23
600,2016/12/24
400,2016/12/24
400,2016/12/25
500,2016/12/25
700,2016/12/25
400,2016/12/26
500,2016/12/26
500,2016/12/26
500,2016/12/27
550,2016/12/27
300,2016/12/28
600,2016/12/28
750,2016/12/28
400,2016/12/29
600,2016/12/29
500,2016/12/29
300,2016/12/30
400,2016/12/30
450,2016/12/30
400,2016/12/31
550,2016/12/31
300,2017/01/01
450,2017/01/01
500,2017/01/01
500,2017/01/02
500,2017/01/02
550,2017/01/02
400,2017/01/03
500,2017/01/03
550,2017/01/03
400,2017/01/04
500,2017/01/04
550,2017/01/04
300,2017/01/05
550,2017/01/05
800,2017/01/05
400,2017/01/06
500,2017/01/06
500,2017/01/06
500,2017/01/07
400,2017/01/07
400,2017/01/08
450,2017/01/08
400,2017/01/08
400,2017/01/09
500,2017/01/09
500,2017/01/09
400,2017/01/10
500,2017/01/10
400,2017/01/10
400,2017/01/11
500,2017/01/11
500,2017/01/11
400,2017/01/12
400,2017/01/12
450,2017/01/12
400,2017/01/13
300,2017/01/13
500,2017/01/13
400,2017/01/14
700,2017/01/15
500,2017/01/15
500,2017/01/15
500,2017/01/16
400,2017/01/16
450,2017/01/16
500,2017/01/17
600,2017/01/17
400,2017/01/17
500,2017/01/18
400,2017/01/18
500,2017/01/18
400,2017/01/19
400,2017/01/19
500,2017/01/19
600,2017/01/24
400,2017/01/24
600,2017/01/24
500,2017/01/25
500,2017/01/25
600,2017/01/25
550,2017/01/26
400,2017/01/27
400,2017/01/27
700,2017/01/27
500,2017/01/28
500,2017/01/29
400,2017/01/29
600,2017/01/29
500,2017/01/30
500,2017/01/30
600,2017/01/30
500,2017/01/31
450,2017/01/31
550,2017/01/31
400,2017/02/01
400,2017/02/01
650,2017/02/01
500,2017/02/02
400,2017/02/02
500,2017/02/02
600,2017/02/03
500,2017/02/03
450,2017/02/03
500,2017/02/04
400,2017/02/04
700,2017/02/05
400,2017/02/05
550,2017/02/05
500,2017/02/06
600,2017/02/06
600,2017/02/07
500,2017/02/07
750,2017/02/07
500,2017/02/08
600,2017/02/08
500,2017/02/09
500,2017/02/09
550,2017/02/09
500,2017/02/10
500,2017/02/10
600,2017/02/11
500,2017/02/11
600,2017/02/12
500,2017/02/12
600,2017/02/12
500,2017/02/13
500,2017/02/13
550,2017/02/13
700,2017/02/14
500,2017/02/14
550,2017/02/14
500,2017/02/15
500,2017/02/15
550,2017/02/15
500,2017/02/16
500,2017/02/16
500,2017/02/16
500,2017/02/17
450,2017/02/17
400,2017/02/17
400,2017/02/18
500,2017/02/18
550,2017/02/20
500,2017/02/22
650,2017/02/22
800,2017/02/23
500,2017/02/23
850,2017/02/23
700,2017/02/24
600,2017/02/27
600,2017/02/27
1000,2017/02/27
800,2017/02/28
700,2017/02/28
950,2017/02/28
800,2017/03/01
1500,2017/03/01
600,2017/03/01
800,2017/03/02
1200,2017/03/02
850,2017/03/02
1000,2017/03/03
1000,2017/03/03
950,2017/03/03
900,2017/03/04
1200,2017/03/04
1000,2017/03/05
900,2017/03/05
1200,2017/03/05
1200,2017/03/06
1100,2017/03/06
1600,2017/03/06
1100,2017/03/07
1250,2017/03/07
1200,2017/03/08
1100,2017/03/08
1200,2017/03/08
1000,2017/03/09
1100,2017/03/09
1100,2017/03/09
1000,2017/03/10
1000,2017/03/10
1400,2017/03/10
900,2017/03/11
1400,2017/03/11
1000,2017/03/12
1000,2017/03/12
1150,2017/03/12
1200,2017/03/13
1000,2017/03/13
1000,2017/03/14
1000,2017/03/14
1000,2017/03/14
900,2017/03/15
1200,2017/03/15
2000,2017/03/15
1000,2017/03/16
1000,2017/03/16
1200,2017/03/16
1200,2017/03/17
1100,2017/03/17
1200,2017/03/17
1350,2017/03/18
1100,2017/03/19
1100,2017/03/19
1000,2017/03/20
1200,2017/03/20
1300,2017/03/20
1000,2017/03/21
1100,2017/03/21
1200,2017/03/21
1000,2017/03/22
1200,2017/03/22
1000,2017/03/23
1100,2017/03/23
1050,2017/03/23
800,2017/03/24
1200,2017/03/24
1200,2017/03/25
1100,2017/03/25
900,2017/03/26
1000,2017/03/26
1200,2017/03/26
1000,2017/03/27
1100,2017/03/27
1000,2017/03/27
1000,2017/03/28
900,2017/03/28
1100,2017/03/28
1000,2017/03/29
1000,2017/03/29
1100,2017/03/29
1000,2017/03/30
900,2017/03/30
1100,2017/03/30
800,2017/03/31
1000,2017/03/31
1000,2017/03/31
1200,2017/04/01
950,2017/04/01
1000,2017/04/02
1200,2017/04/02
1050,2017/04/02
800,2017/04/03
1300,2017/04/03
900,2017/04/03
800,2017/04/04
1200,2017/04/04
900,2017/04/04
1300,2017/04/05
1100,2017/04/05
1200,2017/04/05
1000,2017/04/06
1300,2017/04/06
1150,2017/04/06
1000,2017/04/07
1500,2017/04/07
1150,2017/04/08
1600,2017/04/08
1000,2017/04/09
1200,2017/04/09
