Modal PriceOnion,Price Date
800,2012/01/07
700,2012/01/08
700,2012/01/08
700,2012/01/09
700,2012/01/09
700,2012/01/09
750,2012/01/10
800,2012/01/10
800,2012/01/11
700,2012/01/11
700,2012/01/11
800,2012/01/12
800,2012/01/12
800,2012/01/13
800,2012/01/13
800,2012/01/14
900,2012/01/14
800,2012/01/15
850,2012/01/16
850,2012/01/16
800,2012/01/17
700,2012/01/17
850,2012/01/17
900,2012/01/18
900,2012/01/18
1000,2012/01/19
1000,2012/01/19
1000,2012/01/20
1000,2012/01/20
1000,2012/01/21
900,2012/01/21
900,2012/01/22
900,2012/01/22
800,2012/01/23
900,2012/01/23
950,2012/01/23
1000,2012/01/24
1000,2012/01/24
1000,2012/01/24
1000,2012/01/25
900,2012/01/25
900,2012/01/25
1000,2012/01/27
1000,2012/01/27
1000,2012/01/27
900,2012/01/28
1000,2012/01/29
1000,2012/01/30
1000,2012/01/30
900,2012/01/31
950,2012/01/31
900,2012/01/31
900,2012/02/01
1300,2012/02/01
1200,2012/02/01
1400,2012/02/02
1000,2012/02/02
1000,2012/02/02
800,2012/02/02
850,2012/02/03
900,2012/02/03
900,2012/02/03
1000,2012/02/04
1000,2012/02/05
900,2012/02/05
900,2012/02/06
850,2012/02/06
800,2012/02/07
800,2012/02/07
800,2012/02/08
800,2012/02/08
800,2012/02/09
800,2012/02/10
800,2012/02/10
800,2012/02/11
800,2012/02/12
800,2012/02/13
800,2012/02/13
900,2012/02/14
800,2012/02/14
800,2012/02/15
800,2012/02/15
800,2012/02/17
800,2012/02/17
800,2012/02/18
800,2012/02/19
800,2012/02/20
800,2012/02/20
800,2012/02/21
800,2012/02/21
800,2012/02/22
750,2012/02/23
750,2012/02/23
700,2012/02/23
800,2012/02/24
750,2012/02/24
800,2012/02/25
800,2012/02/26
750,2012/02/26
800,2012/02/27
700,2012/02/27
750,2012/02/28
700,2012/02/28
600,2012/02/29
700,2012/02/29
600,2012/03/01
700,2012/03/01
700,2012/03/02
700,2012/03/02
700,2012/03/03
600,2012/03/04
600,2012/03/04
600,2012/03/05
600,2012/03/06
600,2012/03/06
600,2012/03/07
600,2012/03/09
600,2012/03/12
600,2012/03/12
600,2012/03/13
700,2012/03/13
600,2012/03/14
600,2012/03/15
600,2012/03/16
600,2012/03/18
700,2012/03/19
650,2012/03/20
800,2012/03/21
750,2012/03/22
700,2012/03/23
600,2012/03/23
700,2012/03/24
700,2012/03/25
700,2012/03/25
600,2012/03/26
600,2012/03/26
650,2012/03/26
700,2012/03/27
700,2012/03/27
600,2012/03/28
800,2012/03/28
800,2012/03/29
800,2012/03/29
950,2012/03/29
1000,2012/03/30
1000,2012/03/31
900,2012/04/02
900,2012/04/03
900,2012/04/03
1000,2012/04/04
1000,2012/04/04
1000,2012/04/05
1100,2012/04/05
1100,2012/04/06
1000,2012/04/06
1000,2012/04/08
1000,2012/04/08
1000,2012/04/08
900,2012/04/09
900,2012/04/09
1100,2012/04/09
1000,2012/04/10
1100,2012/04/10
1000,2012/04/10
1000,2012/04/11
900,2012/04/12
1000,2012/04/12
1000,2012/04/12
1000,2012/04/13
1000,2012/04/13
800,2012/04/14
900,2012/04/15
1000,2012/04/16
1000,2012/04/16
1000,2012/04/17
1000,2012/04/17
1000,2012/04/17
1000,2012/04/18
1000,2012/04/18
1000,2012/04/19
1000,2012/04/20
900,2012/04/20
1000,2012/04/21
800,2012/04/22
800,2012/04/22
800,2012/04/23
800,2012/04/23
700,2012/04/23
800,2012/04/24
800,2012/04/24
700,2012/04/25
800,2012/04/26
700,2012/04/26
700,2012/04/27
700,2012/04/27
700,2012/04/28
700,2012/04/29
600,2012/04/29
600,2012/04/30
700,2012/05/02
700,2012/05/02
600,2012/05/03
550,2012/05/04
600,2012/05/07
600,2012/05/08
600,2012/05/09
600,2012/05/10
600,2012/05/10
700,2012/05/11
700,2012/05/13
700,2012/05/14
600,2012/05/14
600,2012/05/15
600,2012/05/16
550,2012/05/16
500,2012/05/17
550,2012/05/17
600,2012/05/18
600,2012/05/18
600,2012/05/19
600,2012/05/20
600,2012/05/20
600,2012/05/21
600,2012/05/21
600,2012/05/22
600,2012/05/22
600,2012/05/23
600,2012/05/23
650,2012/05/24
600,2012/05/24
600,2012/05/25
700,2012/05/25
550,2012/05/27
600,2012/05/27
600,2012/05/28
600,2012/05/29
600,2012/05/30
500,2012/05/30
600,2012/05/31
400,2012/05/31
500,2012/06/01
600,2012/06/01
600,2012/06/02
500,2012/06/03
400,2012/06/04
400,2012/06/05
500,2012/06/06
600,2012/06/07
600,2012/06/08
600,2012/06/10
550,2012/06/11
600,2012/06/12
600,2012/06/13
600,2012/06/14
550,2012/06/15
500,2012/06/17
600,2012/06/18
600,2012/06/19
550,2012/06/20
600,2012/06/22
600,2012/06/24
600,2012/06/25
600,2012/06/26
600,2012/06/27
600,2012/06/28
550,2012/06/29
1200,2012/06/29
1150,2012/06/30
1200,2012/07/01
1200,2012/07/02
1150,2012/07/03
1100,2012/07/03
1300,2012/07/04
1280,2012/07/05
1280,2012/07/06
1300,2012/07/08
1300,2012/07/09
1350,2012/07/10
1350,2012/07/10
1250,2012/07/11
1650,2012/07/12
1600,2012/07/13
1600,2012/07/15
1450,2012/07/16
1600,2012/07/17
1650,2012/07/19
1600,2012/07/20
1700,2012/07/20
1700,2012/07/22
1600,2012/07/23
1550,2012/07/24
1600,2012/07/24
1550,2012/07/25
1550,2012/07/25
1600,2012/07/26
1500,2012/07/26
1950,2012/07/27
1500,2012/07/29
900,2012/07/30
1900,2012/07/31
1800,2012/08/01
2000,2012/08/01
2000,2012/08/02
1800,2012/08/02
1800,2012/08/03
1900,2012/08/03
2000,2012/08/04
2000,2012/08/05
2100,2012/08/06
1800,2012/08/07
2100,2012/08/07
2100,2012/08/08
2100,2012/08/09
2000,2012/08/10
1900,2012/08/12
2000,2012/08/13
2100,2012/08/14
2100,2012/08/16
2200,2012/08/17
2200,2012/08/19
2300,2012/08/20
2300,2012/08/21
2600,2012/08/22
2800,2012/08/23
2800,2012/08/26
3000,2012/08/27
3300,2012/08/28
3700,2012/08/29
3600,2012/08/30
3600,2012/09/02
3500,2012/09/03
3700,2012/09/04
4000,2012/09/07
3500,2012/09/09
3700,2012/09/10
3700,2012/09/12
3600,2012/09/13
3700,2012/09/14
3700,2012/09/16
3800,2012/09/17
3900,2012/09/18
3900,2012/09/19
4200,2012/09/20
4600,2012/09/21
4800,2012/09/23
5200,2012/09/24
6000,2012/09/25
5800,2012/09/26
5000,2012/09/27
5300,2012/09/28
5200,2012/10/01
5500,2012/10/03
5300,2012/10/04
5100,2012/10/05
5100,2012/10/07
4900,2012/10/08
4900,2012/10/09
4800,2012/10/11
4800,2012/10/12
5000,2012/10/14
5400,2012/10/15
5300,2012/10/16
5300,2012/10/17
5000,2012/10/18
4800,2012/10/21
4800,2012/10/22
4800,2012/10/23
4600,2012/10/26
4200,2012/10/28
4300,2012/10/29
4200,2012/10/30
4000,2012/10/31
4000,2012/11/01
4200,2012/11/02
4400,2012/11/04
4000,2012/11/06
4300,2012/11/07
4300,2012/11/08
4200,2012/11/09
4200,2012/11/11
4000,2012/11/12
3900,2012/11/13
4100,2012/11/16
3500,2012/11/18
3600,2012/11/19
3800,2012/11/20
3600,2012/11/21
3600,2012/11/22
3500,2012/11/23
3100,2012/11/25
3200,2012/11/26
3300,2012/11/27
3200,2012/11/28
4000,2012/11/29
4000,2012/11/30
4100,2012/12/09
4300,2012/12/10
4000,2012/12/11
4300,2012/12/12
4100,2012/12/14
4000,2012/12/16
4100,2012/12/17
3800,2012/12/17
4000,2012/12/18
4400,2012/12/19
3800,2012/12/20
4200,2012/12/21
4400,2012/12/27
2000,2012/12/28
2000,2012/12/30
2200,2012/12/31
2800,2013/01/01
2300,2013/01/01
2300,2013/01/02
2300,2013/01/02
2200,2013/01/03
2200,2013/01/03
1800,2013/01/04
1700,2013/01/04
1800,2013/01/05
1700,2013/01/06
1500,2013/01/06
1500,2013/01/07
1400,2013/01/07
1400,2013/01/08
1500,2013/01/08
1600,2013/01/09
1500,2013/01/10
1500,2013/01/10
1500,2013/01/11
1500,2013/01/11
1500,2013/01/13
1400,2013/01/13
1600,2013/01/14
1800,2013/01/14
1800,2013/01/15
1900,2013/01/16
1700,2013/01/17
1600,2013/01/17
1500,2013/01/18
1600,2013/01/18
1600,2013/01/19
1600,2013/01/20
1500,2013/01/20
1500,2013/01/21
1500,2013/01/21
1400,2013/01/22
1300,2013/01/22
1400,2013/01/23
1600,2013/01/24
1500,2013/01/25
1600,2013/01/25
1500,2013/01/27
1500,2013/01/28
1500,2013/01/28
1400,2013/01/29
1500,2013/01/29
1500,2013/01/30
1500,2013/02/01
1400,2013/02/01
1400,2013/02/02
1300,2013/02/03
1200,2013/02/04
1100,2013/02/04
1100,2013/02/05
1300,2013/02/05
1100,2013/02/06
1000,2013/02/06
1000,2013/02/07
1000,2013/02/10
800,2013/02/10
900,2013/02/11
900,2013/02/12
800,2013/02/13
800,2013/02/14
800,2013/02/14
600,2013/02/15
800,2013/02/15
800,2013/02/16
600,2013/02/17
750,2013/02/17
600,2013/02/18
700,2013/02/19
800,2013/02/19
700,2013/02/20
800,2013/02/20
800,2013/02/21
800,2013/02/21
700,2013/02/24
800,2013/02/25
700,2013/02/25
650,2013/02/26
600,2013/02/26
700,2013/02/27
700,2013/03/01
700,2013/03/02
700,2013/03/03
600,2013/03/04
700,2013/03/05
600,2013/03/05
600,2013/03/07
650,2013/03/07
700,2013/03/08
700,2013/03/08
600,2013/03/09
800,2013/03/10
800,2013/03/10
800,2013/03/11
750,2013/03/11
700,2013/03/12
700,2013/03/12
700,2013/03/13
750,2013/03/13
800,2013/03/14
700,2013/03/15
700,2013/03/15
600,2013/03/16
700,2013/03/17
700,2013/03/17
700,2013/03/18
700,2013/03/18
700,2013/03/19
700,2013/03/19
800,2013/03/20
700,2013/03/20
800,2013/03/21
800,2013/03/22
830,2013/03/22
830,2013/03/23
430,2013/03/24
355,2013/03/25
400,2013/03/25
400,2013/03/26
375,2013/03/26
375,2013/03/27
470,2013/03/28
400,2013/03/28
475,2013/03/29
425,2013/03/29
450,2013/03/30
450,2013/03/31
425,2013/03/31
400,2013/04/01
400,2013/04/01
425,2013/04/01
400,2013/04/02
375,2013/04/02
375,2013/04/03
375,2013/04/03
400,2013/04/04
350,2013/04/04
350,2013/04/05
375,2013/04/06
400,2013/04/06
325,2013/04/07
350,2013/04/07
325,2013/04/07
325,2013/04/08
325,2013/04/08
325,2013/04/08
325,2013/04/09
350,2013/04/09
340,2013/04/09
365,2013/04/10
325,2013/04/10
310,2013/04/10
325,2013/04/11
350,2013/04/11
350,2013/04/12
350,2013/04/12
325,2013/04/12
325,2013/04/13
325,2013/04/14
380,2013/04/14
365,2013/04/14
325,2013/04/15
375,2013/04/15
375,2013/04/15
365,2013/04/16
360,2013/04/16
365,2013/04/16
360,2013/04/17
300,2013/04/17
380,2013/04/17
360,2013/04/18
385,2013/04/18
360,2013/04/18
350,2013/04/19
360,2013/04/19
410,2013/04/19
375,2013/04/20
400,2013/04/20
425,2013/04/21
440,2013/04/21
450,2013/04/22
475,2013/04/22
425,2013/04/22
400,2013/04/23
370,2013/04/23
420,2013/04/23
500,2013/04/24
430,2013/04/24
420,2013/04/25
420,2013/04/25
420,2013/04/25
420,2013/04/26
400,2013/04/26
375,2013/04/27
375,2013/04/28
375,2013/04/28
400,2013/04/28
350,2013/04/29
425,2013/04/29
425,2013/04/29
425,2013/04/30
420,2013/04/30
420,2013/05/02
410,2013/05/02
420,2013/05/03
420,2013/05/03
410,2013/05/03
450,2013/05/04
410,2013/05/04
410,2013/05/05
410,2013/05/05
410,2013/05/06
450,2013/05/06
420,2013/05/06
420,2013/05/07
420,2013/05/07
450,2013/05/07
420,2013/05/08
470,2013/05/08
450,2013/05/09
470,2013/05/09
450,2013/05/09
470,2013/05/10
440,2013/05/10
450,2013/05/10
450,2013/05/11
470,2013/05/12
440,2013/05/12
450,2013/05/13
480,2013/05/13
450,2013/05/13
480,2013/05/14
500,2013/05/14
515,2013/05/14
500,2013/05/15
550,2013/05/15
550,2013/05/15
550,2013/05/16
550,2013/05/16
600,2013/05/16
570,2013/05/17
580,2013/05/17
570,2013/05/18
570,2013/05/19
550,2013/05/19
570,2013/05/19
600,2013/05/20
570,2013/05/20
650,2013/05/21
600,2013/05/21
620,2013/05/21
580,2013/05/22
570,2013/05/23
650,2013/05/23
620,2013/05/23
610,2013/05/24
600,2013/05/24
650,2013/05/24
570,2013/05/25
560,2013/05/25
570,2013/05/26
650,2013/05/26
650,2013/05/26
650,2013/05/27
600,2013/05/27
620,2013/05/27
600,2013/05/28
650,2013/05/28
650,2013/05/29
620,2013/05/29
650,2013/05/29
620,2013/05/30
570,2013/05/30
570,2013/05/30
570,2013/05/31
620,2013/05/31
570,2013/06/01
620,2013/06/02
660,2013/06/09
600,2013/06/11
620,2013/06/11
600,2013/06/12
670,2013/06/13
670,2013/06/14
650,2013/06/14
670,2013/06/15
650,2013/06/16
650,2013/06/17
700,2013/06/18
700,2013/06/19
700,2013/06/19
720,2013/06/19
710,2013/06/20
720,2013/06/21
670,2013/06/21
670,2013/06/21
670,2013/06/22
670,2013/06/23
700,2013/06/23
700,2013/06/24
670,2013/06/24
650,2013/06/24
600,2013/06/25
620,2013/06/25
600,2013/06/26
600,2013/06/26
580,2013/06/27
520,2013/06/28
580,2013/06/28
600,2013/06/30
600,2013/06/30
600,2013/07/01
570,2013/07/02
1300,2013/07/03
600,2013/07/03
570,2013/07/04
570,2013/07/05
520,2013/07/05
550,2013/07/06
600,2013/07/07
570,2013/07/07
600,2013/07/08
620,2013/07/08
650,2013/07/09
600,2013/07/09
620,2013/07/10
600,2013/07/10
700,2013/07/10
700,2013/07/11
920,2013/07/12
720,2013/07/12
800,2013/07/14
750,2013/07/15
850,2013/07/15
880,2013/07/16
830,2013/07/16
930,2013/07/17
1050,2013/07/19
950,2013/07/20
950,2013/07/21
950,2013/07/22
980,2013/07/22
950,2013/07/23
1000,2013/07/23
1050,2013/07/24
1050,2013/07/25
1000,2013/07/25
900,2013/07/26
930,2013/07/26
900,2013/07/26
880,2013/07/27
900,2013/07/28
1100,2013/07/29
1000,2013/07/29
1150,2013/07/30
1150,2013/07/30
1150,2013/07/31
1230,2013/07/31
1100,2013/07/31
1100,2013/08/01
1150,2013/08/02
1130,2013/08/02
1100,2013/08/03
1250,2013/08/06
1150,2013/08/08
1350,2013/08/11
1230,2013/08/12
1250,2013/08/13
1230,2013/08/14
1350,2013/08/16
1300,2013/08/19
1280,2013/08/20
1400,2013/08/21
1300,2013/08/22
1150,2013/08/23
1150,2013/08/25
1100,2013/08/26
1200,2013/08/27
1150,2013/08/28
1050,2013/08/30
1050,2013/09/04
1100,2013/09/10
1020,2013/09/11
1050,2013/09/12
1100,2013/09/13
1050,2013/09/15
1070,2013/09/16
1050,2013/09/17
1000,2013/09/20
1050,2013/09/25
1030,2013/09/26
1000,2013/09/27
1100,2013/09/30
1350,2013/10/01
1400,2013/10/02
1280,2013/10/03
1250,2013/10/04
1230,2013/10/04
1200,2013/10/07
1200,2013/10/08
1250,2013/10/09
1320,2013/10/10
1700,2013/10/10
1150,2013/10/11
1200,2013/10/11
1180,2013/10/15
1250,2013/10/16
1150,2013/10/16
1000,2013/10/17
950,2013/10/17
1000,2013/10/18
920,2013/10/22
950,2013/10/23
1100,2013/10/24
1050,2013/10/25
950,2013/10/28
880,2013/10/30
670,2013/10/31
720,2013/11/01
700,2013/11/06
720,2013/11/07
750,2013/11/08
770,2013/11/10
800,2013/11/11
850,2013/11/12
820,2013/11/12
800,2013/11/13
870,2013/11/14
850,2013/11/18
800,2013/11/19
820,2013/11/20
800,2013/11/20
750,2013/11/22
800,2013/11/22
820,2013/11/24
850,2013/11/25
850,2013/11/25
850,2013/11/26
850,2013/11/27
780,2013/11/28
780,2013/11/29
750,2013/11/29
750,2013/12/01
700,2013/12/02
670,2013/12/03
650,2013/12/04
650,2013/12/05
720,2013/12/06
650,2013/12/09
650,2013/12/11
670,2013/12/12
730,2013/12/13
700,2013/12/14
670,2013/12/15
700,2013/12/18
700,2013/12/19
650,2013/12/20
720,2013/12/21
750,2013/12/22
750,2013/12/23
750,2013/12/23
770,2013/12/24
770,2013/12/25
800,2013/12/26
800,2013/12/26
750,2013/12/27
750,2013/12/27
770,2013/12/29
750,2013/12/29
750,2013/12/30
700,2013/12/30
750,2013/12/31
750,2013/12/31
850,2014/01/01
900,2014/01/01
950,2014/01/02
950,2014/01/02
920,2014/01/03
1020,2014/01/03
1000,2014/01/04
1200,2014/01/05
1300,2014/01/05
1200,2014/01/06
1200,2014/01/06
1200,2014/01/07
1300,2014/01/07
1300,2014/01/08
1250,2014/01/08
1200,2014/01/09
1170,2014/01/09
1300,2014/01/10
1250,2014/01/10
1250,2014/01/11
1400,2014/01/13
1400,2014/01/13
1350,2014/01/15
1550,2014/01/16
1100,2014/01/16
1620,2014/01/17
1600,2014/01/17
1500,2014/01/17
1600,2014/01/19
1650,2014/01/20
1650,2014/01/20
1800,2014/01/21
2150,2014/01/21
2000,2014/01/22
2000,2014/01/22
2000,2014/01/22
2000,2014/01/23
2050,2014/01/24
2000,2014/01/24
2000,2014/01/25
2050,2014/01/27
2050,2014/01/27
2100,2014/01/27
2150,2014/01/28
2220,2014/01/28
2700,2014/01/28
2700,2014/01/29
4500,2014/01/29
4500,2014/01/29
4850,2014/01/30
4500,2014/01/30
4300,2014/01/30
3000,2014/01/31
3500,2014/01/31
3250,2014/02/01
3400,2014/02/03
3700,2014/02/03
3700,2014/02/04
3800,2014/02/04
3700,2014/02/05
3400,2014/02/05
3350,2014/02/06
3400,2014/02/06
3900,2014/02/07
3950,2014/02/07
3350,2014/02/10
3250,2014/02/10
4500,2014/02/11
5600,2014/02/12
4200,2014/02/12
5250,2014/02/12
3400,2014/02/13
2000,2014/02/13
2150,2014/02/14
4250,2014/02/14
4200,2014/02/15
2000,2014/02/15
4000,2014/02/17
2200,2014/02/17
3950,2014/02/18
2750,2014/02/18
2700,2014/02/19
3900,2014/02/19
2900,2014/02/20
2900,2014/02/20
2875,2014/02/21
2875,2014/02/21
5600,2014/02/24
4900,2014/02/24
4375,2014/02/25
5500,2014/02/25
2700,2014/02/26
1750,2014/02/26
3400,2014/02/26
3300,2014/02/28
4750,2014/02/28
4850,2014/03/01
3150,2014/03/03
3900,2014/03/03
3950,2014/03/04
4350,2014/03/04
4250,2014/03/05
4250,2014/03/05
325,2014/03/06
2050,2014/03/06
2750,2014/03/07
3200,2014/03/07
1650,2014/03/08
1200,2014/03/09
2800,2014/03/09
2100,2014/03/10
2000,2014/03/10
950,2014/03/11
1650,2014/03/11
1150,2014/03/12
1800,2014/03/12
2150,2014/03/13
2000,2014/03/13
1100,2014/03/14
950,2014/03/14
1100,2014/03/15
950,2014/03/16
1100,2014/03/16
950,2014/03/17
950,2014/03/18
950,2014/03/18
950,2014/03/19
1000,2014/03/19
950,2014/03/20
900,2014/03/20
900,2014/03/21
900,2014/03/23
900,2014/03/24
750,2014/03/24
800,2014/03/25
800,2014/03/25
800,2014/03/26
800,2014/03/26
800,2014/03/27
800,2014/03/28
750,2014/03/28
800,2014/03/29
700,2014/03/31
650,2014/04/01
650,2014/04/01
650,2014/04/02
650,2014/04/02
550,2014/04/03
550,2014/04/03
600,2014/04/04
600,2014/04/04
550,2014/04/05
480,2014/04/07
450,2014/04/07
480,2014/04/08
500,2014/04/09
450,2014/04/09
480,2014/04/10
500,2014/04/11
500,2014/04/13
550,2014/04/14
550,2014/04/15
550,2014/04/18
550,2014/04/19
600,2014/04/20
550,2014/04/20
600,2014/04/21
600,2014/04/22
630,2014/04/22
650,2014/04/23
750,2014/04/23
730,2014/04/24
730,2014/04/24
720,2014/04/25
650,2014/04/25
700,2014/04/26
700,2014/04/27
630,2014/04/27
650,2014/04/28
680,2014/04/28
630,2014/04/29
620,2014/04/29
700,2014/04/30
700,2014/04/30
730,2014/05/02
750,2014/05/02
700,2014/05/03
750,2014/05/04
750,2014/05/04
750,2014/05/05
700,2014/05/05
650,2014/05/06
770,2014/05/06
780,2014/05/07
850,2014/05/07
800,2014/05/08
850,2014/05/08
800,2014/05/09
800,2014/05/09
800,2014/05/12
770,2014/05/12
800,2014/05/13
800,2014/05/13
900,2014/05/14
850,2014/05/15
850,2014/05/15
850,2014/05/16
850,2014/05/16
850,2014/05/17
850,2014/05/28
930,2014/06/03
850,2014/06/04
900,2014/06/05
950,2014/06/06
950,2014/06/07
1350,2014/06/08
1300,2014/06/09
1250,2014/06/10
1550,2014/06/10
1500,2014/06/11
1600,2014/06/11
1400,2014/06/12
1400,2014/06/12
1400,2014/06/13
1550,2014/06/14
1650,2014/06/15
1700,2014/06/15
1800,2014/06/16
1750,2014/06/16
1800,2014/06/17
1800,2014/06/17
1750,2014/06/18
1750,2014/06/19
1750,2014/06/20
1850,2014/06/22
1950,2014/06/22
1850,2014/06/23
1900,2014/06/23
1850,2014/06/24
1700,2014/06/24
1650,2014/06/25
1700,2014/06/25
1750,2014/06/26
1650,2014/06/26
1800,2014/06/27
1750,2014/06/27
1700,2014/06/28
1700,2014/06/29
1650,2014/06/29
1700,2014/06/30
1550,2014/06/30
1600,2014/07/01
1500,2014/07/01
1650,2014/07/02
1700,2014/07/02
1650,2014/07/03
1650,2014/07/03
1550,2014/07/04
1500,2014/07/04
1400,2014/07/05
1500,2014/07/06
1600,2014/07/06
1550,2014/07/07
1550,2014/07/07
1500,2014/07/08
1500,2014/07/08
1600,2014/07/09
1600,2014/07/09
1650,2014/07/10
1600,2014/07/10
1050,2014/07/11
1500,2014/07/11
1450,2014/07/13
1400,2014/07/13
1500,2014/07/13
1650,2014/07/14
1450,2014/07/14
1550,2014/07/14
1500,2014/07/15
1400,2014/07/15
1400,2014/07/15
1450,2014/07/16
1450,2014/07/16
1400,2014/07/16
1300,2014/07/17
1400,2014/07/17
1150,2014/07/17
1250,2014/07/18
1300,2014/07/18
1250,2014/07/18
1250,2014/07/19
1200,2014/07/20
1200,2014/07/20
1350,2014/07/21
1350,2014/07/21
1400,2014/07/21
1400,2014/07/22
1250,2014/07/22
1300,2014/07/22
1400,2014/07/23
1600,2014/07/24
1700,2014/07/24
1650,2014/07/24
1550,2014/07/25
1400,2014/07/25
1350,2014/07/26
1250,2014/07/26
1350,2014/07/27
1300,2014/07/27
1350,2014/07/27
1300,2014/07/28
1250,2014/07/28
1250,2014/07/28
1200,2014/07/29
1200,2014/07/29
1350,2014/07/30
1300,2014/07/30
1950,2014/07/30
1550,2014/07/31
1400,2014/07/31
1400,2014/07/31
1450,2014/08/01
1450,2014/08/01
1450,2014/08/02
1400,2014/08/02
1950,2014/08/03
1350,2014/08/03
1450,2014/08/03
1400,2014/08/04
1450,2014/08/04
1450,2014/08/05
1400,2014/08/06
1400,2014/08/06
1350,2014/08/06
1350,2014/08/07
1300,2014/08/07
1350,2014/08/08
1350,2014/08/08
1450,2014/08/09
1550,2014/08/09
1650,2014/08/10
1550,2014/08/10
1600,2014/08/11
1550,2014/08/12
1500,2014/08/12
1450,2014/08/13
1950,2014/08/13
1250,2014/08/13
1150,2014/08/14
1050,2014/08/14
1200,2014/08/15
1100,2014/08/16
1250,2014/08/16
1250,2014/08/17
1300,2014/08/17
1350,2014/08/17
1250,2014/08/18
1300,2014/08/18
1100,2014/08/20
1100,2014/08/20
1200,2014/08/20
1200,2014/08/21
1200,2014/08/21
1200,2014/08/22
1200,2014/08/22
1200,2014/08/24
1100,2014/08/24
1200,2014/08/24
1150,2014/08/25
1050,2014/08/25
1050,2014/08/25
1150,2014/08/26
1150,2014/08/26
1150,2014/08/27
1100,2014/08/27
1200,2014/08/27
1250,2014/08/28
1300,2014/08/28
1300,2014/08/28
1250,2014/08/29
1200,2014/08/29
1050,2014/08/30
1100,2014/08/30
1100,2014/08/31
1200,2014/08/31
1150,2014/08/31
1150,2014/09/01
1200,2014/09/01
1200,2014/09/01
1180,2014/09/02
1150,2014/09/02
1100,2014/09/02
1080,2014/09/03
1000,2014/09/03
1150,2014/09/03
1150,2014/09/04
1100,2014/09/04
1050,2014/09/04
1150,2014/09/05
1100,2014/09/05
1150,2014/09/05
1100,2014/09/06
1075,2014/09/07
1100,2014/09/07
1050,2014/09/07
1050,2014/09/08
950,2014/09/08
1000,2014/09/08
930,2014/09/10
850,2014/09/10
800,2014/09/10
800,2014/09/11
825,2014/09/11
850,2014/09/12
880,2014/09/12
900,2014/09/12
950,2014/09/13
900,2014/09/13
900,2014/09/14
950,2014/09/14
900,2014/09/14
900,2014/09/15
900,2014/09/15
1000,2014/09/15
930,2014/09/16
900,2014/09/16
630,2014/09/17
1000,2014/09/17
900,2014/09/17
980,2014/09/18
930,2014/09/18
1000,2014/09/19
900,2014/09/19
900,2014/09/19
900,2014/09/20
1050,2014/09/20
1100,2014/09/21
1050,2014/09/21
1100,2014/09/21
1250,2014/09/22
1200,2014/09/23
1100,2014/09/24
700,2014/09/24
0,2014/09/24
900,2014/09/25
0,2014/09/25
700,2014/09/26
800,2014/09/28
700,2014/09/28
900,2014/09/29
900,2014/09/30
1000,2014/10/01
900,2014/10/04
1000,2014/10/05
1000,2014/10/07
3400,2014/10/07
1000,2014/10/07
800,2014/10/08
1000,2014/10/08
900,2014/10/09
1200,2014/10/09
800,2014/10/09
800,2014/10/10
800,2014/10/10
800,2014/10/12
700,2014/10/12
800,2014/10/12
500,2014/10/13
700,2014/10/14
700,2014/10/14
600,2014/10/16
500,2014/10/16
500,2014/10/16
700,2014/10/17
700,2014/10/17
500,2014/10/17
500,2014/10/19
1000,2014/10/19
600,2014/10/20
1000,2014/10/20
1000,2014/10/21
600,2014/10/26
700,2014/10/26
600,2014/10/27
900,2014/10/28
700,2014/10/28
500,2014/10/28
900,2014/10/29
800,2014/10/29
600,2014/10/30
1000,2014/10/30
600,2014/10/30
500,2014/10/31
800,2014/10/31
500,2014/10/31
500,2014/11/01
540,2014/11/01
500,2014/11/02
500,2014/11/02
600,2014/11/02
600,2014/11/03
650,2014/11/03
700,2014/11/03
700,2014/11/05
550,2014/11/05
700,2014/11/05
700,2014/11/07
600,2014/11/09
700,2014/11/09
800,2014/11/09
550,2014/11/10
800,2014/11/10
600,2014/11/11
600,2014/11/11
600,2014/11/12
500,2014/11/12
500,2014/11/13
700,2014/11/13
600,2014/11/13
700,2014/11/14
600,2014/11/14
900,2014/11/14
700,2014/11/17
650,2014/11/17
700,2014/11/19
600,2014/11/20
600,2014/11/20
700,2014/11/20
600,2014/11/21
600,2014/11/21
700,2014/11/21
600,2014/11/23
500,2014/11/24
600,2014/11/24
600,2014/11/25
500,2014/11/25
500,2014/11/26
500,2014/11/26
500,2014/11/27
500,2014/11/27
500,2014/11/27
600,2014/11/28
550,2014/11/28
500,2014/11/29
500,2014/11/30
500,2014/11/30
500,2014/11/30
500,2014/12/01
500,2014/12/01
500,2014/12/01
500,2014/12/02
750,2014/12/02
500,2014/12/02
500,2014/12/04
500,2014/12/04
600,2014/12/05
450,2014/12/05
600,2014/12/06
600,2014/12/06
600,2014/12/07
500,2014/12/07
500,2014/12/08
600,2014/12/08
600,2014/12/09
600,2014/12/09
500,2014/12/10
600,2014/12/10
800,2014/12/11
600,2014/12/11
450,2014/12/12
450,2014/12/12
600,2014/12/14
600,2014/12/14
600,2014/12/14
600,2014/12/15
600,2014/12/15
600,2014/12/16
600,2014/12/16
600,2014/12/17
600,2014/12/17
600,2014/12/18
600,2014/12/18
500,2014/12/19
600,2014/12/19
1000,2014/12/20
1000,2014/12/21
1000,2014/12/21
1000,2014/12/22
1000,2014/12/22
1000,2014/12/23
1000,2014/12/23
1000,2014/12/24
1000,2014/12/24
1000,2014/12/26
1000,2014/12/26
1000,2014/12/28
1000,2014/12/28
800,2014/12/29
1000,2014/12/29
800,2014/12/29
1000,2014/12/30
1000,2014/12/30
900,2014/12/31
900,2014/12/31
1000,2015/01/01
1000,2015/01/01
1000,2015/01/02
1000,2015/01/02
1000,2015/01/03
1000,2015/01/05
1000,2015/01/05
1000,2015/01/06
1000,2015/01/07
1000,2015/01/07
1000,2015/01/07
1000,2015/01/08
900,2015/01/08
1000,2015/01/09
1000,2015/01/09
1000,2015/01/11
1000,2015/01/11
1000,2015/01/14
1000,2015/01/14
1000,2015/01/16
1000,2015/01/16
900,2015/01/16
1000,2015/01/16
1000,2015/01/17
900,2015/01/17
1000,2015/01/18
900,2015/01/18
1000,2015/01/18
1000,2015/01/18
1000,2015/01/18
1000,2015/01/18
1000,2015/01/19
1000,2015/01/19
1000,2015/01/20
1000,2015/01/20
400,2015/01/21
300,2015/01/21
700,2015/01/22
400,2015/01/22
500,2015/01/22
450,2015/01/25
300,2015/01/27
400,2015/01/27
400,2015/01/28
450,2015/01/28
400,2015/01/29
400,2015/01/29
480,2015/01/30
500,2015/01/30
525,2015/01/30
450,2015/01/31
450,2015/01/31
370,2015/02/01
625,2015/02/01
900,2015/02/02
900,2015/02/02
800,2015/02/03
1000,2015/02/03
1000,2015/02/03
1000,2015/02/04
950,2015/02/04
1100,2015/02/05
1000,2015/02/05
1050,2015/02/05
1100,2015/02/06
1050,2015/02/06
1050,2015/02/06
1250,2015/02/08
1200,2015/02/09
1200,2015/02/09
1450,2015/02/10
1500,2015/02/10
1700,2015/02/11
1300,2015/02/11
1400,2015/02/11
1400,2015/02/12
1350,2015/02/12
1200,2015/02/12
1450,2015/02/13
1500,2015/02/13
2300,2015/02/13
1600,2015/02/15
1250,2015/02/15
1400,2015/02/16
1450,2015/02/16
1500,2015/02/16
1950,2015/02/18
1750,2015/02/18
1350,2015/02/18
1900,2015/02/24
1600,2015/02/25
1500,2015/02/25
1700,2015/02/26
2200,2015/02/28
1800,2015/03/01
2000,2015/03/02
1800,2015/03/02
1800,2015/03/02
2100,2015/03/03
2000,2015/03/03
1800,2015/03/04
2000,2015/03/04
1960,2015/03/04
2000,2015/03/05
1500,2015/03/05
2000,2015/03/07
800,2015/03/07
2000,2015/03/08
2200,2015/03/08
2400,2015/03/08
2400,2015/03/09
2000,2015/03/09
2200,2015/03/09
2800,2015/03/10
2500,2015/03/10
2500,2015/03/11
2500,2015/03/11
2600,2015/03/12
3800,2015/03/12
4000,2015/03/13
3800,2015/03/13
3500,2015/03/14
3200,2015/03/14
3800,2015/03/15
2500,2015/03/15
3800,2015/03/16
3200,2015/03/16
3000,2015/03/17
3500,2015/03/17
3800,2015/03/17
2300,2015/03/18
5000,2015/03/19
5000,2015/03/19
5500,2015/03/19
4500,2015/03/20
7000,2015/03/20
5500,2015/03/22
6300,2015/03/23
6000,2015/03/23
6000,2015/03/23
6000,2015/03/24
4000,2015/03/24
5000,2015/03/25
2000,2015/03/25
4500,2015/03/26
4500,2015/03/26
5200,2015/03/26
4000,2015/03/27
6000,2015/03/27
4000,2015/03/29
2500,2015/03/29
2000,2015/03/30
2000,2015/03/30
2500,2015/03/31
3500,2015/03/31
3500,2015/03/31
2000,2015/04/01
1800,2015/04/01
4500,2015/04/01
1500,2015/04/02
800,2015/04/02
850,2015/04/02
750,2015/04/03
800,2015/04/03
850,2015/04/03
900,2015/04/04
750,2015/04/05
850,2015/04/05
1000,2015/04/05
850,2015/04/06
900,2015/04/06
900,2015/04/06
950,2015/04/07
900,2015/04/07
1100,2015/04/07
950,2015/04/08
850,2015/04/09
650,2015/04/09
950,2015/04/10
900,2015/04/10
800,2015/04/10
750,2015/04/12
300,2015/04/12
300,2015/04/12
250,2015/04/13
300,2015/04/15
450,2015/04/15
400,2015/04/15
350,2015/04/16
300,2015/04/16
400,2015/04/16
700,2015/04/17
450,2015/04/17
450,2015/04/18
550,2015/04/18
350,2015/04/19
400,2015/04/19
450,2015/04/19
400,2015/04/23
400,2015/04/23
300,2015/04/23
350,2015/04/24
350,2015/04/24
300,2015/04/24
450,2015/04/26
450,2015/04/26
300,2015/04/26
350,2015/04/27
300,2015/04/27
350,2015/04/27
350,2015/04/28
350,2015/04/28
300,2015/04/29
350,2015/04/29
350,2015/04/29
400,2015/05/03
300,2015/05/05
350,2015/05/05
350,2015/05/05
300,2015/05/06
300,2015/05/06
300,2015/05/06
350,2015/05/08
300,2015/05/08
300,2015/05/08
350,2015/05/10
350,2015/05/10
300,2015/05/10
350,2015/05/11
300,2015/05/13
250,2015/05/13
350,2015/05/13
300,2015/05/13
300,2015/05/13
340,2015/05/14
350,2015/05/14
320,2015/05/14
350,2015/05/15
350,2015/05/15
350,2015/05/15
450,2015/05/16
400,2015/05/16
450,2015/05/17
350,2015/05/17
450,2015/05/17
300,2015/05/18
400,2015/05/18
400,2015/05/18
450,2015/05/19
400,2015/05/19
400,2015/05/19
400,2015/05/20
400,2015/05/20
400,2015/05/21
350,2015/05/21
350,2015/05/21
300,2015/05/22
350,2015/05/22
350,2015/05/22
350,2015/05/24
350,2015/05/24
375,2015/05/24
450,2015/05/25
400,2015/05/25
350,2015/05/25
350,2015/05/26
375,2015/05/26
325,2015/05/27
425,2015/05/27
350,2015/05/28
350,2015/05/28
450,2015/05/29
250,2015/05/29
450,2015/05/29
400,2015/05/30
350,2015/05/31
350,2015/06/01
350,2015/06/01
400,2015/06/02
350,2015/06/02
350,2015/06/02
400,2015/06/03
450,2015/06/03
400,2015/06/03
500,2015/06/04
550,2015/06/04
450,2015/06/05
475,2015/06/05
500,2015/06/06
550,2015/06/07
850,2015/06/07
600,2015/06/07
550,2015/06/08
550,2015/06/09
600,2015/06/09
600,2015/06/09
550,2015/06/10
600,2015/06/10
1050,2015/06/11
950,2015/06/11
600,2015/06/11
950,2015/06/12
1000,2015/06/12
950,2015/06/12
950,2015/06/13
1050,2015/06/13
1000,2015/06/14
1100,2015/06/14
800,2015/06/14
1400,2015/06/15
1150,2015/06/15
1150,2015/06/15
1000,2015/06/16
950,2015/06/16
1050,2015/06/16
950,2015/06/17
1200,2015/06/17
1050,2015/06/17
1300,2015/06/18
1100,2015/06/18
1200,2015/06/18
1250,2015/06/19
1400,2015/06/19
1300,2015/06/19
1100,2015/06/20
1200,2015/06/20
1350,2015/06/21
1400,2015/06/21
1150,2015/06/21
1050,2015/06/23
1200,2015/06/25
1100,2015/06/25
1000,2015/06/25
750,2015/06/26
900,2015/06/26
900,2015/06/26
950,2015/06/27
980,2015/06/27
1000,2015/06/29
950,2015/06/29
1000,2015/06/29
1200,2015/06/30
900,2015/06/30
900,2015/06/30
1000,2015/07/01
850,2015/07/01
900,2015/07/01
850,2015/07/02
650,2015/07/02
650,2015/07/02
750,2015/07/03
800,2015/07/03
625,2015/07/03
650,2015/07/04
750,2015/07/04
700,2015/07/05
850,2015/07/05
700,2015/07/05
800,2015/07/06
1100,2015/07/06
850,2015/07/06
750,2015/07/07
900,2015/07/07
950,2015/07/07
800,2015/07/08
950,2015/07/08
800,2015/07/08
850,2015/07/09
750,2015/07/09
850,2015/07/09
900,2015/07/10
900,2015/07/12
1200,2015/07/12
900,2015/07/12
900,2015/07/13
950,2015/07/13
980,2015/07/14
850,2015/07/14
850,2015/07/14
800,2015/07/15
650,2015/07/15
800,2015/07/15
800,2015/07/16
850,2015/07/16
750,2015/07/16
600,2015/07/17
700,2015/07/19
600,2015/07/20
700,2015/07/20
650,2015/07/20
700,2015/07/21
800,2015/07/21
800,2015/07/21
750,2015/07/22
750,2015/07/22
800,2015/07/22
850,2015/07/23
800,2015/07/23
750,2015/07/23
700,2015/07/24
700,2015/07/26
650,2015/07/27
700,2015/07/27
850,2015/07/28
700,2015/07/28
900,2015/07/28
750,2015/07/29
950,2015/07/29
900,2015/07/29
800,2015/07/30
700,2015/07/30
750,2015/07/30
800,2015/07/31
850,2015/07/31
750,2015/07/31
750,2015/08/01
450,2015/08/01
800,2015/08/02
1000,2015/08/03
1000,2015/08/03
1000,2015/08/03
1100,2015/08/04
1200,2015/08/04
1150,2015/08/04
1350,2015/08/05
1150,2015/08/05
1150,2015/08/05
1250,2015/08/06
1600,2015/08/06
1200,2015/08/06
1100,2015/08/07
1600,2015/08/07
1250,2015/08/07
1500,2015/08/09
1400,2015/08/09
1400,2015/08/09
1200,2015/08/10
1650,2015/08/10
1650,2015/08/10
1250,2015/08/11
1700,2015/08/12
1400,2015/08/12
1300,2015/08/13
1850,2015/08/13
2000,2015/08/13
2200,2015/08/14
2150,2015/08/14
2250,2015/08/16
2350,2015/08/19
2150,2015/08/19
2450,2015/08/19
2600,2015/08/20
2150,2015/08/20
1950,2015/08/20
4000,2015/08/21
2200,2015/08/21
3000,2015/08/21
2000,2015/08/22
1600,2015/08/23
1500,2015/08/24
3000,2015/08/24
2750,2015/08/24
2100,2015/08/25
1500,2015/08/25
2500,2015/08/25
1750,2015/08/26
1300,2015/08/26
1750,2015/08/26
2000,2015/08/27
1200,2015/08/27
1000,2015/08/27
1000,2015/08/28
1250,2015/08/28
750,2015/08/30
900,2015/08/31
1000,2015/08/31
600,2015/08/31
1200,2015/09/01
1500,2015/09/01
1150,2015/09/01
800,2015/09/02
1000,2015/09/02
1600,2015/09/02
1200,2015/09/03
1100,2015/09/04
400,2015/09/04
600,2015/09/05
850,2015/09/05
800,2015/09/06
1000,2015/09/06
750,2015/09/07
600,2015/09/07
900,2015/09/08
800,2015/09/08
750,2015/09/09
700,2015/09/09
600,2015/09/10
650,2015/09/10
650,2015/09/11
650,2015/09/11
500,2015/09/14
550,2015/09/15
500,2015/09/15
700,2015/09/15
550,2015/09/16
400,2015/09/18
500,2015/09/19
600,2015/09/20
500,2015/09/21
600,2015/09/22
500,2015/09/23
300,2015/09/23
500,2015/09/24
450,2015/09/24
400,2015/09/24
350,2015/09/25
350,2015/09/25
350,2015/09/27
400,2015/09/27
450,2015/09/28
400,2015/09/29
400,2015/09/29
450,2015/09/29
350,2015/09/30
350,2015/09/30
550,2015/09/30
400,2015/10/01
400,2015/10/01
500,2015/10/02
400,2015/10/04
550,2015/10/04
500,2015/10/04
550,2015/10/05
550,2015/10/06
550,2015/10/06
500,2015/10/07
500,2015/10/07
500,2015/10/08
500,2015/10/08
700,2015/10/09
600,2015/10/11
650,2015/10/11
600,2015/10/11
550,2015/10/12
560,2015/10/12
800,2015/10/13
500,2015/10/13
500,2015/10/14
600,2015/10/14
540,2015/10/14
400,2015/10/15
500,2015/10/15
600,2015/10/15
500,2015/10/16
600,2015/10/16
500,2015/10/18
550,2015/10/18
600,2015/10/19
500,2015/10/20
450,2015/10/21
450,2015/10/21
550,2015/10/27
450,2015/10/27
450,2015/10/28
600,2015/10/28
550,2015/10/29
400,2015/10/30
600,2015/10/30
650,2015/11/01
750,2015/11/02
800,2015/11/03
800,2015/11/03
550,2015/11/04
750,2015/11/04
600,2015/11/05
650,2015/11/05
700,2015/11/06
650,2015/11/06
650,2015/11/08
600,2015/11/15
550,2015/11/17
700,2015/11/18
650,2015/11/18
550,2015/11/19
650,2015/11/19
550,2015/11/20
700,2015/11/22
650,2015/11/23
700,2015/11/23
400,2015/11/25
750,2015/11/26
750,2015/11/27
650,2015/11/29
1050,2015/11/30
1200,2015/12/01
1200,2015/12/01
1050,2015/12/02
1300,2015/12/02
900,2015/12/03
1050,2015/12/03
1050,2015/12/04
1200,2015/12/04
1300,2015/12/07
1100,2015/12/08
1150,2015/12/09
900,2015/12/09
1250,2015/12/10
1550,2015/12/10
950,2015/12/11
1450,2015/12/11
1500,2015/12/13
1000,2015/12/14
1500,2015/12/15
1150,2015/12/16
1800,2015/12/17
1400,2015/12/18
1550,2015/12/21
1650,2015/12/22
1150,2015/12/22
1300,2015/12/23
1650,2015/12/27
2000,2015/12/29
1800,2015/12/30
1300,2015/12/30
1900,2015/12/31
1750,2015/12/31
2050,2016/01/01
1850,2016/01/02
2050,2016/01/03
1300,2016/01/04
2150,2016/01/05
2000,2016/01/06
1750,2016/01/07
1600,2016/01/08
1650,2016/01/08
1750,2016/01/10
2000,2016/01/11
1450,2016/01/11
1750,2016/01/12
2000,2016/01/13
1500,2016/01/14
1500,2016/01/15
1950,2016/01/18
1750,2016/01/19
1600,2016/01/20
1500,2016/01/21
1150,2016/01/22
1700,2016/01/24
1600,2016/01/25
900,2016/01/27
1600,2016/01/27
2350,2016/01/28
1300,2016/01/29
1200,2016/01/30
1550,2016/01/31
1350,2016/02/01
1400,2016/02/01
1400,2016/02/02
1400,2016/02/03
1200,2016/02/04
1400,2016/02/05
1500,2016/02/05
1300,2016/02/07
1500,2016/02/08
1200,2016/02/08
1300,2016/02/09
1400,2016/02/09
1300,2016/02/10
1350,2016/02/10
1300,2016/02/14
1300,2016/02/15
1200,2016/02/16
1400,2016/02/17
1300,2016/02/17
1600,2016/02/18
800,2016/02/18
1350,2016/02/19
1200,2016/02/20
1400,2016/02/21
1350,2016/02/22
1350,2016/02/22
1250,2016/02/23
1400,2016/02/23
1600,2016/02/24
1350,2016/02/24
1350,2016/02/25
1100,2016/02/25
1000,2016/02/26
1050,2016/02/26
1100,2016/02/27
1050,2016/02/28
850,2016/02/28
1050,2016/02/29
950,2016/02/29
900,2016/03/01
1100,2016/03/02
900,2016/03/02
1250,2016/03/03
1500,2016/03/04
750,2016/03/04
1100,2016/03/06
1100,2016/03/08
1000,2016/03/08
1250,2016/03/09
1300,2016/03/09
1150,2016/03/10
1300,2016/03/10
1100,2016/03/11
2100,2016/03/13
1850,2016/03/14
1600,2016/03/15
1650,2016/03/15
1500,2016/03/16
1450,2016/03/17
1200,2016/03/18
1300,2016/03/18
2200,2016/03/19
1500,2016/03/20
1300,2016/03/21
1500,2016/03/21
1200,2016/03/22
1000,2016/03/22
1650,2016/03/23
1500,2016/03/23
1250,2016/03/27
1550,2016/03/28
1800,2016/03/29
1600,2016/03/30
1150,2016/03/30
2000,2016/03/31
1300,2016/03/31
1700,2016/04/01
1200,2016/04/01
1500,2016/04/04
1500,2016/04/04
1400,2016/04/05
1750,2016/04/05
1500,2016/04/06
1300,2016/04/07
2000,2016/04/07
1500,2016/04/10
1800,2016/04/11
1350,2016/04/11
2200,2016/04/12
2000,2016/04/13
1200,2016/04/16
1500,2016/04/17
1200,2016/04/18
2300,2016/04/18
2300,2016/04/20
1850,2016/04/21
1150,2016/04/22
1750,2016/04/22
1500,2016/04/24
1100,2016/04/25
1100,2016/04/25
950,2016/04/26
750,2016/04/26
1200,2016/04/27
1200,2016/04/27
950,2016/04/28
800,2016/04/28
800,2016/04/29
1500,2016/04/29
1500,2016/04/30
950,2016/05/05
950,2016/05/05
900,2016/05/06
900,2016/05/06
1050,2016/05/07
1400,2016/05/08
900,2016/05/09
950,2016/05/09
1100,2016/05/10
1450,2016/05/10
850,2016/05/11
1050,2016/05/11
950,2016/05/12
1000,2016/05/13
850,2016/05/13
950,2016/05/15
1000,2016/05/16
1200,2016/05/16
1050,2016/05/17
1000,2016/05/17
1000,2016/05/18
1050,2016/05/18
1000,2016/05/19
1000,2016/05/19
1000,2016/05/20
950,2016/05/20
1000,2016/05/22
1350,2016/05/22
1350,2016/05/23
1100,2016/05/23
950,2016/05/24
1050,2016/05/24
1250,2016/05/25
1050,2016/05/25
1250,2016/05/26
950,2016/05/26
1100,2016/05/27
1000,2016/05/27
1050,2016/05/29
1500,2016/05/30
1250,2016/05/30
1500,2016/05/31
1100,2016/05/31
820,2016/06/01
850,2016/06/02
800,2016/06/02
850,2016/06/03
1100,2016/06/03
800,2016/06/04
900,2016/06/05
1100,2016/06/05
700,2016/06/06
700,2016/06/06
700,2016/06/07
700,2016/06/07
760,2016/06/08
660,2016/06/08
660,2016/06/09
680,2016/06/09
700,2016/06/10
700,2016/06/10
680,2016/06/11
650,2016/06/12
660,2016/06/12
650,2016/06/13
666,2016/06/13
500,2016/06/14
560,2016/06/14
850,2016/06/15
760,2016/06/16
700,2016/06/16
700,2016/06/17
700,2016/06/17
760,2016/06/18
650,2016/06/19
750,2016/06/19
466,2016/06/20
550,2016/06/20
800,2016/06/21
760,2016/06/21
750,2016/06/22
830,2016/06/22
500,2016/06/23
900,2016/06/23
950,2016/06/24
860,2016/06/24
800,2016/06/26
700,2016/06/26
730,2016/06/27
810,2016/06/27
1000,2016/06/28
400,2016/06/28
800,2016/06/29
800,2016/06/30
900,2016/06/30
700,2016/07/01
630,2016/07/01
860,2016/07/02
700,2016/07/03
1000,2016/07/05
900,2016/07/05
500,2016/07/06
760,2016/07/06
1000,2016/07/07
850,2016/07/07
1000,2016/07/08
780,2016/07/08
1100,2016/07/10
1060,2016/07/10
500,2016/07/11
950,2016/07/11
970,2016/07/12
830,2016/07/12
1400,2016/07/12
1200,2016/07/13
860,2016/07/13
830,2016/07/13
770,2016/07/14
700,2016/07/14
930,2016/07/14
1000,2016/07/15
770,2016/07/15
730,2016/07/15
900,2016/07/16
900,2016/07/17
810,2016/07/17
760,2016/07/18
770,2016/07/18
700,2016/07/18
730,2016/07/19
660,2016/07/19
710,2016/07/19
700,2016/07/20
750,2016/07/20
850,2016/07/21
800,2016/07/21
730,2016/07/22
780,2016/07/22
880,2016/07/22
750,2016/07/23
600,2016/07/24
660,2016/07/24
700,2016/07/25
700,2016/07/25
660,2016/07/26
800,2016/07/27
600,2016/07/27
675,2016/07/28
630,2016/07/28
600,2016/07/28
600,2016/07/29
880,2016/07/30
600,2016/07/31
750,2016/07/31
670,2016/08/01
670,2016/08/01
750,2016/08/02
500,2016/08/02
570,2016/08/03
670,2016/08/03
670,2016/08/04
700,2016/08/04
670,2016/08/04
670,2016/08/05
600,2016/08/05
670,2016/08/05
530,2016/08/06
500,2016/08/07
500,2016/08/07
500,2016/08/08
480,2016/08/08
530,2016/08/08
600,2016/08/09
650,2016/08/09
630,2016/08/09
600,2016/08/10
600,2016/08/10
600,2016/08/11
470,2016/08/11
670,2016/08/12
670,2016/08/12
600,2016/08/12
770,2016/08/13
700,2016/08/14
630,2016/08/14
750,2016/08/14
730,2016/08/15
600,2016/08/16
570,2016/08/16
570,2016/08/17
700,2016/08/17
700,2016/08/18
600,2016/08/18
670,2016/08/19
660,2016/08/19
650,2016/08/20
600,2016/08/21
600,2016/08/21
760,2016/08/21
800,2016/08/22
800,2016/08/22
700,2016/08/22
700,2016/08/23
750,2016/08/23
860,2016/08/23
670,2016/08/24
770,2016/08/24
800,2016/08/24
760,2016/08/25
1000,2016/08/25
800,2016/08/26
800,2016/08/26
760,2016/08/28
800,2016/08/28
500,2016/08/29
730,2016/08/29
700,2016/08/30
730,2016/08/30
900,2016/08/30
800,2016/08/31
700,2016/08/31
700,2016/09/01
630,2016/09/01
700,2016/09/02
700,2016/09/03
700,2016/09/06
400,2016/09/06
600,2016/09/07
750,2016/09/08
700,2016/09/08
700,2016/09/08
650,2016/09/09
600,2016/09/11
500,2016/09/11
600,2016/09/12
700,2016/09/12
800,2016/09/12
600,2016/09/13
750,2016/09/13
700,2016/09/14
650,2016/09/14
600,2016/09/14
650,2016/09/15
650,2016/09/17
600,2016/09/18
630,2016/09/18
700,2016/09/19
650,2016/09/19
600,2016/09/20
600,2016/09/20
650,2016/09/20
625,2016/09/22
650,2016/09/22
650,2016/09/23
600,2016/09/23
650,2016/09/25
600,2016/09/26
600,2016/09/26
600,2016/09/27
650,2016/09/27
650,2016/09/28
600,2016/09/28
600,2016/09/29
550,2016/09/29
550,2016/09/29
550,2016/09/30
600,2016/09/30
550,2016/09/30
600,2016/10/01
550,2016/10/02
600,2016/10/02
600,2016/10/02
600,2016/10/03
600,2016/10/03
600,2016/10/04
550,2016/10/05
600,2016/10/05
600,2016/10/06
600,2016/10/06
600,2016/10/07
600,2016/10/07
600,2016/10/07
600,2016/10/09
600,2016/10/09
550,2016/10/09
600,2016/10/10
600,2016/10/10
650,2016/10/11
550,2016/10/11
600,2016/10/12
650,2016/10/13
600,2016/10/13
650,2016/10/14
1200,2016/10/14
1200,2016/10/14
1150,2016/10/15
1450,2016/10/15
1400,2016/10/16
1300,2016/10/16
1150,2016/10/16
1600,2016/10/17
1150,2016/10/17
1100,2016/10/17
1500,2016/10/18
1400,2016/10/18
1800,2016/10/18
1800,2016/10/19
1700,2016/10/19
2100,2016/10/19
1800,2016/10/20
2100,2016/10/20
1700,2016/10/20
2100,2016/10/21
1400,2016/10/21
1250,2016/10/21
1600,2016/10/22
1450,2016/10/22
1250,2016/10/23
1550,2016/10/23
1900,2016/10/23
1750,2016/10/24
1750,2016/10/24
1850,2016/10/24
1850,2016/10/25
1600,2016/10/25
1800,2016/10/26
1770,2016/10/26
1930,2016/10/26
1750,2016/10/27
1650,2016/10/27
1930,2016/10/27
1860,2016/10/28
1708,2016/10/28
1970,2016/10/28
1900,2016/10/29
1900,2016/10/29
1900,2016/10/30
1900,2016/10/30
1900,2016/10/30
2200,2016/10/31
2160,2016/11/01
2200,2016/11/02
2400,2016/11/02
3000,2016/11/02
3200,2016/11/03
3400,2016/11/03
2960,2016/11/03
3100,2016/11/04
3160,2016/11/04
3700,2016/11/04
3600,2016/11/05
3530,2016/11/06
3330,2016/11/06
3460,2016/11/06
3630,2016/11/07
3460,2016/11/07
3630,2016/11/07
4130,2016/11/08
4160,2016/11/08
4700,2016/11/08
5330,2016/11/09
5200,2016/11/09
5160,2016/11/09
5160,2016/11/10
5000,2016/11/10
5000,2016/11/10
5100,2016/11/11
5660,2016/11/11
4960,2016/11/11
5000,2016/11/12
4500,2016/11/12
4500,2016/11/13
5200,2016/11/13
4300,2016/11/13
5000,2016/11/14
3500,2016/11/14
4000,2016/11/14
3140,2016/11/15
3590,2016/11/15
2600,2016/11/16
3560,2016/11/16
3500,2016/11/16
4000,2016/11/17
2500,2016/11/17
1600,2016/11/17
3500,2016/11/18
1200,2016/11/18
2500,2016/11/18
3400,2016/11/19
1400,2016/11/19
4000,2016/11/20
1560,2016/11/20
4000,2016/11/20
4000,2016/11/21
3000,2016/11/21
4000,2016/11/22
4000,2016/11/22
3400,2016/11/22
4000,2016/11/23
4000,2016/11/23
4000,2016/11/23
4000,2016/11/24
700,2016/11/24
4000,2016/11/25
3060,2016/11/25
3160,2016/11/25
3030,2016/11/26
1400,2016/11/26
1200,2016/11/27
1100,2016/11/27
1400,2016/11/27
1200,2016/11/28
1400,2016/11/28
1800,2016/11/28
1200,2016/11/29
700,2016/11/29
1500,2016/11/30
1200,2016/11/30
1100,2016/11/30
950,2016/12/01
930,2016/12/01
640,2016/12/01
730,2016/12/02
780,2016/12/02
860,2016/12/02
630,2016/12/03
730,2016/12/03
630,2016/12/04
730,2016/12/04
700,2016/12/04
730,2016/12/05
930,2016/12/05
760,2016/12/06
600,2016/12/06
660,2016/12/07
630,2016/12/07
500,2016/12/07
730,2016/12/08
930,2016/12/08
700,2016/12/08
680,2016/12/09
660,2016/12/09
660,2016/12/09
666,2016/12/10
660,2016/12/10
660,2016/12/11
700,2016/12/11
830,2016/12/11
800,2016/12/12
800,2016/12/12
730,2016/12/12
760,2016/12/13
760,2016/12/13
660,2016/12/13
760,2016/12/14
700,2016/12/14
650,2016/12/14
700,2016/12/15
740,2016/12/15
700,2016/12/15
700,2016/12/16
700,2016/12/16
1350,2016/12/17
1000,2016/12/18
1050,2016/12/18
1050,2016/12/19
1000,2016/12/19
1200,2016/12/20
1100,2016/12/20
1050,2016/12/20
1050,2016/12/21
1050,2016/12/21
1100,2016/12/22
1000,2016/12/22
1100,2016/12/23
1000,2016/12/23
1050,2016/12/23
1000,2016/12/24
1100,2016/12/25
1100,2016/12/25
1000,2016/12/26
2100,2016/12/26
1250,2016/12/27
1300,2016/12/27
950,2016/12/28
1150,2016/12/28
1350,2016/12/29
450,2016/12/29
600,2016/12/30
500,2016/12/30
500,2016/12/31
550,2017/01/01
500,2017/01/01
500,2017/01/02
550,2017/01/02
550,2017/01/02
550,2017/01/03
1400,2017/01/03
1200,2017/01/04
950,2017/01/04
1150,2017/01/05
1300,2017/01/05
1200,2017/01/06
1100,2017/01/06
1050,2017/01/07
1400,2017/01/08
1300,2017/01/08
1100,2017/01/09
1050,2017/01/09
1050,2017/01/09
1350,2017/01/10
950,2017/01/10
950,2017/01/11
950,2017/01/11
925,2017/01/12
850,2017/01/12
1000,2017/01/13
950,2017/01/13
1050,2017/01/15
1000,2017/01/15
850,2017/01/16
900,2017/01/16
950,2017/01/17
950,2017/01/17
1000,2017/01/18
925,2017/01/18
900,2017/01/19
950,2017/01/19
750,2017/01/24
925,2017/01/24
1000,2017/01/25
900,2017/01/25
900,2017/01/27
900,2017/01/27
950,2017/01/28
950,2017/01/29
800,2017/01/29
1000,2017/01/29
950,2017/01/30
1000,2017/01/30
800,2017/01/31
950,2017/01/31
1500,2017/01/31
950,2017/02/01
950,2017/02/01
1000,2017/02/02
1000,2017/02/02
1000,2017/02/02
1600,2017/02/03
1150,2017/02/03
1300,2017/02/04
1300,2017/02/04
1500,2017/02/05
1500,2017/02/05
1600,2017/02/05
1450,2017/02/06
1500,2017/02/06
1700,2017/02/06
2000,2017/02/07
2200,2017/02/07
2150,2017/02/08
2250,2017/02/08
1900,2017/02/09
2450,2017/02/09
2700,2017/02/09
1850,2017/02/10
2550,2017/02/10
2600,2017/02/10
2450,2017/02/11
2550,2017/02/12
750,2017/02/12
750,2017/02/12
800,2017/02/13
800,2017/02/13
1000,2017/02/13
800,2017/02/14
850,2017/02/14
600,2017/02/15
550,2017/02/15
500,2017/02/15
1200,2017/02/16
700,2017/02/16
2150,2017/02/16
2100,2017/02/17
2050,2017/02/17
2150,2017/02/17
2250,2017/02/18
1600,2017/02/18
2150,2017/02/22
2200,2017/02/22
1850,2017/02/23
1750,2017/02/23
2150,2017/02/23
1900,2017/02/27
2000,2017/02/27
2000,2017/02/27
2000,2017/02/28
1800,2017/02/28
1700,2017/02/28
1950,2017/03/01
1850,2017/03/01
1500,2017/03/01
2000,2017/03/02
1700,2017/03/02
1350,2017/03/02
1700,2017/03/03
1400,2017/03/03
2000,2017/03/03
1700,2017/03/04
1550,2017/03/05
1600,2017/03/05
1700,2017/03/05
1700,2017/03/06
1700,2017/03/06
1650,2017/03/06
1700,2017/03/07
1750,2017/03/07
1700,2017/03/07
1250,2017/03/08
1600,2017/03/08
1700,2017/03/08
1650,2017/03/09
1750,2017/03/09
1500,2017/03/09
1300,2017/03/10
1750,2017/03/10
1750,2017/03/10
1600,2017/03/11
1300,2017/03/12
1800,2017/03/12
600,2017/03/12
1600,2017/03/13
1500,2017/03/13
1900,2017/03/14
1700,2017/03/14
1650,2017/03/14
1050,2017/03/15
1600,2017/03/15
1250,2017/03/15
1150,2017/03/16
1200,2017/03/16
1600,2017/03/16
1450,2017/03/17
1450,2017/03/17
700,2017/03/17
1400,2017/03/19
1000,2017/03/19
1300,2017/03/19
1400,2017/03/20
1500,2017/03/20
1200,2017/03/20
1500,2017/03/21
1350,2017/03/21
1250,2017/03/21
1650,2017/03/22
1700,2017/03/22
3000,2017/03/23
1800,2017/03/23
2400,2017/03/23
2400,2017/03/24
2150,2017/03/24
1200,2017/03/25
1600,2017/03/25
2000,2017/03/26
1600,2017/03/26
4000,2017/03/26
1800,2017/03/27
1700,2017/03/27
1650,2017/03/27
1900,2017/03/28
2000,2017/03/28
2000,2017/03/28
2200,2017/03/29
2000,2017/03/29
1900,2017/03/29
4000,2017/03/30
1300,2017/03/30
3000,2017/03/30
3000,2017/03/31
1100,2017/03/31
1400,2017/03/31
1250,2017/04/01
1500,2017/04/01
1300,2017/04/02
1200,2017/04/02
900,2017/04/02
1200,2017/04/03
1300,2017/04/03
900,2017/04/03
1300,2017/04/04
1350,2017/04/04
1450,2017/04/04
1250,2017/04/05
1350,2017/04/05
1000,2017/04/05
1400,2017/04/06
1300,2017/04/06
1400,2017/04/06
1400,2017/04/07
1500,2017/04/07
1400,2017/04/08
1050,2017/04/09
1250,2017/04/09
1050,2017/04/09
900,2017/04/10
1000,2017/04/10
1100,2017/04/10
