Modal Price beetroot,Date
250,2006/03/02
250,2006/03/03
250,2006/03/04
250,2006/03/05
250,2006/03/06
350,2006/03/07
400,2006/03/08
275,2006/03/09
300,2006/03/10
300,2006/03/10
400,2006/03/10
300,2006/03/12
350,2006/03/12
300,2006/03/12
250,2006/03/14
300,2006/03/15
250,2006/03/16
250,2006/03/19
250,2006/03/21
300,2006/03/23
400,2006/03/24
250,2006/03/28
250,2006/04/03
250,2006/04/04
400,2006/04/05
300,2006/04/06
400,2006/04/08
300,2006/04/09
250,2006/04/10
400,2006/04/21
250,2006/04/23
250,2006/04/28
500,2006/05/04
250,2006/05/08
250,2006/05/08
500,2006/05/09
500,2006/05/09
400,2006/05/13
300,2006/05/17
300,2006/05/18
350,2006/05/19
350,2006/05/21
400,2006/05/23
400,2006/05/23
300,2006/05/25
350,2006/05/26
500,2006/05/27
400,2006/05/28
350,2006/05/29
350,2006/05/31
350,2006/06/01
350,2006/06/02
400,2006/06/03
350,2006/06/04
400,2006/06/05
450,2006/06/06
400,2006/06/07
350,2006/06/08
350,2006/06/09
500,2006/06/11
375,2006/06/12
400,2006/06/13
400,2006/06/14
375,2006/06/15
350,2006/06/16
350,2006/06/18
550,2006/06/19
550,2006/06/20
500,2006/06/21
450,2006/06/22
400,2006/06/23
400,2006/06/25
450,2006/06/26
300,2006/06/27
300,2006/06/28
550,2006/06/29
500,2006/06/30
500,2006/07/02
400,2006/07/03
200,2006/07/04
550,2006/07/06
550,2006/07/07
500,2006/07/09
550,2006/07/09
500,2006/07/10
650,2006/07/11
600,2006/07/12
450,2006/07/13
600,2006/07/14
600,2006/07/16
200,2006/07/16
550,2006/07/17
400,2006/07/17
500,2006/07/18
550,2006/07/19
400,2006/07/19
500,2006/07/20
500,2006/07/21
500,2006/07/22
500,2006/07/23
550,2006/07/24
500,2006/07/25
500,2006/07/27
250,2006/07/29
500,2006/07/30
550,2006/07/31
600,2006/08/01
400,2006/08/01
300,2006/08/02
500,2006/08/03
250,2006/08/03
400,2006/08/04
400,2006/08/06
450,2006/08/07
400,2006/08/07
600,2006/08/08
400,2006/08/09
400,2006/08/09
600,2006/08/10
450,2006/08/11
300,2006/08/11
250,2006/08/12
450,2006/08/13
480,2006/08/14
425,2006/08/16
400,2006/08/16
400,2006/08/17
350,2006/08/18
400,2006/08/19
350,2006/08/20
600,2006/08/21
500,2006/08/22
600,2006/08/22
450,2006/08/23
550,2006/08/24
300,2006/08/24
400,2006/08/25
450,2006/08/28
500,2006/08/28
450,2006/08/29
400,2006/08/30
350,2006/08/31
350,2006/09/01
350,2006/09/03
300,2006/09/03
350,2006/09/04
350,2006/09/05
350,2006/09/06
350,2006/09/08
350,2006/09/10
350,2006/09/12
400,2006/09/13
400,2006/09/14
300,2006/09/14
350,2006/09/15
300,2006/09/15
350,2006/09/19
350,2006/09/19
400,2006/09/20
280,2006/09/20
600,2006/09/21
350,2006/09/21
450,2006/09/22
550,2006/09/24
450,2006/09/25
450,2006/09/26
450,2006/09/27
980,2006/09/27
450,2006/09/28
500,2006/09/28
400,2006/09/29
450,2006/10/01
400,2006/10/02
400,2006/10/02
350,2006/10/03
300,2006/10/03
300,2006/10/04
200,2006/10/04
400,2006/10/05
450,2006/10/06
350,2006/10/06
350,2006/10/07
450,2006/10/08
350,2006/10/08
400,2006/10/09
400,2006/10/09
400,2006/10/10
400,2006/10/10
450,2006/10/11
250,2006/10/11
450,2006/10/12
425,2006/10/13
350,2006/10/13
400,2006/10/15
500,2006/10/16
400,2006/10/16
400,2006/10/17
350,2006/10/17
550,2006/10/18
350,2006/10/18
500,2006/10/19
500,2006/10/20
250,2006/10/20
500,2006/10/22
450,2006/10/23
450,2006/10/24
450,2006/10/25
400,2006/10/26
450,2006/10/27
200,2006/10/28
400,2006/10/29
350,2006/10/30
400,2006/10/30
450,2006/10/31
400,2006/10/31
400,2006/11/01
450,2006/11/02
400,2006/11/05
500,2006/11/05
350,2006/11/06
400,2006/11/07
650,2006/11/08
750,2006/11/10
600,2006/11/12
650,2006/11/13
550,2006/11/14
650,2006/11/15
600,2006/11/16
500,2006/11/16
450,2006/11/17
700,2006/11/19
350,2006/11/19
500,2006/11/20
400,2006/11/21
500,2006/11/22
700,2006/11/22
450,2006/11/24
300,2006/11/24
400,2006/12/02
500,2006/12/05
400,2006/12/06
700,2006/12/06
350,2006/12/07
500,2006/12/07
450,2006/12/08
450,2006/12/10
400,2006/12/11
800,2006/12/11
400,2006/12/12
600,2006/12/13
700,2006/12/13
500,2006/12/14
450,2006/12/15
1200,2006/12/15
1075,2006/12/16
450,2006/12/17
400,2006/12/18
1000,2006/12/18
400,2006/12/19
750,2006/12/19
450,2006/12/20
850,2006/12/20
600,2006/12/21
500,2006/12/22
1000,2006/12/22
950,2006/12/23
500,2006/12/24
700,2006/12/24
650,2006/12/25
300,2006/12/25
500,2006/12/26
300,2006/12/26
600,2006/12/27
500,2006/12/28
800,2006/12/28
550,2006/12/29
400,2006/12/29
450,2006/12/30
550,2006/12/31
400,2006/12/31
450,2007/01/01
300,2007/01/01
450,2007/01/02
500,2007/01/02
550,2007/01/03
300,2007/01/03
500,2007/01/04
450,2007/01/04
500,2007/01/05
450,2007/01/05
500,2007/01/07
450,2007/01/07
500,2007/01/08
450,2007/01/09
550,2007/01/09
450,2007/01/10
450,2007/01/11
400,2007/01/11
450,2007/01/12
300,2007/01/12
450,2007/01/14
450,2007/01/15
550,2007/01/15
450,2007/01/16
450,2007/01/16
450,2007/01/17
500,2007/01/17
500,2007/01/18
250,2007/01/18
400,2007/01/19
450,2007/01/19
750,2007/01/20
400,2007/01/21
350,2007/01/21
300,2007/01/22
600,2007/01/24
500,2007/01/25
350,2007/01/27
600,2007/01/28
500,2007/01/29
500,2007/01/29
500,2007/01/30
400,2007/01/30
400,2007/01/31
600,2007/01/31
450,2007/02/01
550,2007/02/01
500,2007/02/02
650,2007/02/02
600,2007/02/03
500,2007/02/04
500,2007/02/04
500,2007/02/05
600,2007/02/06
400,2007/02/06
650,2007/02/07
500,2007/02/08
300,2007/02/08
400,2007/02/09
500,2007/02/12
500,2007/02/12
550,2007/02/13
300,2007/02/14
250,2007/02/14
500,2007/02/15
400,2007/02/16
500,2007/02/17
500,2007/02/18
400,2007/02/18
1050,2007/02/19
600,2007/02/20
350,2007/02/20
550,2007/02/21
300,2007/02/21
600,2007/02/22
350,2007/02/22
600,2007/02/23
400,2007/02/23
400,2007/02/25
600,2007/02/26
600,2007/02/27
300,2007/02/27
600,2007/02/28
500,2007/02/28
650,2007/03/01
250,2007/03/01
500,2007/03/02
400,2007/03/02
250,2007/03/03
500,2007/03/04
550,2007/03/05
300,2007/03/05
550,2007/03/06
500,2007/03/08
400,2007/03/09
400,2007/03/09
500,2007/03/10
400,2007/03/11
400,2007/03/12
400,2007/03/12
500,2007/03/13
300,2007/03/13
500,2007/03/14
400,2007/03/14
550,2007/03/15
350,2007/03/15
450,2007/03/16
400,2007/03/16
500,2007/03/17
450,2007/03/18
400,2007/03/18
550,2007/03/19
400,2007/03/19
400,2007/03/20
550,2007/03/21
550,2007/03/22
300,2007/03/22
300,2007/03/23
350,2007/03/24
300,2007/03/25
500,2007/03/28
250,2007/03/28
550,2007/03/29
400,2007/03/29
600,2007/03/30
350,2007/03/30
600,2007/04/01
600,2007/04/01
350,2007/04/01
600,2007/04/02
250,2007/04/02
550,2007/04/03
600,2007/04/03
600,2007/04/04
600,2007/04/04
400,2007/04/04
500,2007/04/05
300,2007/04/05
500,2007/04/06
600,2007/04/06
600,2007/04/07
550,2007/04/08
600,2007/04/08
600,2007/04/09
200,2007/04/09
600,2007/04/10
300,2007/04/10
600,2007/04/11
300,2007/04/11
400,2007/04/12
500,2007/04/13
450,2007/04/13
600,2007/04/14
450,2007/04/14
500,2007/04/15
550,2007/04/16
600,2007/04/16
400,2007/04/16
600,2007/04/20
300,2007/04/22
600,2007/04/23
600,2007/04/24
600,2007/04/24
300,2007/04/25
600,2007/04/26
600,2007/04/27
350,2007/04/27
300,2007/04/28
450,2007/04/29
600,2007/04/30
600,2007/05/01
450,2007/05/02
400,2007/05/03
600,2007/05/03
400,2007/05/03
500,2007/05/04
300,2007/05/04
500,2007/05/05
300,2007/05/06
500,2007/05/07
500,2007/05/08
400,2007/05/08
650,2007/05/09
500,2007/05/09
500,2007/05/09
500,2007/05/10
400,2007/05/10
600,2007/05/11
500,2007/05/11
500,2007/05/11
500,2007/05/12
300,2007/05/12
600,2007/05/13
500,2007/05/13
400,2007/05/13
500,2007/05/14
500,2007/05/15
500,2007/05/16
600,2007/05/17
500,2007/05/17
700,2007/05/18
500,2007/05/18
350,2007/05/18
500,2007/05/19
450,2007/05/19
700,2007/05/20
500,2007/05/20
550,2007/05/21
500,2007/05/21
500,2007/05/21
500,2007/05/22
600,2007/05/23
500,2007/05/23
500,2007/05/24
300,2007/05/24
700,2007/05/25
500,2007/05/26
670,2007/05/26
1100,2007/05/27
600,2007/05/28
500,2007/05/28
550,2007/05/29
500,2007/05/29
200,2007/05/29
650,2007/05/30
500,2007/05/30
300,2007/05/30
275,2007/05/31
600,2007/06/01
350,2007/06/02
500,2007/06/03
400,2007/06/03
500,2007/06/04
300,2007/06/04
600,2007/06/05
500,2007/06/05
500,2007/06/06
500,2007/06/07
400,2007/06/07
500,2007/06/08
500,2007/06/08
500,2007/06/09
450,2007/06/09
600,2007/06/10
500,2007/06/10
300,2007/06/10
550,2007/06/11
550,2007/06/12
520,2007/06/12
600,2007/06/13
400,2007/06/14
500,2007/06/15
500,2007/06/16
650,2007/06/17
500,2007/06/17
400,2007/06/17
600,2007/06/18
500,2007/06/18
900,2007/06/18
800,2007/06/19
500,2007/06/19
650,2007/06/20
500,2007/06/20
600,2007/06/21
500,2007/06/22
800,2007/06/23
550,2007/06/24
650,2007/06/25
500,2007/06/25
600,2007/06/26
500,2007/06/27
500,2007/06/27
500,2007/06/28
600,2007/06/29
500,2007/06/29
900,2007/06/30
800,2007/07/01
500,2007/07/01
700,2007/07/02
500,2007/07/02
500,2007/07/03
700,2007/07/03
650,2007/07/04
500,2007/07/04
500,2007/07/05
450,2007/07/05
800,2007/07/06
500,2007/07/06
500,2007/07/07
750,2007/07/07
500,2007/07/08
400,2007/07/08
650,2007/07/09
500,2007/07/09
750,2007/07/10
500,2007/07/10
650,2007/07/11
700,2007/07/11
500,2007/07/12
500,2007/07/12
800,2007/07/13
500,2007/07/13
300,2007/07/13
1050,2007/07/14
800,2007/07/15
500,2007/07/15
400,2007/07/15
500,2007/07/16
350,2007/07/16
850,2007/07/17
500,2007/07/17
650,2007/07/18
500,2007/07/18
500,2007/07/19
500,2007/07/20
350,2007/07/20
750,2007/07/22
500,2007/07/22
650,2007/07/23
500,2007/07/23
750,2007/07/24
500,2007/07/24
800,2007/07/25
500,2007/07/25
450,2007/07/25
700,2007/07/26
500,2007/07/26
800,2007/07/27
500,2007/07/27
500,2007/07/28
750,2007/07/29
800,2007/07/30
850,2007/07/31
500,2007/07/31
800,2007/08/01
500,2007/08/01
700,2007/08/02
500,2007/08/02
500,2007/08/03
750,2007/08/03
500,2007/08/04
550,2007/08/05
700,2007/08/06
500,2007/08/06
450,2007/08/06
500,2007/08/07
350,2007/08/07
500,2007/08/08
500,2007/08/08
400,2007/08/08
500,2007/08/09
500,2007/08/09
400,2007/08/09
500,2007/08/11
500,2007/08/11
500,2007/08/12
600,2007/08/13
500,2007/08/14
300,2007/08/14
500,2007/08/15
500,2007/08/16
400,2007/08/16
300,2007/08/16
500,2007/08/17
500,2007/08/17
300,2007/08/17
200,2007/08/18
500,2007/08/19
500,2007/08/19
400,2007/08/19
500,2007/08/20
500,2007/08/20
250,2007/08/20
450,2007/08/21
350,2007/08/21
250,2007/08/22
500,2007/08/23
350,2007/08/23
500,2007/08/24
500,2007/08/24
500,2007/08/24
500,2007/08/25
350,2007/08/25
500,2007/08/26
500,2007/08/26
350,2007/08/26
500,2007/08/27
500,2007/08/27
500,2007/08/28
350,2007/08/28
450,2007/08/29
500,2007/08/29
450,2007/08/30
500,2007/08/30
450,2007/08/31
500,2007/08/31
400,2007/08/31
500,2007/09/01
200,2007/09/01
550,2007/09/02
500,2007/09/02
300,2007/09/02
500,2007/09/03
500,2007/09/04
300,2007/09/04
450,2007/09/05
500,2007/09/05
300,2007/09/05
400,2007/09/06
500,2007/09/06
450,2007/09/07
350,2007/09/07
500,2007/09/08
250,2007/09/08
450,2007/09/09
350,2007/09/10
500,2007/09/10
900,2007/09/11
500,2007/09/11
200,2007/09/11
400,2007/09/12
500,2007/09/12
300,2007/09/12
400,2007/09/13
500,2007/09/13
300,2007/09/13
450,2007/09/14
500,2007/09/14
300,2007/09/14
500,2007/09/15
450,2007/09/16
500,2007/09/16
250,2007/09/16
400,2007/09/17
500,2007/09/17
300,2007/09/17
450,2007/09/18
500,2007/09/18
400,2007/09/19
500,2007/09/19
400,2007/09/20
500,2007/09/20
450,2007/09/21
500,2007/09/21
300,2007/09/21
500,2007/09/22
450,2007/09/23
1300,2007/09/23
450,2007/09/25
200,2007/09/25
450,2007/09/27
500,2007/09/27
250,2007/09/27
500,2007/09/28
500,2007/09/30
300,2007/09/30
400,2007/10/01
500,2007/10/01
500,2007/10/02
400,2007/10/03
500,2007/10/03
400,2007/10/04
400,2007/10/05
500,2007/10/05
300,2007/10/06
400,2007/10/07
500,2007/10/07
400,2007/10/07
350,2007/10/08
500,2007/10/08
350,2007/10/09
300,2007/10/09
300,2007/10/09
500,2007/10/11
500,2007/10/11
500,2007/10/12
400,2007/10/12
300,2007/10/13
350,2007/10/14
500,2007/10/14
400,2007/10/15
500,2007/10/15
300,2007/10/15
500,2007/10/16
300,2007/10/16
500,2007/10/17
350,2007/10/17
500,2007/10/18
400,2007/10/19
500,2007/10/19
300,2007/10/19
200,2007/10/20
400,2007/10/21
500,2007/10/21
400,2007/10/22
500,2007/10/22
400,2007/10/23
500,2007/10/23
300,2007/10/23
500,2007/10/24
350,2007/10/25
500,2007/10/25
450,2007/10/25
400,2007/10/26
500,2007/10/26
500,2007/10/27
400,2007/10/28
500,2007/10/28
400,2007/10/29
500,2007/10/29
450,2007/10/30
500,2007/10/30
500,2007/10/31
500,2007/10/31
300,2007/10/31
350,2007/11/01
500,2007/11/01
400,2007/11/02
500,2007/11/02
500,2007/11/03
300,2007/11/03
400,2007/11/04
500,2007/11/04
400,2007/11/04
400,2007/11/05
500,2007/11/05
450,2007/11/06
500,2007/11/06
200,2007/11/06
400,2007/11/07
500,2007/11/07
400,2007/11/08
400,2007/11/12
500,2007/11/12
200,2007/11/13
400,2007/11/14
500,2007/11/14
400,2007/11/15
500,2007/11/15
400,2007/11/15
450,2007/11/16
500,2007/11/16
600,2007/11/16
500,2007/11/17
550,2007/11/17
450,2007/11/18
500,2007/11/18
250,2007/11/18
500,2007/11/19
500,2007/11/19
500,2007/11/19
450,2007/11/20
500,2007/11/20
450,2007/11/21
500,2007/11/21
500,2007/11/22
500,2007/11/22
500,2007/11/23
500,2007/11/23
300,2007/11/23
500,2007/11/24
500,2007/11/25
700,2007/11/25
600,2007/11/26
1025,2007/11/27
500,2007/11/27
700,2007/11/27
600,2007/11/28
500,2007/11/28
400,2007/11/28
550,2007/11/29
500,2007/11/29
600,2007/11/30
500,2007/11/30
500,2007/12/02
550,2007/12/07
400,2007/12/08
500,2007/12/09
450,2007/12/10
500,2007/12/10
500,2007/12/10
450,2007/12/11
500,2007/12/11
1000,2007/12/11
550,2007/12/12
500,2007/12/12
400,2007/12/12
500,2007/12/13
450,2007/12/14
500,2007/12/15
400,2007/12/15
600,2007/12/16
500,2007/12/16
500,2007/12/16
500,2007/12/17
500,2007/12/17
400,2007/12/18
500,2007/12/18
450,2007/12/19
500,2007/12/19
500,2007/12/20
500,2007/12/20
450,2007/12/21
500,2007/12/21
450,2007/12/21
500,2007/12/22
500,2007/12/22
350,2007/12/23
500,2007/12/23
450,2007/12/23
400,2007/12/24
500,2007/12/25
800,2007/12/26
250,2007/12/26
500,2007/12/27
300,2007/12/28
500,2007/12/31
400,2008/01/01
500,2008/01/02
400,2008/01/02
500,2008/01/03
300,2008/01/03
500,2008/01/05
250,2008/01/05
450,2008/01/06
500,2008/01/06
350,2008/01/06
450,2008/01/07
500,2008/01/07
350,2008/01/08
500,2008/01/08
300,2008/01/08
500,2008/01/09
200,2008/01/09
500,2008/01/10
500,2008/01/10
400,2008/01/11
500,2008/01/11
450,2008/01/11
500,2008/01/12
400,2008/01/12
400,2008/01/13
500,2008/01/13
400,2008/01/14
300,2008/01/14
400,2008/01/15
500,2008/01/15
500,2008/01/16
450,2008/01/16
450,2008/01/17
300,2008/01/17
400,2008/01/18
450,2008/01/18
400,2008/01/18
500,2008/01/19
250,2008/01/19
500,2008/01/20
500,2008/01/21
500,2008/01/21
400,2008/01/21
350,2008/01/22
500,2008/01/22
500,2008/01/22
350,2008/01/23
450,2008/01/23
350,2008/01/24
500,2008/01/24
400,2008/01/24
350,2008/01/25
450,2008/01/25
350,2008/01/27
550,2008/01/28
450,2008/01/30
500,2008/01/30
500,2008/01/30
350,2008/01/31
500,2008/01/31
350,2008/01/31
450,2008/02/01
500,2008/02/01
500,2008/02/01
500,2008/02/02
350,2008/02/03
400,2008/02/03
350,2008/02/04
500,2008/02/04
400,2008/02/04
400,2008/02/05
500,2008/02/05
450,2008/02/05
500,2008/02/06
500,2008/02/06
450,2008/02/07
500,2008/02/07
500,2008/02/08
300,2008/02/08
200,2008/02/09
500,2008/02/10
450,2008/02/11
500,2008/02/11
300,2008/02/11
500,2008/02/12
500,2008/02/12
450,2008/02/13
500,2008/02/13
250,2008/02/13
450,2008/02/14
500,2008/02/14
400,2008/02/15
500,2008/02/15
500,2008/02/15
500,2008/02/16
350,2008/02/16
450,2008/02/17
500,2008/02/17
500,2008/02/17
400,2008/02/18
500,2008/02/19
350,2008/02/19
400,2008/02/20
500,2008/02/20
275,2008/02/20
500,2008/02/20
350,2008/02/21
500,2008/02/21
400,2008/02/22
500,2008/02/22
500,2008/02/22
500,2008/02/23
400,2008/02/23
400,2008/02/24
500,2008/02/24
500,2008/02/24
500,2008/02/25
400,2008/02/25
450,2008/02/26
500,2008/02/26
600,2008/02/26
500,2008/02/27
300,2008/02/27
450,2008/02/28
500,2008/02/28
350,2008/02/28
450,2008/02/29
350,2008/02/29
500,2008/03/01
200,2008/03/01
450,2008/03/03
500,2008/03/03
300,2008/03/03
450,2008/03/04
500,2008/03/04
500,2008/03/06
350,2008/03/06
400,2008/03/07
500,2008/03/07
300,2008/03/07
500,2008/03/08
325,2008/03/08
400,2008/03/09
500,2008/03/09
350,2008/03/09
400,2008/03/10
500,2008/03/10
400,2008/03/11
500,2008/03/11
300,2008/03/11
400,2008/03/12
700,2008/03/12
400,2008/03/13
500,2008/03/13
600,2008/03/13
400,2008/03/14
500,2008/03/14
500,2008/03/14
500,2008/03/15
500,2008/03/16
350,2008/03/16
500,2008/03/17
500,2008/03/18
350,2008/03/19
500,2008/03/19
300,2008/03/19
350,2008/03/20
500,2008/03/20
300,2008/03/20
400,2008/03/21
500,2008/03/21
500,2008/03/22
350,2008/03/23
500,2008/03/23
300,2008/03/23
350,2008/03/24
500,2008/03/24
350,2008/03/24
500,2008/03/25
500,2008/03/25
300,2008/03/25
350,2008/03/26
500,2008/03/26
500,2008/03/26
400,2008/03/27
500,2008/03/27
350,2008/03/27
400,2008/03/28
500,2008/03/28
250,2008/03/28
500,2008/03/29
300,2008/03/29
400,2008/03/30
500,2008/03/30
400,2008/03/30
350,2008/03/31
500,2008/03/31
350,2008/04/01
500,2008/04/01
300,2008/04/01
400,2008/04/02
500,2008/04/02
300,2008/04/02
350,2008/04/03
500,2008/04/03
350,2008/04/04
500,2008/04/04
200,2008/04/05
400,2008/04/13
500,2008/04/13
500,2008/04/13
350,2008/04/14
500,2008/04/14
400,2008/04/14
350,2008/04/15
500,2008/04/15
450,2008/04/15
500,2008/04/16
500,2008/04/17
500,2008/04/17
350,2008/04/18
700,2008/04/18
500,2008/04/20
300,2008/04/20
400,2008/04/21
500,2008/04/21
350,2008/04/22
500,2008/04/22
350,2008/04/23
600,2008/04/23
500,2008/04/24
500,2008/04/24
500,2008/04/25
500,2008/04/26
350,2008/04/27
500,2008/04/27
400,2008/04/28
500,2008/04/28
300,2008/04/28
400,2008/04/29
500,2008/04/29
350,2008/04/30
500,2008/05/02
600,2008/05/02
1700,2008/05/03
500,2008/05/04
500,2008/05/04
500,2008/05/05
500,2008/05/06
300,2008/05/06
400,2008/05/07
500,2008/05/07
350,2008/05/08
500,2008/05/08
300,2008/05/08
400,2008/05/09
500,2008/05/09
500,2008/05/09
500,2008/05/10
400,2008/05/11
500,2008/05/11
400,2008/05/11
450,2008/05/12
500,2008/05/12
450,2008/05/12
450,2008/05/13
500,2008/05/13
450,2008/05/13
450,2008/05/13
350,2008/05/14
500,2008/05/14
400,2008/05/15
500,2008/05/15
400,2008/05/16
500,2008/05/16
300,2008/05/16
350,2008/05/17
400,2008/05/18
500,2008/05/18
400,2008/05/19
500,2008/05/19
400,2008/05/20
500,2008/05/20
400,2008/05/20
350,2008/05/23
500,2008/05/23
500,2008/05/24
300,2008/05/24
350,2008/05/25
500,2008/05/25
400,2008/05/26
500,2008/05/26
400,2008/05/27
500,2008/05/27
400,2008/05/28
400,2008/05/29
500,2008/05/29
350,2008/05/30
500,2008/05/30
500,2008/05/31
500,2008/06/01
400,2008/06/02
500,2008/06/02
400,2008/06/03
500,2008/06/03
450,2008/06/04
500,2008/06/04
400,2008/06/05
500,2008/06/05
600,2008/06/05
400,2008/06/06
500,2008/06/06
500,2008/06/07
500,2008/06/07
450,2008/06/08
500,2008/06/08
400,2008/06/08
400,2008/06/09
700,2008/06/09
500,2008/06/10
500,2008/06/10
500,2008/06/11
500,2008/06/11
500,2008/06/12
500,2008/06/12
500,2008/06/13
500,2008/06/14
400,2008/06/15
500,2008/06/15
500,2008/06/17
400,2008/06/18
500,2008/06/19
500,2008/06/20
650,2008/06/20
700,2008/06/21
500,2008/06/25
500,2008/06/25
400,2008/06/25
500,2008/06/26
500,2008/06/27
500,2008/06/27
500,2008/06/28
300,2008/06/28
500,2008/06/29
500,2008/06/29
300,2008/06/30
500,2008/06/30
450,2008/06/30
500,2008/07/01
350,2008/07/01
500,2008/07/01
600,2008/07/02
500,2008/07/03
800,2008/07/03
500,2008/07/04
500,2008/07/05
450,2008/07/06
500,2008/07/06
500,2008/07/06
500,2008/07/07
500,2008/07/07
450,2008/07/08
500,2008/07/08
450,2008/07/08
400,2008/07/09
500,2008/07/09
450,2008/07/10
500,2008/07/10
300,2008/07/10
450,2008/07/11
500,2008/07/11
500,2008/07/12
325,2008/07/13
500,2008/07/13
450,2008/07/14
500,2008/07/14
500,2008/07/15
500,2008/07/15
500,2008/07/16
350,2008/07/16
500,2008/07/17
500,2008/07/18
500,2008/07/19
400,2008/07/20
500,2008/07/20
450,2008/07/21
500,2008/07/21
500,2008/07/21
450,2008/07/22
500,2008/07/22
450,2008/07/25
500,2008/07/25
500,2008/07/26
400,2008/07/27
500,2008/07/27
450,2008/07/28
500,2008/07/28
450,2008/07/29
500,2008/07/29
600,2008/07/29
350,2008/07/30
500,2008/07/30
350,2008/07/31
500,2008/07/31
500,2008/08/01
500,2008/08/02
500,2008/08/03
400,2008/08/04
500,2008/08/04
350,2008/08/04
500,2008/08/05
400,2008/08/05
500,2008/08/07
500,2008/08/07
350,2008/08/08
500,2008/08/08
500,2008/08/09
500,2008/08/09
350,2008/08/10
500,2008/08/10
350,2008/08/11
500,2008/08/11
350,2008/08/12
500,2008/08/12
400,2008/08/13
500,2008/08/13
400,2008/08/14
500,2008/08/14
400,2008/08/14
500,2008/08/16
350,2008/08/20
500,2008/08/20
400,2008/08/20
400,2008/08/21
500,2008/08/21
500,2008/08/21
400,2008/08/22
500,2008/08/25
400,2008/08/25
500,2008/08/26
500,2008/08/26
500,2008/08/27
1200,2008/08/27
400,2008/08/28
300,2008/09/04
400,2008/09/04
400,2008/09/05
300,2008/09/07
300,2008/09/07
300,2008/09/08
400,2008/09/08
300,2008/09/09
400,2008/09/09
300,2008/09/10
300,2008/09/11
400,2008/09/11
300,2008/09/16
400,2008/09/16
350,2008/09/17
350,2008/09/18
300,2008/09/18
350,2008/09/19
400,2008/09/21
600,2008/09/21
500,2008/09/23
500,2008/09/23
500,2008/09/24
500,2008/09/25
400,2008/09/25
450,2008/09/26
500,2008/09/26
450,2008/09/28
700,2008/09/28
350,2008/09/29
600,2008/09/29
400,2008/09/30
450,2008/09/30
450,2008/10/01
500,2008/10/01
800,2008/10/01
500,2008/10/02
500,2008/10/02
450,2008/10/03
500,2008/10/03
600,2008/10/03
500,2008/10/04
700,2008/10/04
450,2008/10/05
500,2008/10/05
600,2008/10/05
350,2008/10/06
500,2008/10/06
500,2008/10/06
700,2008/10/07
500,2008/10/07
400,2008/10/07
500,2008/10/08
250,2008/10/08
450,2008/10/09
500,2008/10/09
450,2008/10/10
700,2008/10/10
500,2008/10/11
600,2008/10/12
500,2008/10/12
500,2008/10/13
500,2008/10/13
500,2008/10/14
300,2008/10/14
600,2008/10/15
700,2008/10/16
500,2008/10/16
500,2008/10/16
500,2008/10/17
500,2008/10/18
500,2008/10/18
500,2008/10/19
700,2008/10/20
700,2008/10/20
500,2008/10/21
600,2008/10/21
450,2008/10/22
500,2008/10/23
1500,2008/10/25
500,2008/10/26
500,2008/10/28
1400,2008/10/30
500,2008/10/30
1500,2008/10/31
500,2008/10/31
500,2008/10/31
500,2008/11/01
1400,2008/11/02
1400,2008/11/03
500,2008/11/03
1300,2008/11/04
500,2008/11/04
700,2008/11/04
700,2008/11/04
1250,2008/11/05
700,2008/11/05
1300,2008/11/09
500,2008/11/09
1500,2008/11/10
500,2008/11/10
1400,2008/11/11
500,2008/11/11
800,2008/11/12
1300,2008/11/13
500,2008/11/13
600,2008/11/13
1400,2008/11/14
1400,2008/11/14
500,2008/11/16
750,2008/11/16
1250,2008/11/17
500,2008/11/17
500,2008/11/18
800,2008/11/18
500,2008/11/19
600,2008/11/19
1150,2008/11/20
500,2008/11/20
1200,2008/11/20
1100,2008/11/21
1000,2008/11/23
500,2008/11/23
600,2008/11/23
1000,2008/11/24
500,2008/11/24
1000,2008/11/25
500,2008/11/25
750,2008/11/25
1200,2008/11/26
500,2008/11/26
1000,2008/11/27
800,2008/11/27
500,2008/11/28
850,2008/11/28
500,2008/11/29
650,2008/11/29
750,2008/11/30
500,2008/11/30
800,2008/11/30
600,2008/12/01
850,2008/12/02
650,2008/12/03
500,2008/12/03
650,2008/12/04
700,2008/12/04
500,2008/12/05
1100,2008/12/05
500,2008/12/06
650,2008/12/07
500,2008/12/07
500,2008/12/08
700,2008/12/08
600,2008/12/09
500,2008/12/09
400,2008/12/09
500,2008/12/10
850,2008/12/10
500,2008/12/11
550,2008/12/11
500,2008/12/12
500,2008/12/12
500,2008/12/13
500,2008/12/13
600,2008/12/14
550,2008/12/15
500,2008/12/15
700,2008/12/16
500,2008/12/16
500,2008/12/17
500,2008/12/17
650,2008/12/17
500,2008/12/18
500,2008/12/18
500,2008/12/19
500,2008/12/19
650,2008/12/19
500,2008/12/20
450,2008/12/21
500,2008/12/21
450,2008/12/22
500,2008/12/22
450,2008/12/23
500,2008/12/23
450,2008/12/24
500,2008/12/25
500,2008/12/25
350,2008/12/25
450,2008/12/26
500,2008/12/26
500,2008/12/27
400,2008/12/28
500,2008/12/28
500,2008/12/28
500,2008/12/29
300,2008/12/29
500,2008/12/30
500,2008/12/30
200,2008/12/30
450,2008/12/31
500,2008/12/31
300,2008/12/31
450,2009/01/01
500,2009/01/01
500,2009/01/01
450,2009/01/02
500,2009/01/02
450,2009/01/03
400,2009/01/04
500,2009/01/04
500,2009/01/04
500,2009/01/05
500,2009/01/05
500,2009/01/06
400,2009/01/06
550,2009/01/07
500,2009/01/08
500,2009/01/09
600,2009/01/09
500,2009/01/10
350,2009/01/11
500,2009/01/11
300,2009/01/11
500,2009/01/12
400,2009/01/12
350,2009/01/13
500,2009/01/13
300,2009/01/13
350,2009/01/14
500,2009/01/14
500,2009/01/14
350,2009/01/15
400,2009/01/15
350,2009/01/16
500,2009/01/16
500,2009/01/17
300,2009/01/17
350,2009/01/18
500,2009/01/18
300,2009/01/18
500,2009/01/19
400,2009/01/19
300,2009/01/20
500,2009/01/20
450,2009/01/20
300,2009/01/21
500,2009/01/21
600,2009/01/21
500,2009/01/22
300,2009/01/22
200,2009/01/24
350,2009/01/25
500,2009/01/27
400,2009/01/27
500,2009/01/29
350,2009/01/30
400,2009/01/30
350,2009/02/01
350,2009/02/01
300,2009/02/02
500,2009/02/02
300,2009/02/02
350,2009/02/03
500,2009/02/03
300,2009/02/04
500,2009/02/04
500,2009/02/04
250,2009/02/05
500,2009/02/05
250,2009/02/05
300,2009/02/06
500,2009/02/06
500,2009/02/07
500,2009/02/08
300,2009/02/09
500,2009/02/09
300,2009/02/09
300,2009/02/10
300,2009/02/11
500,2009/02/11
600,2009/02/11
500,2009/02/12
250,2009/02/12
1000,2009/02/13
600,2009/02/13
500,2009/02/14
225,2009/02/14
300,2009/02/15
500,2009/02/15
250,2009/02/15
250,2009/02/16
500,2009/02/16
300,2009/02/16
500,2009/02/17
500,2009/02/17
300,2009/02/18
500,2009/02/18
400,2009/02/18
300,2009/02/19
500,2009/02/19
400,2009/02/19
500,2009/02/20
300,2009/02/20
500,2009/02/21
300,2009/02/21
500,2009/02/22
500,2009/02/23
500,2009/02/24
300,2009/02/24
250,2009/02/25
300,2009/02/25
500,2009/02/26
450,2009/02/26
500,2009/02/27
300,2009/02/27
500,2009/03/01
500,2009/03/01
300,2009/03/02
500,2009/03/03
600,2009/03/04
400,2009/03/05
300,2009/03/06
300,2009/03/07
500,2009/03/08
250,2009/03/08
500,2009/03/09
220,2009/03/09
300,2009/03/10
500,2009/03/10
350,2009/03/11
500,2009/03/11
250,2009/03/12
500,2009/03/12
325,2009/03/13
500,2009/03/13
600,2009/03/13
500,2009/03/14
500,2009/03/15
500,2009/03/16
300,2009/03/16
300,2009/03/17
500,2009/03/17
600,2009/03/17
350,2009/03/18
200,2009/03/18
250,2009/03/19
500,2009/03/19
350,2009/03/20
500,2009/03/20
350,2009/03/20
500,2009/03/21
200,2009/03/21
500,2009/03/22
350,2009/03/22
300,2009/03/23
500,2009/03/23
400,2009/03/23
350,2009/03/24
500,2009/03/24
500,2009/03/24
350,2009/03/25
500,2009/03/25
300,2009/03/26
500,2009/03/26
500,2009/03/27
300,2009/03/27
500,2009/03/28
300,2009/03/28
500,2009/03/29
700,2009/03/30
500,2009/03/31
300,2009/04/01
500,2009/04/02
550,2009/04/02
500,2009/04/03
500,2009/04/04
500,2009/04/04
500,2009/04/05
500,2009/04/05
500,2009/04/06
400,2009/04/06
500,2009/04/07
1500,2009/04/07
500,2009/04/08
500,2009/04/09
350,2009/04/09
500,2009/04/11
500,2009/04/12
500,2009/04/13
300,2009/04/13
500,2009/04/14
400,2009/04/14
300,2009/04/15
500,2009/04/17
500,2009/04/19
500,2009/04/21
500,2009/04/21
500,2009/04/22
500,2009/04/23
500,2009/04/24
500,2009/04/28
500,2009/04/30
600,2009/04/30
350,2009/05/04
500,2009/05/04
350,2009/05/05
500,2009/05/05
500,2009/05/05
300,2009/05/06
350,2009/05/07
300,2009/05/08
500,2009/05/09
700,2009/05/09
500,2009/05/10
350,2009/05/11
500,2009/05/11
300,2009/05/12
500,2009/05/12
400,2009/05/13
500,2009/05/14
700,2009/05/14
300,2009/05/15
500,2009/05/15
600,2009/05/15
500,2009/05/16
350,2009/05/17
500,2009/05/17
500,2009/05/17
300,2009/05/18
500,2009/05/18
250,2009/05/19
500,2009/05/19
400,2009/05/19
400,2009/05/20
500,2009/05/20
500,2009/05/21
500,2009/05/22
400,2009/05/22
500,2009/05/23
500,2009/05/24
500,2009/05/24
500,2009/05/25
500,2009/05/26
500,2009/05/27
500,2009/05/28
325,2009/05/29
500,2009/05/31
500,2009/06/01
500,2009/06/02
500,2009/06/05
500,2009/06/06
500,2009/06/07
500,2009/06/08
750,2009/06/08
750,2009/06/08
500,2009/06/09
600,2009/06/10
500,2009/06/11
600,2009/06/12
500,2009/06/13
500,2009/06/14
600,2009/06/15
500,2009/06/15
1200,2009/06/15
500,2009/06/16
500,2009/06/17
650,2009/06/18
500,2009/06/18
500,2009/06/19
500,2009/06/20
500,2009/06/21
500,2009/06/22
600,2009/06/23
500,2009/06/24
500,2009/06/25
800,2009/06/25
500,2009/06/26
500,2009/06/26
500,2009/06/27
500,2009/06/28
600,2009/06/28
500,2009/06/29
1000,2009/06/29
500,2009/06/30
1000,2009/06/30
500,2009/07/01
500,2009/07/01
550,2009/07/02
600,2009/07/02
500,2009/07/03
500,2009/07/03
650,2009/07/05
650,2009/07/06
500,2009/07/06
600,2009/07/06
650,2009/07/07
500,2009/07/07
650,2009/07/08
500,2009/07/08
500,2009/07/09
500,2009/07/09
500,2009/07/10
500,2009/07/10
500,2009/07/11
750,2009/07/12
500,2009/07/12
800,2009/07/12
700,2009/07/13
900,2009/07/13
650,2009/07/14
500,2009/07/14
500,2009/07/15
650,2009/07/16
500,2009/07/16
600,2009/07/17
850,2009/07/18
650,2009/07/19
500,2009/07/19
650,2009/07/20
500,2009/07/20
550,2009/07/21
500,2009/07/21
700,2009/07/21
500,2009/07/23
550,2009/07/23
500,2009/07/25
650,2009/07/25
600,2009/07/26
500,2009/07/26
500,2009/07/26
500,2009/07/27
800,2009/07/27
500,2009/07/28
500,2009/07/29
600,2009/07/29
500,2009/07/30
500,2009/07/31
550,2009/07/31
500,2009/08/01
500,2009/08/02
200,2009/08/02
500,2009/08/03
500,2009/08/04
900,2009/08/04
500,2009/08/05
400,2009/08/05
700,2009/08/08
300,2009/08/09
0,2009/08/10
0,2009/08/10
0,2009/08/10
0,2009/08/11
0,2009/08/11
0,2009/08/11
400,2009/08/12
600,2009/08/13
500,2009/08/17
450,2009/08/18
500,2009/08/18
400,2009/08/18
400,2009/08/19
500,2009/08/19
470,2009/08/19
400,2009/08/20
500,2009/08/20
400,2009/08/20
350,2009/08/21
500,2009/08/21
300,2009/08/21
500,2009/08/22
350,2009/08/23
500,2009/08/23
650,2009/08/23
500,2009/08/24
300,2009/08/24
400,2009/08/25
500,2009/08/25
350,2009/08/26
500,2009/08/26
600,2009/08/27
500,2009/08/28
500,2009/08/28
400,2009/08/29
500,2009/08/30
400,2009/08/30
400,2009/08/31
500,2009/08/31
350,2009/09/01
500,2009/09/01
500,2009/09/01
350,2009/09/02
500,2009/09/02
650,2009/09/03
450,2009/09/03
500,2009/09/05
500,2009/09/05
350,2009/09/06
500,2009/09/06
400,2009/09/06
400,2009/09/07
500,2009/09/07
500,2009/09/08
450,2009/09/08
450,2009/09/09
500,2009/09/09
600,2009/09/09
350,2009/09/10
500,2009/09/10
400,2009/09/10
400,2009/09/11
500,2009/09/11
600,2009/09/11
500,2009/09/12
400,2009/09/12
400,2009/09/13
500,2009/09/13
200,2009/09/13
350,2009/09/14
500,2009/09/14
500,2009/09/14
450,2009/09/15
500,2009/09/15
350,2009/09/16
500,2009/09/16
350,2009/09/17
500,2009/09/17
350,2009/09/18
500,2009/09/18
500,2009/09/19
350,2009/09/20
500,2009/09/20
500,2009/09/20
350,2009/09/21
500,2009/09/21
450,2009/09/21
300,2009/09/22
500,2009/09/22
350,2009/09/23
500,2009/09/28
400,2009/09/28
400,2009/09/29
500,2009/09/30
400,2009/10/01
500,2009/10/01
750,2009/10/01
400,2009/10/02
500,2009/10/02
700,2009/10/03
450,2009/10/04
400,2009/10/05
500,2009/10/05
600,2009/10/05
500,2009/10/06
450,2009/10/07
450,2009/10/07
450,2009/10/08
500,2009/10/12
500,2009/10/14
400,2009/10/15
500,2009/10/15
400,2009/10/15
350,2009/10/18
450,2009/10/19
500,2009/10/19
400,2009/10/20
500,2009/10/20
350,2009/10/21
500,2009/10/21
700,2009/10/21
500,2009/10/22
700,2009/10/22
450,2009/10/23
600,2009/10/23
300,2009/10/23
500,2009/10/24
500,2009/10/25
500,2009/10/25
500,2009/10/25
550,2009/10/26
500,2009/10/26
500,2009/10/27
500,2009/10/28
500,2009/10/28
500,2009/10/29
500,2009/10/30
450,2009/11/02
500,2009/11/02
500,2009/11/03
700,2009/11/04
500,2009/11/04
500,2009/11/05
500,2009/11/06
500,2009/11/06
500,2009/11/07
800,2009/11/08
500,2009/11/08
500,2009/11/09
1000,2009/11/09
650,2009/11/10
500,2009/11/13
500,2009/11/14
750,2009/11/15
500,2009/11/15
800,2009/11/15
500,2009/11/16
1700,2009/11/16
500,2009/11/17
500,2009/11/18
500,2009/11/18
500,2009/11/19
500,2009/11/19
500,2009/11/21
500,2009/11/22
900,2009/11/22
790,2009/11/23
500,2009/11/23
1100,2009/11/24
500,2009/11/24
500,2009/11/24
1200,2009/11/25
500,2009/11/25
1000,2009/11/26
500,2009/11/26
1000,2009/11/26
850,2009/11/27
500,2009/11/28
900,2009/11/29
500,2009/11/29
950,2009/11/30
500,2009/11/30
400,2009/11/30
900,2009/12/01
1100,2009/12/02
500,2009/12/02
1300,2009/12/02
500,2009/12/03
600,2009/12/03
850,2009/12/06
500,2009/12/06
1000,2009/12/06
1000,2009/12/07
500,2009/12/07
1000,2009/12/08
500,2009/12/08
900,2009/12/09
500,2009/12/09
800,2009/12/10
500,2009/12/10
1050,2009/12/11
500,2009/12/11
500,2009/12/12
1000,2009/12/13
500,2009/12/13
1050,2009/12/14
500,2009/12/14
500,2009/12/15
850,2009/12/16
500,2009/12/16
1000,2009/12/16
500,2009/12/17
1800,2009/12/17
600,2009/12/18
500,2009/12/18
600,2009/12/18
500,2009/12/19
1000,2009/12/20
500,2009/12/20
850,2009/12/21
500,2009/12/21
1000,2009/12/21
850,2009/12/22
500,2009/12/22
500,2009/12/23
500,2009/12/23
1000,2009/12/23
850,2009/12/24
500,2009/12/24
900,2009/12/24
750,2009/12/25
500,2009/12/25
800,2009/12/25
500,2009/12/26
1000,2009/12/27
500,2009/12/27
800,2009/12/28
500,2009/12/28
600,2009/12/28
800,2009/12/29
500,2009/12/29
900,2009/12/29
500,2009/12/30
650,2009/12/30
950,2009/12/31
500,2009/12/31
500,2009/12/31
500,2010/01/01
500,2010/01/01
750,2010/01/03
500,2010/01/03
500,2010/01/04
1600,2010/01/04
700,2010/01/05
500,2010/01/06
1000,2010/01/06
500,2010/01/07
600,2010/01/07
500,2010/01/08
400,2010/01/08
500,2010/01/09
700,2010/01/10
500,2010/01/10
400,2010/01/10
700,2010/01/11
500,2010/01/11
600,2010/01/11
500,2010/01/12
500,2010/01/13
700,2010/01/13
600,2010/01/14
500,2010/01/14
500,2010/01/15
400,2010/01/15
500,2010/01/16
550,2010/01/17
500,2010/01/17
850,2010/01/17
500,2010/01/18
300,2010/01/18
500,2010/01/19
600,2010/01/19
500,2010/01/20
500,2010/01/20
500,2010/01/21
600,2010/01/21
700,2010/01/22
500,2010/01/22
500,2010/01/23
750,2010/01/24
500,2010/01/24
700,2010/01/24
650,2010/01/25
500,2010/01/26
650,2010/01/27
500,2010/01/27
600,2010/01/27
600,2010/01/28
500,2010/01/28
500,2010/01/28
500,2010/01/28
800,2010/01/29
500,2010/01/29
500,2010/01/29
500,2010/01/30
500,2010/01/30
700,2010/01/31
500,2010/01/31
600,2010/01/31
700,2010/02/01
500,2010/02/01
500,2010/02/02
500,2010/02/02
600,2010/02/03
500,2010/02/03
500,2010/02/04
500,2010/02/04
500,2010/02/05
350,2010/02/05
500,2010/02/06
500,2010/02/07
500,2010/02/08
500,2010/02/09
500,2010/02/10
500,2010/02/11
500,2010/02/11
500,2010/02/12
900,2010/02/12
500,2010/02/13
650,2010/02/13
450,2010/02/15
450,2010/02/16
500,2010/02/16
700,2010/02/16
450,2010/02/17
500,2010/02/17
450,2010/02/18
400,2010/02/18
450,2010/02/19
500,2010/02/19
500,2010/02/19
450,2010/02/20
500,2010/02/20
550,2010/02/20
500,2010/02/21
400,2010/02/21
350,2010/02/22
400,2010/02/23
500,2010/02/23
400,2010/02/23
500,2010/02/24
270,2010/02/24
500,2010/02/25
500,2010/02/26
500,2010/02/27
700,2010/02/28
500,2010/02/28
300,2010/02/28
300,2010/03/01
500,2010/03/01
400,2010/03/01
500,2010/03/02
600,2010/03/02
300,2010/03/03
500,2010/03/03
350,2010/03/03
350,2010/03/04
500,2010/03/04
350,2010/03/04
400,2010/03/05
500,2010/03/05
320,2010/03/05
500,2010/03/06
375,2010/03/06
500,2010/03/07
500,2010/03/07
300,2010/03/08
500,2010/03/08
500,2010/03/09
400,2010/03/09
500,2010/03/10
200,2010/03/10
500,2010/03/11
450,2010/03/11
500,2010/03/12
400,2010/03/12
500,2010/03/13
300,2010/03/13
300,2010/03/14
500,2010/03/14
250,2010/03/14
500,2010/03/15
325,2010/03/15
300,2010/03/16
500,2010/03/16
400,2010/03/16
300,2010/03/17
500,2010/03/17
300,2010/03/18
500,2010/03/18
300,2010/03/19
500,2010/03/19
500,2010/03/20
350,2010/03/20
300,2010/03/21
500,2010/03/21
350,2010/03/22
500,2010/03/22
600,2010/03/22
300,2010/03/23
500,2010/03/23
270,2010/03/23
300,2010/03/24
500,2010/03/24
500,2010/03/24
400,2010/03/24
300,2010/03/25
500,2010/03/25
150,2010/03/25
300,2010/03/26
500,2010/03/26
500,2010/03/27
370,2010/03/27
350,2010/03/28
500,2010/03/28
400,2010/03/28
350,2010/03/29
500,2010/03/29
400,2010/03/29
300,2010/03/30
500,2010/03/30
500,2010/03/31
750,2010/03/31
500,2010/04/01
250,2010/04/01
300,2010/04/02
500,2010/04/02
200,2010/04/02
300,2010/04/04
500,2010/04/04
300,2010/04/05
500,2010/04/05
600,2010/04/05
300,2010/04/06
500,2010/04/06
400,2010/04/06
350,2010/04/07
500,2010/04/07
400,2010/04/08
500,2010/04/08
550,2010/04/08
350,2010/04/09
500,2010/04/09
450,2010/04/09
500,2010/04/10
325,2010/04/10
350,2010/04/11
500,2010/04/11
200,2010/04/11
350,2010/04/12
500,2010/04/12
300,2010/04/13
450,2010/04/13
300,2010/04/14
250,2010/04/14
300,2010/04/15
500,2010/04/15
500,2010/04/16
300,2010/04/16
400,2010/04/16
500,2010/04/17
325,2010/04/17
400,2010/04/17
350,2010/04/18
500,2010/04/18
300,2010/04/18
500,2010/04/19
600,2010/04/19
350,2010/04/20
500,2010/04/20
1000,2010/04/20
500,2010/04/21
700,2010/04/21
500,2010/04/22
350,2010/04/22
500,2010/04/23
500,2010/04/24
350,2010/04/24
350,2010/04/25
500,2010/04/25
300,2010/04/25
500,2010/04/26
500,2010/04/27
450,2010/04/27
700,2010/04/28
300,2010/04/28
500,2010/04/29
700,2010/04/30
300,2010/04/30
350,2010/05/02
500,2010/05/02
600,2010/05/02
500,2010/05/03
500,2010/05/04
600,2010/05/04
400,2010/05/05
500,2010/05/05
600,2010/05/06
500,2010/05/06
400,2010/05/07
700,2010/05/07
500,2010/05/08
700,2010/05/08
500,2010/05/09
400,2010/05/09
550,2010/05/10
650,2010/05/10
400,2010/05/11
550,2010/05/12
500,2010/05/12
600,2010/05/13
500,2010/05/13
500,2010/05/13
700,2010/05/14
500,2010/05/14
500,2010/05/15
500,2010/05/16
500,2010/05/16
500,2010/05/17
500,2010/05/17
750,2010/05/18
700,2010/05/19
500,2010/05/19
700,2010/05/19
650,2010/05/20
500,2010/05/20
700,2010/05/21
500,2010/05/22
600,2010/05/23
500,2010/05/23
500,2010/05/24
500,2010/05/25
500,2010/05/26
650,2010/05/27
500,2010/05/27
500,2010/05/28
500,2010/05/30
500,2010/05/31
500,2010/05/31
500,2010/06/01
500,2010/06/02
500,2010/06/03
500,2010/06/04
500,2010/06/05
500,2010/06/06
500,2010/06/08
500,2010/06/09
500,2010/06/10
500,2010/06/11
500,2010/06/12
500,2010/06/13
500,2010/06/14
500,2010/06/17
500,2010/06/18
1500,2010/06/19
1200,2010/06/20
500,2010/06/20
1000,2010/06/20
500,2010/06/21
400,2010/06/21
500,2010/06/22
500,2010/06/23
700,2010/06/23
500,2010/06/24
500,2010/06/25
500,2010/06/26
1050,2010/06/26
500,2010/06/27
500,2010/06/28
1350,2010/06/28
500,2010/06/29
500,2010/06/30
900,2010/07/01
900,2010/07/02
500,2010/07/03
500,2010/07/04
500,2010/07/05
500,2010/07/05
1100,2010/07/06
500,2010/07/06
500,2010/07/07
500,2010/07/08
1300,2010/07/09
500,2010/07/09
1000,2010/07/09
500,2010/07/10
600,2010/07/10
1200,2010/07/11
500,2010/07/11
1200,2010/07/12
500,2010/07/12
1100,2010/07/13
500,2010/07/13
1200,2010/07/14
500,2010/07/14
1500,2010/07/15
500,2010/07/15
1200,2010/07/16
1500,2010/07/18
800,2010/07/18
1300,2010/07/19
500,2010/07/19
800,2010/07/20
500,2010/07/20
1400,2010/07/21
500,2010/07/21
1000,2010/07/22
500,2010/07/22
700,2010/07/23
500,2010/07/23
1200,2010/07/23
500,2010/07/24
500,2010/07/25
1200,2010/07/26
500,2010/07/26
500,2010/07/26
800,2010/07/27
900,2010/07/28
500,2010/07/28
850,2010/07/29
500,2010/07/29
700,2010/07/29
800,2010/07/30
650,2010/07/30
900,2010/07/31
800,2010/08/01
900,2010/08/02
1300,2010/08/04
900,2010/08/05
700,2010/08/06
1000,2010/08/08
800,2010/08/09
900,2010/08/10
500,2010/08/10
900,2010/08/11
800,2010/08/11
1000,2010/08/12
500,2010/08/12
750,2010/08/13
400,2010/08/13
1000,2010/08/14
1000,2010/08/16
1000,2010/08/16
800,2010/08/17
800,2010/08/18
600,2010/08/18
900,2010/08/19
600,2010/08/21
1000,2010/08/23
1000,2010/08/23
800,2010/08/24
500,2010/08/24
600,2010/08/25
900,2010/08/25
700,2010/08/27
650,2010/08/28
600,2010/08/29
500,2010/08/29
800,2010/08/30
450,2010/08/30
700,2010/08/31
500,2010/08/31
1000,2010/09/01
1000,2010/09/02
1000,2010/09/02
700,2010/09/05
700,2010/09/06
550,2010/09/06
550,2010/09/07
200,2010/09/07
650,2010/09/08
500,2010/09/09
500,2010/09/12
500,2010/09/13
500,2010/09/13
750,2010/09/14
450,2010/09/15
400,2010/09/15
450,2010/09/16
700,2010/09/16
450,2010/09/17
700,2010/09/17
600,2010/09/18
450,2010/09/19
450,2010/09/20
850,2010/09/20
450,2010/09/21
500,2010/09/21
500,2010/09/24
750,2010/09/26
500,2010/09/26
450,2010/09/27
700,2010/09/27
550,2010/09/28
550,2010/09/29
450,2010/09/30
500,2010/10/01
450,2010/10/03
550,2010/10/04
300,2010/10/04
450,2010/10/06
600,2010/10/09
600,2010/10/10
650,2010/10/10
500,2010/10/12
300,2010/10/12
550,2010/10/13
750,2010/10/13
550,2010/10/14
550,2010/10/15
500,2010/10/17
700,2010/10/17
550,2010/10/18
500,2010/10/19
450,2010/10/20
450,2010/10/21
550,2010/10/22
500,2010/10/24
750,2010/10/24
450,2010/10/25
500,2010/10/26
550,2010/10/31
550,2010/11/01
650,2010/11/02
400,2010/11/02
550,2010/11/03
450,2010/11/03
550,2010/11/04
550,2010/11/05
700,2010/11/05
500,2010/11/07
900,2010/11/07
650,2010/11/09
850,2010/11/11
650,2010/11/12
750,2010/11/12
750,2010/11/14
750,2010/11/15
500,2010/11/16
600,2010/11/16
800,2010/11/17
650,2010/11/18
1000,2010/11/18
750,2010/11/19
600,2010/11/20
550,2010/11/21
1000,2010/11/22
1000,2010/11/23
1000,2010/11/24
850,2010/11/24
700,2010/11/25
800,2010/11/25
650,2010/11/26
1000,2010/11/28
650,2010/11/28
1000,2010/11/29
700,2010/11/30
400,2010/11/30
550,2010/12/01
600,2010/12/02
700,2010/12/02
600,2010/12/03
800,2010/12/03
750,2010/12/05
1000,2010/12/05
800,2010/12/07
900,2010/12/08
800,2010/12/10
900,2010/12/11
950,2010/12/12
750,2010/12/12
950,2010/12/13
600,2010/12/13
1100,2010/12/14
1100,2010/12/15
1100,2010/12/16
1300,2010/12/17
1250,2010/12/19
1150,2010/12/20
1150,2010/12/21
800,2010/12/21
1100,2010/12/22
1200,2010/12/23
1400,2010/12/24
1500,2010/12/26
1500,2010/12/27
600,2010/12/27
1250,2010/12/28
800,2010/12/29
1100,2010/12/30
850,2010/12/30
1250,2010/12/31
500,2010/12/31
850,2011/01/01
400,2011/01/02
750,2011/01/03
1200,2011/01/03
650,2011/01/04
350,2011/01/04
500,2011/01/05
1500,2011/01/05
950,2011/01/06
550,2011/01/07
650,2011/01/07
500,2011/01/08
550,2011/01/09
850,2011/01/10
600,2011/01/10
850,2011/01/11
1100,2011/01/11
750,2011/01/12
550,2011/01/13
600,2011/01/13
1000,2011/01/14
850,2011/01/14
550,2011/01/15
600,2011/01/16
800,2011/01/17
700,2011/01/17
700,2011/01/18
750,2011/01/18
700,2011/01/18
450,2011/01/19
400,2011/01/20
650,2011/01/20
450,2011/01/21
500,2011/01/21
450,2011/01/23
450,2011/01/23
450,2011/01/24
750,2011/01/24
450,2011/01/25
450,2011/01/27
550,2011/01/27
450,2011/01/28
450,2011/01/28
400,2011/01/31
400,2011/02/01
750,2011/02/01
400,2011/02/02
750,2011/02/02
400,2011/02/03
400,2011/02/03
600,2011/02/03
450,2011/02/04
400,2011/02/05
500,2011/02/07
400,2011/02/08
750,2011/02/08
450,2011/02/09
500,2011/02/09
500,2011/02/10
550,2011/02/10
450,2011/02/11
800,2011/02/11
550,2011/02/14
750,2011/02/14
350,2011/02/15
450,2011/02/15
400,2011/02/16
800,2011/02/16
450,2011/02/17
600,2011/02/17
400,2011/02/18
1050,2011/02/18
500,2011/02/19
400,2011/02/20
750,2011/02/20
400,2011/02/21
400,2011/02/21
450,2011/02/22
350,2011/02/22
500,2011/02/23
1000,2011/02/23
550,2011/02/24
350,2011/02/24
350,2011/02/25
400,2011/02/27
400,2011/02/28
350,2011/02/28
450,2011/03/01
350,2011/03/01
350,2011/03/03
400,2011/03/03
350,2011/03/06
500,2011/03/06
400,2011/03/07
500,2011/03/07
500,2011/03/08
500,2011/03/09
350,2011/03/12
350,2011/03/13
350,2011/03/14
450,2011/03/15
600,2011/03/16
350,2011/03/17
350,2011/03/18
370,2011/03/19
350,2011/03/20
350,2011/03/23
150,2011/03/23
350,2011/03/24
350,2011/03/25
400,2011/03/25
750,2011/03/26
400,2011/03/28
800,2011/03/28
200,2011/03/29
400,2011/03/30
300,2011/03/31
300,2011/04/01
550,2011/04/01
450,2011/04/02
450,2011/04/03
550,2011/04/03
300,2011/04/05
2500,2011/04/05
400,2011/04/06
350,2011/04/06
350,2011/04/07
300,2011/04/07
350,2011/04/08
450,2011/04/08
370,2011/04/09
600,2011/04/10
350,2011/04/11
800,2011/04/11
350,2011/04/12
400,2011/04/12
350,2011/04/13
450,2011/04/14
350,2011/04/15
400,2011/04/15
400,2011/04/16
400,2011/04/18
350,2011/04/19
300,2011/04/20
600,2011/04/21
350,2011/04/22
800,2011/04/22
500,2011/04/24
350,2011/04/26
500,2011/04/26
350,2011/04/27
450,2011/04/27
350,2011/04/29
500,2011/04/30
350,2011/05/02
450,2011/05/02
350,2011/05/03
500,2011/05/03
350,2011/05/04
400,2011/05/05
400,2011/05/06
350,2011/05/08
550,2011/05/08
500,2011/05/09
350,2011/05/10
500,2011/05/10
400,2011/05/11
350,2011/05/12
350,2011/05/13
600,2011/05/13
800,2011/05/14
400,2011/05/15
350,2011/05/17
450,2011/05/18
200,2011/05/18
350,2011/05/19
450,2011/05/20
300,2011/05/20
400,2011/05/21
500,2011/05/22
500,2011/05/23
700,2011/05/23
500,2011/05/24
600,2011/05/25
500,2011/05/25
500,2011/05/26
500,2011/05/30
400,2011/05/31
350,2011/06/01
700,2011/06/01
400,2011/06/05
400,2011/06/06
450,2011/06/06
600,2011/06/07
500,2011/06/07
450,2011/06/08
500,2011/06/09
600,2011/06/09
350,2011/06/10
450,2011/06/12
700,2011/06/12
450,2011/06/13
500,2011/06/14
1000,2011/06/14
550,2011/06/15
700,2011/06/15
500,2011/06/16
550,2011/06/16
500,2011/06/17
1000,2011/06/17
800,2011/06/18
550,2011/06/19
1250,2011/06/19
550,2011/06/20
750,2011/06/20
500,2011/06/21
1000,2011/06/21
1000,2011/06/22
500,2011/06/23
500,2011/06/24
1000,2011/06/24
1050,2011/06/25
500,2011/06/26
500,2011/06/28
550,2011/06/29
550,2011/06/30
500,2011/07/05
450,2011/07/07
800,2011/07/07
450,2011/07/08
750,2011/07/08
1000,2011/07/09
450,2011/07/11
600,2011/07/11
850,2011/07/12
500,2011/07/14
600,2011/07/14
550,2011/07/15
1100,2011/07/16
550,2011/07/17
600,2011/07/17
550,2011/07/18
450,2011/07/19
650,2011/07/19
800,2011/07/20
500,2011/07/21
500,2011/07/21
450,2011/07/22
750,2011/07/23
1000,2011/07/24
850,2011/07/27
450,2011/07/28
550,2011/07/28
400,2011/07/29
1000,2011/07/29
500,2011/07/31
1500,2011/08/01
1000,2011/08/01
400,2011/08/02
900,2011/08/02
350,2011/08/04
800,2011/08/04
450,2011/08/07
450,2011/08/09
1000,2011/08/09
450,2011/08/10
1000,2011/08/10
350,2011/08/11
1000,2011/08/11
500,2011/08/12
1000,2011/08/12
400,2011/08/14
450,2011/08/16
1000,2011/08/16
850,2011/08/17
1000,2011/08/19
750,2011/08/20
550,2011/08/25
450,2011/08/26
500,2011/08/29
1000,2011/08/29
450,2011/08/31
1000,2011/09/01
450,2011/09/02
1000,2011/09/03
550,2011/09/04
500,2011/09/04
1000,2011/09/05
500,2011/09/06
450,2011/09/06
400,2011/09/07
450,2011/09/08
400,2011/09/09
450,2011/09/13
600,2011/09/13
1400,2011/09/14
400,2011/09/14
500,2011/09/15
250,2011/09/15
500,2011/09/16
750,2011/09/17
500,2011/09/18
1000,2011/09/18
500,2011/09/19
500,2011/09/19
500,2011/09/20
450,2011/09/22
450,2011/09/23
500,2011/09/25
500,2011/09/26
450,2011/09/27
450,2011/09/28
450,2011/09/29
450,2011/09/30
800,2011/10/01
450,2011/10/02
400,2011/10/04
500,2011/10/05
400,2011/10/05
750,2011/10/09
750,2011/10/10
750,2011/10/10
750,2011/10/11
800,2011/10/11
800,2011/10/12
500,2011/10/12
800,2011/10/13
750,2011/10/14
600,2011/10/15
750,2011/10/16
900,2011/10/16
950,2011/10/17
1000,2011/10/17
950,2011/10/18
600,2011/10/18
650,2011/10/19
850,2011/10/20
1000,2011/10/21
650,2011/10/22
700,2011/10/23
300,2011/10/23
700,2011/10/24
900,2011/10/24
700,2011/10/25
450,2011/10/25
650,2011/10/26
800,2011/10/27
700,2011/10/27
950,2011/10/30
1000,2011/10/31
1000,2011/10/31
850,2011/11/01
950,2011/11/02
800,2011/11/02
800,2011/11/03
700,2011/11/03
950,2011/11/04
900,2011/11/04
950,2011/11/06
500,2011/11/06
1000,2011/11/07
950,2011/11/08
500,2011/11/08
950,2011/11/09
900,2011/11/10
900,2011/11/11
750,2011/11/13
500,2011/11/13
750,2011/11/14
1050,2011/11/14
1050,2011/11/15
400,2011/11/15
1200,2011/11/16
1150,2011/11/17
1050,2011/11/18
1000,2011/11/19
1050,2011/11/20
1050,2011/11/21
800,2011/11/21
1150,2011/11/22
1000,2011/11/23
800,2011/11/24
850,2011/11/24
750,2011/11/25
800,2011/11/25
750,2011/11/26
850,2011/11/27
850,2011/11/28
950,2011/11/29
550,2011/11/29
1000,2011/11/30
550,2011/11/30
500,2011/12/04
650,2011/12/05
1000,2011/12/05
900,2011/12/06
550,2011/12/06
900,2011/12/07
500,2011/12/07
850,2011/12/08
1000,2011/12/08
900,2011/12/09
1000,2011/12/09
1000,2011/12/10
550,2011/12/11
550,2011/12/12
700,2011/12/12
1000,2011/12/13
500,2011/12/13
700,2011/12/14
650,2011/12/15
450,2011/12/15
550,2011/12/16
600,2011/12/16
600,2011/12/17
750,2011/12/18
600,2011/12/18
850,2011/12/19
550,2011/12/19
600,2011/12/20
750,2011/12/20
700,2011/12/21
650,2011/12/21
550,2011/12/22
1000,2011/12/22
550,2011/12/23
800,2011/12/24
550,2011/12/25
750,2011/12/26
600,2011/12/27
600,2011/12/28
500,2011/12/28
600,2011/12/29
500,2011/12/30
700,2012/01/01
700,2012/01/02
800,2012/01/02
600,2012/01/03
600,2012/01/04
800,2012/01/04
500,2012/01/05
700,2012/01/05
800,2012/01/06
700,2012/01/07
900,2012/01/08
500,2012/01/08
650,2012/01/09
700,2012/01/10
600,2012/01/11
400,2012/01/11
550,2012/01/12
1000,2012/01/12
600,2012/01/13
750,2012/01/14
750,2012/01/14
700,2012/01/15
700,2012/01/16
1100,2012/01/16
1000,2012/01/17
500,2012/01/17
650,2012/01/19
800,2012/01/19
1100,2012/01/20
1000,2012/01/21
950,2012/01/22
950,2012/01/23
1250,2012/01/24
900,2012/01/25
600,2012/01/28
950,2012/01/29
750,2012/01/30
600,2012/01/30
700,2012/01/31
600,2012/01/31
800,2012/02/01
750,2012/02/02
600,2012/02/03
800,2012/02/03
800,2012/02/04
850,2012/02/05
850,2012/02/06
900,2012/02/07
700,2012/02/08
850,2012/02/09
850,2012/02/10
1000,2012/02/10
900,2012/02/13
1200,2012/02/14
1000,2012/02/14
700,2012/02/15
800,2012/02/17
1000,2012/02/19
800,2012/02/20
800,2012/02/21
1350,2012/02/21
900,2012/02/22
900,2012/02/23
600,2012/02/24
1000,2012/02/24
1050,2012/02/25
700,2012/02/26
800,2012/02/27
850,2012/02/27
900,2012/02/28
500,2012/02/28
700,2012/02/29
650,2012/02/29
650,2012/03/01
1250,2012/03/01
650,2012/03/02
1000,2012/03/03
950,2012/03/04
750,2012/03/04
950,2012/03/05
600,2012/03/06
800,2012/03/07
750,2012/03/09
900,2012/03/12
800,2012/03/13
1000,2012/03/13
800,2012/03/14
850,2012/03/15
850,2012/03/16
900,2012/03/18
850,2012/03/19
850,2012/03/20
800,2012/03/21
950,2012/03/22
900,2012/03/23
1000,2012/03/24
800,2012/03/25
800,2012/03/26
2000,2012/03/26
800,2012/03/27
1050,2012/03/28
1000,2012/03/28
1050,2012/03/29
800,2012/03/30
1200,2012/03/31
900,2012/04/03
900,2012/04/04
900,2012/04/05
900,2012/04/06
850,2012/04/08
800,2012/04/09
1000,2012/04/09
900,2012/04/10
1000,2012/04/10
1500,2012/04/11
900,2012/04/12
800,2012/04/12
900,2012/04/13
1000,2012/04/13
800,2012/04/15
950,2012/04/16
950,2012/04/17
800,2012/04/18
800,2012/04/20
800,2012/04/21
900,2012/04/22
500,2012/04/22
900,2012/04/23
850,2012/04/23
850,2012/04/24
500,2012/04/24
750,2012/04/26
750,2012/04/27
1200,2012/04/27
1000,2012/04/28
800,2012/04/29
1000,2012/05/03
800,2012/05/04
850,2012/05/07
800,2012/05/08
900,2012/05/09
800,2012/05/10
700,2012/05/13
600,2012/05/16
700,2012/05/17
700,2012/05/18
700,2012/05/20
650,2012/05/21
1000,2012/05/21
550,2012/05/22
650,2012/05/23
650,2012/05/25
650,2012/05/27
650,2012/05/28
750,2012/05/29
650,2012/05/30
500,2012/05/31
1000,2012/05/31
650,2012/06/01
850,2012/06/03
750,2012/06/04
800,2012/06/05
800,2012/06/06
800,2012/06/07
800,2012/06/08
800,2012/06/10
800,2012/06/11
950,2012/06/12
900,2012/06/13
1200,2012/06/14
1200,2012/06/15
1500,2012/06/17
1300,2012/06/18
1150,2012/06/19
1200,2012/06/20
1150,2012/06/24
1150,2012/06/25
1150,2012/06/26
1250,2012/06/27
1100,2012/06/28
1250,2012/06/29
1000,2012/06/30
1150,2012/07/01
1150,2012/07/02
1350,2012/07/04
1150,2012/07/05
1300,2012/07/06
1400,2012/07/08
1250,2012/07/09
1250,2012/07/10
1300,2012/07/11
1300,2012/07/12
1200,2012/07/13
1250,2012/07/15
1250,2012/07/16
1250,2012/07/17
1100,2012/07/19
1250,2012/07/20
1150,2012/07/22
1250,2012/07/23
1100,2012/07/24
1100,2012/07/25
1150,2012/07/26
1250,2012/07/27
1150,2012/07/29
1150,2012/07/30
1050,2012/07/31
1400,2012/08/01
800,2012/08/01
1150,2012/08/02
700,2012/08/02
1250,2012/08/03
1000,2012/08/04
1200,2012/08/05
1100,2012/08/06
900,2012/08/07
1100,2012/08/08
950,2012/08/09
850,2012/08/10
850,2012/08/12
850,2012/08/13
900,2012/08/14
1000,2012/08/16
800,2012/08/17
900,2012/08/19
600,2012/08/20
800,2012/08/21
550,2012/08/22
750,2012/08/26
700,2012/08/27
700,2012/08/28
650,2012/08/29
450,2012/08/30
350,2012/09/02
450,2012/09/03
400,2012/09/04
500,2012/09/07
450,2012/09/09
450,2012/09/10
500,2012/09/12
500,2012/09/13
500,2012/09/14
750,2012/09/16
650,2012/09/17
500,2012/09/18
450,2012/09/19
450,2012/09/20
450,2012/09/21
450,2012/09/23
400,2012/09/24
450,2012/09/25
400,2012/09/26
550,2012/09/27
500,2012/09/28
450,2012/10/01
450,2012/10/03
450,2012/10/04
400,2012/10/05
500,2012/10/07
400,2012/10/08
400,2012/10/09
450,2012/10/11
400,2012/10/12
450,2012/10/14
450,2012/10/15
450,2012/10/16
450,2012/10/17
500,2012/10/18
500,2012/10/21
500,2012/10/22
450,2012/10/23
450,2012/10/26
450,2012/10/28
450,2012/10/29
450,2012/10/30
400,2012/10/31
450,2012/11/01
450,2012/11/02
450,2012/11/04
450,2012/11/06
550,2012/11/08
500,2012/11/09
500,2012/11/11
450,2012/11/12
450,2012/11/13
500,2012/11/16
350,2012/11/18
650,2012/11/19
1000,2012/11/20
750,2012/11/21
750,2012/11/22
850,2012/11/23
650,2012/11/25
650,2012/11/26
700,2012/11/27
650,2012/11/28
700,2012/11/29
700,2012/11/30
700,2012/12/10
600,2012/12/11
700,2012/12/12
550,2012/12/16
550,2012/12/17
900,2012/12/17
600,2012/12/18
600,2012/12/19
550,2012/12/20
550,2012/12/21
550,2012/12/27
550,2012/12/28
600,2012/12/30
550,2012/12/31
550,2013/01/01
400,2013/01/01
550,2013/01/02
600,2013/01/02
500,2013/01/03
800,2013/01/03
550,2013/01/04
500,2013/01/04
500,2013/01/05
500,2013/01/06
500,2013/01/06
650,2013/01/07
450,2013/01/07
500,2013/01/08
550,2013/01/09
500,2013/01/10
550,2013/01/10
500,2013/01/11
1000,2013/01/11
500,2013/01/13
500,2013/01/14
500,2013/01/15
600,2013/01/16
550,2013/01/17
450,2013/01/17
550,2013/01/18
350,2013/01/18
350,2013/01/19
550,2013/01/20
400,2013/01/20
500,2013/01/21
1200,2013/01/21
500,2013/01/22
600,2013/01/22
500,2013/01/23
500,2013/01/24
500,2013/01/25
250,2013/01/25
500,2013/01/27
500,2013/01/28
400,2013/01/28
450,2013/01/29
800,2013/01/29
450,2013/01/30
500,2013/02/01
200,2013/02/01
500,2013/02/02
500,2013/02/03
400,2013/02/03
750,2013/02/04
450,2013/02/05
750,2013/02/05
450,2013/02/06
500,2013/02/06
450,2013/02/10
500,2013/02/10
450,2013/02/11
600,2013/02/11
450,2013/02/12
500,2013/02/13
500,2013/02/14
400,2013/02/14
500,2013/02/15
500,2013/02/15
450,2013/02/17
400,2013/02/17
600,2013/02/18
450,2013/02/19
700,2013/02/19
450,2013/02/20
300,2013/02/20
450,2013/02/21
650,2013/02/21
500,2013/02/24
450,2013/02/25
500,2013/02/25
500,2013/02/26
650,2013/02/26
500,2013/03/01
300,2013/03/03
600,2013/03/04
500,2013/03/05
500,2013/03/05
450,2013/03/07
400,2013/03/07
450,2013/03/08
600,2013/03/09
450,2013/03/10
450,2013/03/11
600,2013/03/12
500,2013/03/12
450,2013/03/14
450,2013/03/15
500,2013/03/15
500,2013/03/16
450,2013/03/17
500,2013/03/18
500,2013/03/18
450,2013/03/19
450,2013/03/19
450,2013/03/20
450,2013/03/21
450,2013/03/22
650,2013/03/23
500,2013/03/25
600,2013/03/26
450,2013/03/28
650,2013/03/29
800,2013/03/30
600,2013/03/31
450,2013/04/01
800,2013/04/01
800,2013/04/01
550,2013/04/02
500,2013/04/03
650,2013/04/03
500,2013/04/04
900,2013/04/05
600,2013/04/06
1100,2013/04/06
550,2013/04/07
1300,2013/04/07
500,2013/04/08
1000,2013/04/08
450,2013/04/09
500,2013/04/10
500,2013/04/11
500,2013/04/12
900,2013/04/13
500,2013/04/14
550,2013/04/15
700,2013/04/15
500,2013/04/16
700,2013/04/16
500,2013/04/17
500,2013/04/18
500,2013/04/19
1000,2013/04/19
500,2013/04/21
550,2013/04/22
550,2013/04/23
600,2013/04/24
650,2013/04/25
700,2013/04/25
550,2013/04/28
550,2013/04/29
700,2013/04/29
500,2013/04/30
550,2013/05/03
500,2013/05/04
850,2013/05/05
800,2013/05/06
900,2013/05/07
850,2013/05/08
900,2013/05/09
600,2013/05/10
750,2013/05/12
800,2013/05/13
950,2013/05/15
1250,2013/05/16
1650,2013/05/19
1750,2013/05/21
1750,2013/05/23
1750,2013/05/24
2000,2013/05/26
1750,2013/05/27
2150,2013/05/29
1750,2013/05/30
1850,2013/05/31
2650,2013/06/14
800,2013/06/16
2100,2013/06/17
1750,2013/06/18
1750,2013/06/19
1750,2013/06/20
2000,2013/06/21
1000,2013/06/21
3000,2013/06/21
2000,2013/06/23
2000,2013/06/24
2900,2013/06/24
2050,2013/06/26
1750,2013/06/27
2000,2013/06/28
1850,2013/06/30
1600,2013/07/01
1850,2013/07/03
1750,2013/07/04
2250,2013/07/05
1500,2013/07/05
3200,2013/07/06
9000,2013/07/07
1950,2013/07/08
2000,2013/07/09
3200,2013/07/09
1350,2013/07/10
3200,2013/07/10
1850,2013/07/11
1700,2013/07/12
1750,2013/07/14
1850,2013/07/15
1700,2013/07/16
2900,2013/07/17
1850,2013/07/19
2550,2013/07/20
1850,2013/07/21
1600,2013/07/22
2500,2013/07/22
2000,2013/07/23
2750,2013/07/23
1850,2013/07/24
1750,2013/07/25
1800,2013/07/25
1500,2013/07/26
1400,2013/07/28
1500,2013/07/29
1200,2013/07/29
1400,2013/07/30
1400,2013/07/31
1000,2013/07/31
1600,2013/07/31
850,2013/08/01
1150,2013/08/02
1000,2013/08/08
600,2013/09/27
750,2013/09/30
750,2013/10/01
700,2013/10/03
950,2013/10/04
850,2013/10/07
1300,2013/10/08
1200,2013/10/10
1200,2013/10/11
1000,2013/10/11
1250,2013/10/15
1350,2013/10/16
1000,2013/10/16
1400,2013/10/17
1400,2013/10/18
1400,2013/10/21
1400,2013/10/22
1200,2013/10/29
1200,2013/10/30
1150,2013/10/31
1200,2013/11/06
1000,2013/11/06
1300,2013/11/08
1300,2013/11/10
1200,2013/11/11
800,2013/11/12
1100,2013/11/13
950,2013/11/14
1150,2013/11/18
1050,2013/11/19
1050,2013/11/20
1050,2013/11/21
950,2013/11/22
1000,2013/11/22
950,2013/11/24
600,2013/11/24
1050,2013/11/25
400,2013/11/25
1050,2013/11/26
1100,2013/11/27
950,2013/11/28
750,2013/11/29
1050,2013/12/01
950,2013/12/02
950,2013/12/03
1000,2013/12/04
750,2013/12/05
650,2013/12/06
1000,2013/12/06
950,2013/12/09
950,2013/12/10
850,2013/12/10
850,2013/12/11
950,2013/12/12
1000,2013/12/13
1100,2013/12/15
1100,2013/12/15
1000,2013/12/16
950,2013/12/17
950,2013/12/18
950,2013/12/19
900,2013/12/19
850,2013/12/20
500,2013/12/20
1000,2013/12/22
900,2013/12/23
850,2013/12/24
900,2013/12/26
1000,2013/12/26
800,2013/12/27
700,2013/12/29
700,2013/12/30
700,2013/12/31
500,2013/12/31
750,2014/01/01
800,2014/01/02
1000,2014/01/02
800,2014/01/03
500,2014/01/03
750,2014/01/04
850,2014/01/05
1000,2014/01/05
700,2014/01/06
750,2014/01/06
700,2014/01/07
800,2014/01/07
800,2014/01/08
800,2014/01/09
600,2014/01/09
800,2014/01/10
750,2014/01/10
1000,2014/01/11
800,2014/01/13
600,2014/01/15
800,2014/01/16
600,2014/01/16
800,2014/01/17
650,2014/01/17
1200,2014/01/18
600,2014/01/20
700,2014/01/21
700,2014/01/22
1100,2014/01/22
700,2014/01/23
700,2014/01/24
600,2014/01/24
1180,2014/01/24
1000,2014/01/25
1000,2014/01/27
1500,2014/01/27
1150,2014/01/27
700,2014/01/28
700,2014/01/29
600,2014/01/29
900,2014/01/29
600,2014/01/30
600,2014/01/30
700,2014/01/31
700,2014/01/31
600,2014/02/01
700,2014/02/03
400,2014/02/03
600,2014/02/04
400,2014/02/04
550,2014/02/05
600,2014/02/06
300,2014/02/06
600,2014/02/07
500,2014/02/10
1050,2014/02/10
600,2014/02/11
900,2014/02/12
600,2014/02/13
750,2014/02/13
550,2014/02/14
800,2014/02/14
650,2014/02/17
600,2014/02/17
600,2014/02/18
1150,2014/02/19
550,2014/02/20
550,2014/02/21
1000,2014/02/21
550,2014/02/24
1000,2014/02/24
500,2014/02/25
550,2014/02/26
1000,2014/02/26
500,2014/02/28
600,2014/03/01
450,2014/03/03
1000,2014/03/03
450,2014/03/04
500,2014/03/04
500,2014/03/05
650,2014/03/05
450,2014/03/06
450,2014/03/07
550,2014/03/07
500,2014/03/08
400,2014/03/09
650,2014/03/09
500,2014/03/10
400,2014/03/11
600,2014/03/12
450,2014/03/13
400,2014/03/14
900,2014/03/15
550,2014/03/16
800,2014/03/16
1000,2014/03/18
550,2014/03/19
450,2014/03/20
700,2014/03/20
550,2014/03/21
550,2014/03/24
550,2014/03/25
600,2014/03/25
500,2014/03/26
500,2014/03/27
450,2014/03/28
500,2014/03/29
500,2014/04/01
800,2014/04/01
450,2014/04/02
450,2014/04/03
550,2014/04/04
600,2014/04/05
450,2014/04/07
450,2014/04/09
1000,2014/04/09
1000,2014/04/15
400,2014/04/20
400,2014/04/21
400,2014/04/22
400,2014/04/23
400,2014/04/24
450,2014/04/25
1000,2014/04/26
400,2014/04/27
450,2014/04/28
400,2014/04/29
400,2014/04/30
500,2014/05/02
400,2014/05/04
400,2014/05/05
400,2014/05/06
550,2014/05/07
400,2014/05/08
400,2014/05/09
450,2014/05/12
400,2014/05/13
450,2014/05/14
500,2014/05/15
500,2014/05/16
600,2014/06/08
600,2014/06/16
550,2014/06/17
800,2014/06/22
550,2014/06/23
800,2014/06/23
550,2014/06/24
1000,2014/06/24
1200,2014/06/28
1000,2014/07/06
1200,2014/07/09
2400,2014/07/11
1850,2014/07/13
1000,2014/07/13
1050,2014/07/14
2250,2014/07/14
1100,2014/07/15
2300,2014/07/16
1100,2014/07/17
1050,2014/07/18
1000,2014/07/18
2200,2014/07/18
1000,2014/07/20
1100,2014/07/21
500,2014/07/21
2000,2014/07/21
1100,2014/07/22
2000,2014/07/22
1100,2014/07/23
1100,2014/07/24
1000,2014/07/25
500,2014/07/26
1100,2014/07/27
900,2014/07/27
1100,2014/07/28
700,2014/07/28
2000,2014/07/28
1100,2014/07/29
1150,2014/07/30
1000,2014/07/30
1800,2014/07/30
950,2014/07/31
1000,2014/07/31
1100,2014/08/01
2000,2014/08/02
1050,2014/08/03
1500,2014/08/03
950,2014/08/04
900,2014/08/05
750,2014/08/06
800,2014/08/06
850,2014/08/07
900,2014/08/07
1000,2014/08/08
1000,2014/08/08
1800,2014/08/08
600,2014/08/09
850,2014/08/10
800,2014/08/11
600,2014/08/11
750,2014/08/12
650,2014/08/12
650,2014/08/13
700,2014/08/13
650,2014/08/14
1000,2014/08/14
1000,2014/08/16
650,2014/08/17
1000,2014/08/17
600,2014/08/18
600,2014/08/19
650,2014/08/20
1500,2014/08/20
600,2014/08/21
600,2014/08/21
600,2014/08/22
500,2014/08/22
1500,2014/08/22
450,2014/08/24
1000,2014/08/24
650,2014/08/25
700,2014/08/25
700,2014/08/26
900,2014/08/26
750,2014/08/27
1000,2014/08/27
1600,2014/08/27
750,2014/08/28
600,2014/08/28
1600,2014/08/28
450,2014/08/29
550,2014/08/30
750,2014/08/31
600,2014/08/31
750,2014/09/01
500,2014/09/01
1500,2014/09/01
700,2014/09/02
600,2014/09/02
550,2014/09/03
800,2014/09/03
550,2014/09/04
500,2014/09/04
600,2014/09/05
700,2014/09/05
1550,2014/09/06
650,2014/09/07
650,2014/09/08
650,2014/09/10
1000,2014/09/10
650,2014/09/11
650,2014/09/12
2000,2014/09/12
500,2014/09/13
700,2014/09/14
1500,2014/09/14
600,2014/09/15
750,2014/09/16
750,2014/09/17
750,2014/09/18
750,2014/09/19
2400,2014/09/19
500,2014/09/20
750,2014/09/21
1100,2014/09/21
850,2014/09/22
800,2014/09/22
750,2014/09/23
950,2014/09/24
2500,2014/09/24
750,2014/09/25
650,2014/09/26
750,2014/09/26
1000,2014/09/26
600,2014/09/28
800,2014/09/29
800,2014/09/30
650,2014/10/01
1000,2014/10/04
800,2014/10/05
650,2014/10/07
1500,2014/10/07
600,2014/10/08
600,2014/10/09
600,2014/10/10
600,2014/10/10
800,2014/10/12
900,2014/10/12
900,2014/10/13
800,2014/10/14
2500,2014/10/14
800,2014/10/16
900,2014/10/17
800,2014/10/19
900,2014/10/20
2200,2014/10/20
1100,2014/10/21
900,2014/10/26
1300,2014/10/27
1100,2014/10/28
1100,2014/10/29
600,2014/10/29
1250,2014/10/30
1050,2014/10/31
1000,2014/11/02
1250,2014/11/03
1100,2014/11/03
1250,2014/11/05
1100,2014/11/07
1250,2014/11/09
1100,2014/11/10
1000,2014/11/10
3000,2014/11/10
1100,2014/11/11
1500,2014/11/11
1100,2014/11/12
1150,2014/11/13
1150,2014/11/14
1150,2014/11/17
1050,2014/11/19
1100,2014/11/19
1050,2014/11/20
1200,2014/11/20
1600,2014/11/20
1200,2014/11/21
1600,2014/11/21
950,2014/11/23
850,2014/11/24
900,2014/11/24
900,2014/11/25
900,2014/11/26
800,2014/11/26
900,2014/11/27
700,2014/11/28
1000,2014/11/29
950,2014/11/30
1000,2014/11/30
950,2014/12/01
700,2014/12/01
1050,2014/12/02
1000,2014/12/02
950,2014/12/04
2300,2014/12/04
950,2014/12/05
650,2014/12/05
1000,2014/12/05
1200,2014/12/06
1800,2014/12/06
1050,2014/12/07
800,2014/12/07
1100,2014/12/08
1200,2014/12/08
1000,2014/12/09
2000,2014/12/09
900,2014/12/10
1000,2014/12/10
900,2014/12/11
600,2014/12/11
800,2014/12/12
2000,2014/12/12
900,2014/12/14
900,2014/12/14
1200,2014/12/15
2000,2014/12/15
900,2014/12/16
1000,2014/12/16
900,2014/12/17
850,2014/12/17
1500,2014/12/17
900,2014/12/18
1000,2014/12/18
1500,2014/12/18
900,2014/12/19
900,2014/12/19
1300,2014/12/19
750,2014/12/20
900,2014/12/21
800,2014/12/21
1200,2014/12/21
900,2014/12/22
1000,2014/12/22
1500,2014/12/22
900,2014/12/23
500,2014/12/23
900,2014/12/24
500,2014/12/24
1050,2014/12/26
1050,2014/12/28
1500,2014/12/28
1200,2014/12/28
900,2014/12/29
1150,2014/12/30
500,2014/12/30
1400,2014/12/30
1150,2014/12/31
1050,2015/01/01
600,2015/01/01
950,2015/01/02
900,2015/01/05
1300,2015/01/05
900,2015/01/06
850,2015/01/07
550,2015/01/07
1250,2015/01/07
850,2015/01/08
700,2015/01/08
1200,2015/01/08
900,2015/01/09
500,2015/01/09
1300,2015/01/09
900,2015/01/11
900,2015/01/11
1600,2015/01/11
1600,2015/01/11
850,2015/01/14
850,2015/01/14
900,2015/01/16
900,2015/01/16
800,2015/01/16
800,2015/01/16
800,2015/01/17
800,2015/01/17
900,2015/01/18
700,2015/01/18
700,2015/01/18
1000,2015/01/18
1000,2015/01/18
900,2015/01/19
800,2015/01/19
1000,2015/01/19
800,2015/01/20
850,2015/01/20
950,2015/01/21
1150,2015/01/21
850,2015/01/22
1000,2015/01/22
750,2015/01/25
750,2015/01/27
800,2015/01/27
850,2015/01/28
850,2015/01/29
850,2015/01/30
1300,2015/01/30
850,2015/02/01
700,2015/02/01
750,2015/02/02
550,2015/02/02
750,2015/02/03
750,2015/02/04
600,2015/02/04
750,2015/02/05
650,2015/02/06
600,2015/02/06
1100,2015/02/06
1000,2015/02/07
750,2015/02/08
750,2015/02/09
650,2015/02/10
750,2015/02/11
800,2015/02/11
700,2015/02/12
650,2015/02/13
650,2015/02/15
650,2015/02/15
650,2015/02/16
700,2015/02/18
1000,2015/02/18
700,2015/02/22
650,2015/02/24
650,2015/02/25
1200,2015/02/25
650,2015/02/26
900,2015/02/28
700,2015/03/01
650,2015/03/02
800,2015/03/02
700,2015/03/03
600,2015/03/04
1000,2015/03/04
700,2015/03/05
1000,2015/03/05
600,2015/03/08
1200,2015/03/08
650,2015/03/09
600,2015/03/09
550,2015/03/10
750,2015/03/10
750,2015/03/11
650,2015/03/11
650,2015/03/12
750,2015/03/12
550,2015/03/13
800,2015/03/13
550,2015/03/14
700,2015/03/14
650,2015/03/15
800,2015/03/15
600,2015/03/16
500,2015/03/16
550,2015/03/17
800,2015/03/17
550,2015/03/18
550,2015/03/19
300,2015/03/19
550,2015/03/20
650,2015/03/22
550,2015/03/23
500,2015/03/23
550,2015/03/24
600,2015/03/24
600,2015/03/25
550,2015/03/26
600,2015/03/26
550,2015/03/27
400,2015/03/27
550,2015/03/29
800,2015/03/29
550,2015/03/30
500,2015/03/31
700,2015/03/31
750,2015/03/31
500,2015/04/01
700,2015/04/01
800,2015/04/01
500,2015/04/02
1500,2015/04/02
550,2015/04/03
550,2015/04/05
550,2015/04/06
800,2015/04/06
550,2015/04/07
800,2015/04/07
900,2015/04/07
550,2015/04/09
500,2015/04/10
1000,2015/04/10
550,2015/04/12
550,2015/04/15
1000,2015/04/15
550,2015/04/16
600,2015/04/16
400,2015/04/17
650,2015/04/17
900,2015/04/17
650,2015/04/18
1000,2015/04/18
550,2015/04/19
550,2015/04/23
1100,2015/04/23
500,2015/04/24
650,2015/04/24
550,2015/04/26
550,2015/04/27
1300,2015/04/27
450,2015/04/28
1200,2015/04/28
650,2015/04/29
1500,2015/04/29
2750,2015/04/29
450,2015/05/03
500,2015/05/05
600,2015/05/05
550,2015/05/06
1350,2015/05/06
400,2015/05/08
500,2015/05/10
1600,2015/05/11
450,2015/05/13
450,2015/05/14
450,2015/05/15
1450,2015/05/16
450,2015/05/17
450,2015/05/18
550,2015/05/19
500,2015/05/20
550,2015/05/21
500,2015/05/22
550,2015/05/24
550,2015/05/25
450,2015/05/26
1800,2015/05/26
500,2015/05/27
1700,2015/05/27
450,2015/05/28
550,2015/05/29
1400,2015/05/29
550,2015/05/31
550,2015/06/01
1000,2015/06/01
550,2015/06/02
1000,2015/06/02
550,2015/06/03
600,2015/06/04
1000,2015/06/05
850,2015/06/07
1080,2015/06/08
950,2015/06/09
950,2015/06/10
1500,2015/06/10
2550,2015/06/10
1200,2015/06/11
1250,2015/06/12
1100,2015/06/14
1000,2015/06/15
2200,2015/06/15
1000,2015/06/16
1050,2015/06/17
2200,2015/06/17
1000,2015/06/18
2000,2015/06/18
2000,2015/06/18
1100,2015/06/19
2000,2015/06/19
2000,2015/06/20
1200,2015/06/21
900,2015/06/25
1800,2015/06/26
2350,2015/06/26
1600,2015/06/27
800,2015/06/29
1200,2015/06/29
2000,2015/06/29
1000,2015/06/30
1000,2015/06/30
1830,2015/06/30
1500,2015/07/01
1700,2015/07/01
1500,2015/07/02
1000,2015/07/03
1600,2015/07/03
1800,2015/07/04
600,2015/07/05
2500,2015/07/05
1200,2015/07/06
200,2015/07/06
1000,2015/07/07
2100,2015/07/07
800,2015/07/08
1500,2015/07/08
1000,2015/07/09
1000,2015/07/10
1500,2015/07/12
1400,2015/07/13
2400,2015/07/13
500,2015/07/14
2400,2015/07/14
1200,2015/07/15
2440,2015/07/15
1200,2015/07/16
800,2015/07/17
1400,2015/07/19
1200,2015/07/20
2433,2015/07/20
1200,2015/07/21
1200,2015/07/21
1500,2015/07/22
1900,2015/07/22
1500,2015/07/23
800,2015/07/23
700,2015/07/24
1200,2015/07/26
1000,2015/07/27
2130,2015/07/27
800,2015/07/28
2100,2015/07/28
1400,2015/07/29
2000,2015/07/29
1300,2015/07/30
1700,2015/07/30
1000,2015/07/31
2000,2015/08/01
700,2015/08/02
1000,2015/08/03
1000,2015/08/04
2330,2015/08/04
1400,2015/08/05
2150,2015/08/05
800,2015/08/06
1000,2015/08/07
1000,2015/08/09
1200,2015/08/10
1000,2015/08/10
1860,2015/08/10
1100,2015/08/11
900,2015/08/12
800,2015/08/13
2000,2015/08/13
1960,2015/08/13
1000,2015/08/14
1800,2015/08/14
800,2015/08/16
1200,2015/08/18
1000,2015/08/19
1930,2015/08/19
1000,2015/08/20
800,2015/08/21
1730,2015/08/21
800,2015/08/23
700,2015/08/24
1000,2015/08/24
700,2015/08/25
800,2015/08/25
800,2015/08/26
1000,2015/08/26
1400,2015/08/26
700,2015/08/27
1000,2015/08/27
600,2015/08/28
900,2015/08/28
1360,2015/08/28
800,2015/08/30
600,2015/08/31
1600,2015/08/31
600,2015/09/01
1000,2015/09/01
600,2015/09/02
1400,2015/09/02
700,2015/09/03
600,2015/09/04
1000,2015/09/04
900,2015/09/05
600,2015/09/07
1000,2015/09/07
800,2015/09/07
600,2015/09/08
1200,2015/09/08
700,2015/09/09
1400,2015/09/09
600,2015/09/10
700,2015/09/10
600,2015/09/11
1600,2015/09/11
600,2015/09/14
600,2015/09/14
600,2015/09/15
700,2015/09/15
1130,2015/09/15
600,2015/09/16
600,2015/09/18
600,2015/09/20
600,2015/09/21
600,2015/09/22
600,2015/09/23
1500,2015/09/23
800,2015/09/24
700,2015/09/24
800,2015/09/25
1500,2015/09/26
600,2015/09/27
800,2015/09/29
700,2015/09/29
1000,2015/09/29
500,2015/09/30
900,2015/10/01
1000,2015/10/01
800,2015/10/02
1100,2015/10/03
900,2015/10/04
1000,2015/10/04
800,2015/10/05
600,2015/10/05
1200,2015/10/05
800,2015/10/06
700,2015/10/07
700,2015/10/07
600,2015/10/08
700,2015/10/09
1670,2015/10/09
800,2015/10/11
800,2015/10/12
2130,2015/10/12
700,2015/10/13
700,2015/10/14
800,2015/10/14
1500,2015/10/14
800,2015/10/15
1200,2015/10/15
800,2015/10/16
1800,2015/10/16
1500,2015/10/17
800,2015/10/18
800,2015/10/19
600,2015/10/20
600,2015/10/21
600,2015/10/27
700,2015/10/28
2000,2015/10/28
700,2015/10/30
1600,2015/10/30
1600,2015/10/31
600,2015/11/01
900,2015/11/02
800,2015/11/03
800,2015/11/04
1540,2015/11/04
700,2015/11/05
1000,2015/11/05
600,2015/11/06
1200,2015/11/06
800,2015/11/08
1700,2015/11/17
1000,2015/11/17
1200,2015/11/18
1300,2015/11/19
1300,2015/11/20
1730,2015/11/21
700,2015/11/22
700,2015/11/23
1600,2015/11/23
800,2015/11/25
600,2015/11/26
900,2015/11/27
1000,2015/11/29
2000,2015/11/30
