Modal Price lady,Date
1000,2006/03/01
1200,2006/03/02
1300,2006/03/02
1000,2006/03/03
1200,2006/03/03
1100,2006/03/04
1050,2006/03/05
1100,2006/03/05
900,2006/03/05
1000,2006/03/06
1000,2006/03/06
1000,2006/03/07
1300,2006/03/07
1050,2006/03/08
1050,2006/03/09
1050,2006/03/10
1200,2006/03/11
1050,2006/03/12
1250,2006/03/12
1200,2006/03/12
1050,2006/03/13
1300,2006/03/13
950,2006/03/14
1150,2006/03/14
900,2006/03/15
1000,2006/03/16
1200,2006/03/16
1000,2006/03/17
1200,2006/03/17
1000,2006/03/18
1000,2006/03/19
1100,2006/03/19
1200,2006/03/19
1000,2006/03/20
1100,2006/03/20
1200,2006/03/20
950,2006/03/21
850,2006/03/21
950,2006/03/22
700,2006/03/22
1250,2006/03/22
1100,2006/03/23
950,2006/03/24
1200,2006/03/24
950,2006/03/27
850,2006/03/27
850,2006/03/28
900,2006/03/29
900,2006/03/29
1200,2006/03/29
1000,2006/03/30
1000,2006/03/31
850,2006/03/31
400,2006/04/01
1150,2006/04/01
900,2006/04/02
1250,2006/04/02
900,2006/04/03
1100,2006/04/03
900,2006/04/05
950,2006/04/05
1100,2006/04/05
800,2006/04/06
1100,2006/04/06
1200,2006/04/08
1000,2006/04/08
850,2006/04/09
1000,2006/04/09
900,2006/04/09
850,2006/04/10
1100,2006/04/10
1100,2006/04/10
800,2006/04/11
850,2006/04/11
950,2006/04/11
800,2006/04/12
1050,2006/04/12
750,2006/04/13
1200,2006/04/13
1350,2006/04/13
750,2006/04/14
1000,2006/04/14
1100,2006/04/14
850,2006/04/15
750,2006/04/15
1050,2006/04/16
750,2006/04/16
750,2006/04/17
1050,2006/04/17
850,2006/04/18
1000,2006/04/18
900,2006/04/18
800,2006/04/19
950,2006/04/19
800,2006/04/20
950,2006/04/20
850,2006/04/21
850,2006/04/21
1050,2006/04/21
900,2006/04/22
850,2006/04/23
900,2006/04/23
900,2006/04/23
750,2006/04/24
850,2006/04/25
950,2006/04/25
850,2006/04/26
900,2006/04/27
750,2006/04/28
900,2006/04/28
900,2006/04/28
750,2006/04/30
900,2006/04/30
900,2006/04/30
1050,2006/05/01
900,2006/05/04
1000,2006/05/04
900,2006/05/04
900,2006/05/05
900,2006/05/05
800,2006/05/07
900,2006/05/07
1000,2006/05/07
800,2006/05/08
750,2006/05/08
900,2006/05/08
750,2006/05/09
900,2006/05/09
750,2006/05/10
700,2006/05/10
700,2006/05/11
850,2006/05/11
750,2006/05/11
700,2006/05/12
800,2006/05/12
750,2006/05/12
950,2006/05/13
800,2006/05/13
700,2006/05/14
500,2006/05/14
950,2006/05/14
800,2006/05/15
900,2006/05/15
700,2006/05/15
800,2006/05/16
650,2006/05/16
1000,2006/05/17
1000,2006/05/17
850,2006/05/18
800,2006/05/18
950,2006/05/18
950,2006/05/19
800,2006/05/19
800,2006/05/20
800,2006/05/20
1000,2006/05/20
800,2006/05/21
900,2006/05/21
850,2006/05/22
850,2006/05/22
900,2006/05/22
1000,2006/05/23
1000,2006/05/23
950,2006/05/23
850,2006/05/24
900,2006/05/25
900,2006/05/26
950,2006/05/27
1000,2006/05/28
900,2006/05/29
500,2006/05/30
800,2006/05/31
850,2006/06/01
850,2006/06/02
900,2006/06/03
850,2006/06/04
1000,2006/06/05
750,2006/06/06
900,2006/06/07
850,2006/06/08
800,2006/06/09
1100,2006/06/10
900,2006/06/11
900,2006/06/12
850,2006/06/13
1150,2006/06/14
900,2006/06/15
1000,2006/06/16
950,2006/06/17
750,2006/06/18
1150,2006/06/19
900,2006/06/20
900,2006/06/21
1000,2006/06/22
850,2006/06/23
1000,2006/06/24
900,2006/06/25
950,2006/06/26
850,2006/06/27
900,2006/06/28
1000,2006/06/29
1000,2006/06/30
1250,2006/07/02
800,2006/07/03
900,2006/07/04
1000,2006/07/05
1000,2006/07/05
800,2006/07/06
950,2006/07/06
850,2006/07/07
850,2006/07/07
1200,2006/07/08
1050,2006/07/08
1200,2006/07/09
900,2006/07/10
1100,2006/07/11
1000,2006/07/11
1100,2006/07/11
1100,2006/07/12
1100,2006/07/12
1100,2006/07/13
950,2006/07/14
900,2006/07/14
1350,2006/07/15
1400,2006/07/15
1350,2006/07/15
950,2006/07/16
1450,2006/07/16
1300,2006/07/17
1000,2006/07/17
1150,2006/07/18
1250,2006/07/18
1150,2006/07/19
1150,2006/07/19
1200,2006/07/20
900,2006/07/21
1250,2006/07/21
950,2006/07/22
950,2006/07/23
1000,2006/07/23
900,2006/07/24
1000,2006/07/24
900,2006/07/25
700,2006/07/25
1000,2006/07/27
950,2006/07/27
1600,2006/07/27
750,2006/07/29
650,2006/07/30
500,2006/07/30
950,2006/07/31
1025,2006/07/31
850,2006/08/01
1000,2006/08/01
900,2006/08/02
700,2006/08/03
1050,2006/08/04
1500,2006/08/04
950,2006/08/06
900,2006/08/07
1250,2006/08/08
1050,2006/08/09
900,2006/08/09
1000,2006/08/10
1100,2006/08/10
1100,2006/08/11
1200,2006/08/11
1250,2006/08/12
1100,2006/08/13
1000,2006/08/14
1250,2006/08/14
1300,2006/08/14
1100,2006/08/16
1300,2006/08/16
1050,2006/08/18
1250,2006/08/18
1250,2006/08/19
1050,2006/08/20
1250,2006/08/21
1200,2006/08/21
1300,2006/08/22
1500,2006/08/22
1250,2006/08/23
1700,2006/08/23
1200,2006/08/24
1200,2006/08/24
1150,2006/08/25
1350,2006/08/25
1500,2006/08/28
1400,2006/08/28
1300,2006/08/29
1300,2006/08/29
1200,2006/08/30
1400,2006/08/31
1300,2006/08/31
1300,2006/09/02
1400,2006/09/03
1250,2006/09/03
1250,2006/09/04
1300,2006/09/04
1300,2006/09/05
1000,2006/09/06
1250,2006/09/07
1300,2006/09/08
1300,2006/09/08
950,2006/09/09
1300,2006/09/10
950,2006/09/10
1050,2006/09/11
1150,2006/09/12
1300,2006/09/13
1000,2006/09/13
1400,2006/09/13
1100,2006/09/14
800,2006/09/14
1300,2006/09/14
1100,2006/09/15
900,2006/09/15
900,2006/09/16
1600,2006/09/16
1000,2006/09/18
1050,2006/09/19
950,2006/09/19
1100,2006/09/20
1050,2006/09/20
1300,2006/09/20
1200,2006/09/21
1000,2006/09/21
1000,2006/09/22
1050,2006/09/23
1050,2006/09/24
900,2006/09/24
1050,2006/09/25
950,2006/09/25
1050,2006/09/26
950,2006/09/26
900,2006/09/27
1000,2006/09/28
900,2006/09/28
1000,2006/09/29
1000,2006/10/01
1000,2006/10/01
950,2006/10/02
850,2006/10/02
1500,2006/10/02
900,2006/10/03
800,2006/10/03
700,2006/10/04
900,2006/10/04
950,2006/10/05
900,2006/10/05
1500,2006/10/05
1000,2006/10/06
675,2006/10/06
850,2006/10/07
950,2006/10/08
1000,2006/10/08
1500,2006/10/08
1050,2006/10/09
950,2006/10/09
1050,2006/10/10
1300,2006/10/10
1100,2006/10/11
1200,2006/10/11
1500,2006/10/11
950,2006/10/12
950,2006/10/12
1200,2006/10/12
900,2006/10/13
1000,2006/10/13
1100,2006/10/14
1500,2006/10/14
900,2006/10/15
850,2006/10/16
1000,2006/10/16
1200,2006/10/16
900,2006/10/17
1000,2006/10/17
950,2006/10/18
1100,2006/10/18
1300,2006/10/18
950,2006/10/19
1000,2006/10/19
900,2006/10/20
900,2006/10/20
1200,2006/10/20
1000,2006/10/21
900,2006/10/22
950,2006/10/22
800,2006/10/23
800,2006/10/23
800,2006/10/24
800,2006/10/24
650,2006/10/25
800,2006/10/25
750,2006/10/26
700,2006/10/26
650,2006/10/27
750,2006/10/27
700,2006/10/28
1000,2006/10/28
700,2006/10/29
550,2006/10/30
1000,2006/10/30
700,2006/10/31
850,2006/10/31
800,2006/11/01
1100,2006/11/01
1200,2006/11/01
750,2006/11/02
700,2006/11/02
600,2006/11/03
750,2006/11/03
1200,2006/11/04
1000,2006/11/04
600,2006/11/05
1000,2006/11/05
1000,2006/11/05
600,2006/11/06
800,2006/11/06
600,2006/11/08
900,2006/11/08
1000,2006/11/08
800,2006/11/09
700,2006/11/10
1200,2006/11/10
1000,2006/11/11
700,2006/11/12
800,2006/11/13
750,2006/11/14
950,2006/11/15
1000,2006/11/15
800,2006/11/16
1300,2006/11/16
1200,2006/11/16
800,2006/11/17
1000,2006/11/18
800,2006/11/19
900,2006/11/19
800,2006/11/20
1050,2006/11/21
900,2006/11/21
1000,2006/11/22
1000,2006/11/22
1100,2006/11/22
1000,2006/11/24
750,2006/11/24
1000,2006/11/29
850,2006/12/02
800,2006/12/05
1250,2006/12/05
800,2006/12/06
900,2006/12/06
850,2006/12/07
1200,2006/12/07
1200,2006/12/07
850,2006/12/08
950,2006/12/08
1000,2006/12/09
850,2006/12/10
1100,2006/12/10
850,2006/12/11
1500,2006/12/11
1200,2006/12/11
850,2006/12/12
1300,2006/12/12
800,2006/12/13
900,2006/12/13
800,2006/12/14
1300,2006/12/14
1200,2006/12/14
850,2006/12/15
1100,2006/12/15
1100,2006/12/16
850,2006/12/17
1200,2006/12/17
1000,2006/12/18
1500,2006/12/18
1100,2006/12/19
1150,2006/12/19
800,2006/12/20
1000,2006/12/21
1100,2006/12/21
1100,2006/12/22
1600,2006/12/23
1100,2006/12/24
600,2006/12/24
750,2006/12/25
900,2006/12/27
900,2006/12/28
1100,2006/12/28
1200,2006/12/28
950,2006/12/29
1200,2006/12/29
1000,2006/12/30
950,2006/12/31
850,2007/01/01
1200,2007/01/02
900,2007/01/03
900,2007/01/04
950,2007/01/05
950,2007/01/07
1000,2007/01/08
1000,2007/01/09
1200,2007/01/09
850,2007/01/10
1200,2007/01/10
1300,2007/01/11
850,2007/01/12
1450,2007/01/13
1200,2007/01/13
900,2007/01/14
1050,2007/01/15
1250,2007/01/15
1000,2007/01/16
900,2007/01/17
850,2007/01/18
850,2007/01/19
1400,2007/01/20
850,2007/01/21
800,2007/01/22
1200,2007/01/22
800,2007/01/24
1200,2007/01/24
900,2007/01/25
1000,2007/01/27
1400,2007/01/28
1000,2007/01/28
800,2007/01/29
800,2007/01/30
700,2007/01/31
1000,2007/01/31
550,2007/02/01
700,2007/02/01
700,2007/02/02
800,2007/02/02
600,2007/02/03
700,2007/02/04
1100,2007/02/04
800,2007/02/05
1000,2007/02/05
1000,2007/02/05
800,2007/02/06
550,2007/02/07
950,2007/02/07
800,2007/02/08
1100,2007/02/08
1000,2007/02/08
700,2007/02/09
650,2007/02/09
800,2007/02/10
750,2007/02/12
1100,2007/02/12
1000,2007/02/12
850,2007/02/13
750,2007/02/14
1000,2007/02/14
850,2007/02/15
850,2007/02/15
750,2007/02/16
800,2007/02/16
1000,2007/02/17
700,2007/02/18
1050,2007/02/18
750,2007/02/19
1100,2007/02/19
750,2007/02/20
800,2007/02/21
1200,2007/02/21
800,2007/02/22
850,2007/02/23
1000,2007/02/23
1200,2007/02/24
1100,2007/02/25
700,2007/02/26
950,2007/02/27
900,2007/02/28
950,2007/03/01
850,2007/03/02
1200,2007/03/02
850,2007/03/04
950,2007/03/05
1000,2007/03/05
850,2007/03/06
1000,2007/03/06
950,2007/03/08
950,2007/03/09
1000,2007/03/10
950,2007/03/11
1000,2007/03/12
1000,2007/03/13
950,2007/03/14
950,2007/03/14
950,2007/03/15
950,2007/03/15
750,2007/03/16
1100,2007/03/16
1050,2007/03/17
750,2007/03/18
1250,2007/03/18
1100,2007/03/19
950,2007/03/21
1350,2007/03/21
950,2007/03/22
950,2007/03/23
950,2007/03/25
950,2007/03/25
950,2007/03/28
1200,2007/03/28
1000,2007/03/29
1000,2007/03/29
950,2007/03/30
900,2007/03/30
950,2007/04/01
1100,2007/04/01
1200,2007/04/01
1250,2007/04/02
1100,2007/04/02
950,2007/04/02
1000,2007/04/03
1250,2007/04/03
1200,2007/04/04
1500,2007/04/04
900,2007/04/05
900,2007/04/06
1100,2007/04/06
1150,2007/04/07
900,2007/04/07
1000,2007/04/08
1100,2007/04/08
1000,2007/04/08
1200,2007/04/09
1200,2007/04/09
950,2007/04/10
1400,2007/04/10
1100,2007/04/10
1450,2007/04/11
1100,2007/04/11
900,2007/04/12
950,2007/04/12
1200,2007/04/12
1000,2007/04/13
1250,2007/04/13
900,2007/04/13
1100,2007/04/13
1050,2007/04/14
1000,2007/04/14
500,2007/04/15
1200,2007/04/15
1000,2007/04/15
1050,2007/04/16
1150,2007/04/16
1000,2007/04/16
1100,2007/04/16
900,2007/04/17
900,2007/04/17
1050,2007/04/18
1050,2007/04/19
900,2007/04/20
1100,2007/04/20
1000,2007/04/20
1050,2007/04/21
1200,2007/04/21
1000,2007/04/22
900,2007/04/23
1050,2007/04/23
650,2007/04/23
900,2007/04/24
1100,2007/04/24
1200,2007/04/24
1150,2007/04/24
900,2007/04/25
1250,2007/04/25
1200,2007/04/25
950,2007/04/26
1100,2007/04/26
800,2007/04/27
1350,2007/04/27
1200,2007/04/27
1300,2007/04/27
650,2007/04/28
800,2007/04/29
1100,2007/04/29
1250,2007/04/29
1050,2007/04/30
1000,2007/04/30
1300,2007/04/30
1000,2007/05/01
1200,2007/05/01
800,2007/05/02
1150,2007/05/02
1100,2007/05/03
1050,2007/05/03
950,2007/05/03
950,2007/05/04
1100,2007/05/04
750,2007/05/04
1150,2007/05/04
1000,2007/05/05
700,2007/05/05
1200,2007/05/05
950,2007/05/06
750,2007/05/06
950,2007/05/07
950,2007/05/07
850,2007/05/07
1050,2007/05/07
800,2007/05/08
1050,2007/05/08
1000,2007/05/08
900,2007/05/08
900,2007/05/09
1050,2007/05/09
850,2007/05/09
1050,2007/05/09
1100,2007/05/10
700,2007/05/10
1150,2007/05/10
900,2007/05/11
800,2007/05/11
1000,2007/05/11
900,2007/05/12
800,2007/05/12
1050,2007/05/12
900,2007/05/13
1050,2007/05/13
1000,2007/05/13
900,2007/05/14
1000,2007/05/14
750,2007/05/14
1100,2007/05/14
1000,2007/05/15
700,2007/05/15
1050,2007/05/16
900,2007/05/16
1000,2007/05/16
900,2007/05/17
1000,2007/05/17
950,2007/05/18
1000,2007/05/18
800,2007/05/18
1050,2007/05/18
800,2007/05/19
1100,2007/05/19
1025,2007/05/19
950,2007/05/20
800,2007/05/20
800,2007/05/20
900,2007/05/21
1000,2007/05/21
1000,2007/05/21
900,2007/05/22
700,2007/05/22
900,2007/05/23
900,2007/05/23
900,2007/05/23
1150,2007/05/24
900,2007/05/24
800,2007/05/24
900,2007/05/25
1000,2007/05/25
950,2007/05/25
750,2007/05/26
900,2007/05/26
1000,2007/05/27
800,2007/05/28
800,2007/05/28
950,2007/05/28
1000,2007/05/29
600,2007/05/29
700,2007/05/29
900,2007/05/30
950,2007/05/30
950,2007/05/30
950,2007/05/31
800,2007/06/01
850,2007/06/02
850,2007/06/03
800,2007/06/03
850,2007/06/03
800,2007/06/04
800,2007/06/04
900,2007/06/04
700,2007/06/05
800,2007/06/05
900,2007/06/06
950,2007/06/08
800,2007/06/08
850,2007/06/08
800,2007/06/09
1000,2007/06/09
950,2007/06/10
800,2007/06/10
950,2007/06/10
750,2007/06/11
750,2007/06/12
900,2007/06/12
800,2007/06/13
1050,2007/06/13
1150,2007/06/14
1000,2007/06/14
900,2007/06/15
800,2007/06/16
850,2007/06/17
900,2007/06/17
750,2007/06/17
950,2007/06/17
800,2007/06/18
1000,2007/06/18
900,2007/06/19
950,2007/06/19
900,2007/06/19
950,2007/06/19
850,2007/06/20
800,2007/06/20
900,2007/06/20
900,2007/06/21
1050,2007/06/21
950,2007/06/21
900,2007/06/22
900,2007/06/23
800,2007/06/23
800,2007/06/24
900,2007/06/25
1000,2007/06/25
1000,2007/06/25
1000,2007/06/25
950,2007/06/26
950,2007/06/26
900,2007/06/26
900,2007/06/27
900,2007/06/27
1050,2007/06/28
900,2007/06/28
950,2007/06/28
800,2007/06/29
1000,2007/06/29
750,2007/06/30
900,2007/07/01
1000,2007/07/01
700,2007/07/01
800,2007/07/02
950,2007/07/02
950,2007/07/02
950,2007/07/03
950,2007/07/03
1200,2007/07/04
1250,2007/07/04
900,2007/07/05
1100,2007/07/05
1100,2007/07/05
1100,2007/07/05
900,2007/07/06
850,2007/07/06
1200,2007/07/07
1150,2007/07/07
1200,2007/07/07
1250,2007/07/08
900,2007/07/09
1600,2007/07/09
1250,2007/07/09
1050,2007/07/10
1700,2007/07/10
1200,2007/07/10
1050,2007/07/11
1250,2007/07/11
1300,2007/07/11
1100,2007/07/12
1800,2007/07/12
1250,2007/07/12
1100,2007/07/13
1650,2007/07/13
1300,2007/07/13
1250,2007/07/14
1100,2007/07/15
1400,2007/07/15
1200,2007/07/15
1000,2007/07/16
1500,2007/07/16
1200,2007/07/16
1050,2007/07/17
1450,2007/07/17
1100,2007/07/18
1000,2007/07/18
1300,2007/07/19
1000,2007/07/20
750,2007/07/20
950,2007/07/21
1000,2007/07/22
1100,2007/07/22
950,2007/07/22
850,2007/07/23
1150,2007/07/23
900,2007/07/23
900,2007/07/24
800,2007/07/24
800,2007/07/24
900,2007/07/25
700,2007/07/25
750,2007/07/25
800,2007/07/26
700,2007/07/26
800,2007/07/26
800,2007/07/27
600,2007/07/27
650,2007/07/28
550,2007/07/28
850,2007/07/29
500,2007/07/29
650,2007/07/30
550,2007/07/30
700,2007/07/31
700,2007/07/31
750,2007/07/31
550,2007/08/01
600,2007/08/01
650,2007/08/01
600,2007/08/02
550,2007/08/02
550,2007/08/02
900,2007/08/02
500,2007/08/03
900,2007/08/04
450,2007/08/04
500,2007/08/05
550,2007/08/05
1000,2007/08/05
600,2007/08/06
650,2007/08/06
450,2007/08/06
500,2007/08/07
450,2007/08/07
550,2007/08/08
600,2007/08/08
600,2007/08/08
550,2007/08/09
600,2007/08/09
550,2007/08/09
800,2007/08/09
400,2007/08/10
1025,2007/08/11
600,2007/08/11
950,2007/08/12
600,2007/08/13
500,2007/08/14
650,2007/08/14
800,2007/08/14
850,2007/08/15
650,2007/08/16
850,2007/08/16
650,2007/08/16
850,2007/08/16
750,2007/08/17
820,2007/08/17
550,2007/08/17
650,2007/08/18
1050,2007/08/19
850,2007/08/19
750,2007/08/20
700,2007/08/20
750,2007/08/21
900,2007/08/21
650,2007/08/21
800,2007/08/21
900,2007/08/22
700,2007/08/22
700,2007/08/23
900,2007/08/23
650,2007/08/23
800,2007/08/23
600,2007/08/24
750,2007/08/24
750,2007/08/24
800,2007/08/25
700,2007/08/25
800,2007/08/25
600,2007/08/26
800,2007/08/26
500,2007/08/26
650,2007/08/27
900,2007/08/27
600,2007/08/27
600,2007/08/28
300,2007/08/28
700,2007/08/28
600,2007/08/29
650,2007/08/29
600,2007/08/30
750,2007/08/30
550,2007/08/31
950,2007/08/31
600,2007/08/31
650,2007/08/31
650,2007/09/01
450,2007/09/01
600,2007/09/01
650,2007/09/02
800,2007/09/02
600,2007/09/02
650,2007/09/02
550,2007/09/03
900,2007/09/04
500,2007/09/04
600,2007/09/05
800,2007/09/05
450,2007/09/05
550,2007/09/06
800,2007/09/06
650,2007/09/06
700,2007/09/06
400,2007/09/07
550,2007/09/07
800,2007/09/08
550,2007/09/08
500,2007/09/08
700,2007/09/09
500,2007/09/10
900,2007/09/10
600,2007/09/10
600,2007/09/10
500,2007/09/11
850,2007/09/11
650,2007/09/11
550,2007/09/11
600,2007/09/12
800,2007/09/12
600,2007/09/12
700,2007/09/12
750,2007/09/13
700,2007/09/13
700,2007/09/13
800,2007/09/13
600,2007/09/14
750,2007/09/14
500,2007/09/14
800,2007/09/15
600,2007/09/15
800,2007/09/15
600,2007/09/16
1150,2007/09/16
550,2007/09/16
550,2007/09/17
1150,2007/09/17
750,2007/09/18
1100,2007/09/18
700,2007/09/18
570,2007/09/18
700,2007/09/19
900,2007/09/19
700,2007/09/20
900,2007/09/20
600,2007/09/20
850,2007/09/20
500,2007/09/21
1000,2007/09/21
450,2007/09/21
1000,2007/09/21
1100,2007/09/22
650,2007/09/22
500,2007/09/23
1100,2007/09/23
600,2007/09/24
550,2007/09/25
1000,2007/09/25
650,2007/09/27
1350,2007/09/27
1000,2007/09/27
1450,2007/09/28
1100,2007/09/28
1100,2007/09/28
1200,2007/09/29
900,2007/09/30
1350,2007/09/30
950,2007/09/30
1100,2007/09/30
900,2007/10/01
1350,2007/10/01
900,2007/10/01
1300,2007/10/02
1000,2007/10/03
1250,2007/10/03
1225,2007/10/03
900,2007/10/04
1350,2007/10/04
1050,2007/10/05
1350,2007/10/05
950,2007/10/05
1200,2007/10/05
1200,2007/10/06
1050,2007/10/07
1350,2007/10/07
1350,2007/10/07
1400,2007/10/07
1100,2007/10/08
1450,2007/10/08
1400,2007/10/08
1100,2007/10/09
1200,2007/10/09
1400,2007/10/09
1350,2007/10/11
1150,2007/10/11
950,2007/10/12
950,2007/10/12
1000,2007/10/12
900,2007/10/13
800,2007/10/14
1000,2007/10/14
1100,2007/10/14
800,2007/10/15
1000,2007/10/15
1250,2007/10/15
1100,2007/10/16
1000,2007/10/16
1250,2007/10/17
1000,2007/10/17
1100,2007/10/17
1100,2007/10/18
1100,2007/10/18
850,2007/10/19
950,2007/10/19
1200,2007/10/19
1100,2007/10/20
900,2007/10/20
700,2007/10/21
1000,2007/10/21
1200,2007/10/21
950,2007/10/22
950,2007/10/22
1100,2007/10/22
850,2007/10/23
800,2007/10/23
900,2007/10/23
750,2007/10/23
950,2007/10/24
1200,2007/10/24
1000,2007/10/24
900,2007/10/25
1100,2007/10/25
1100,2007/10/25
1150,2007/10/25
900,2007/10/26
1150,2007/10/26
700,2007/10/26
1050,2007/10/26
1050,2007/10/27
1000,2007/10/27
900,2007/10/28
1200,2007/10/28
850,2007/10/28
1100,2007/10/28
1100,2007/10/29
1100,2007/10/29
900,2007/10/30
1100,2007/10/30
1400,2007/10/30
1000,2007/10/30
900,2007/10/31
950,2007/10/31
1250,2007/10/31
1000,2007/11/01
950,2007/11/01
1000,2007/11/02
750,2007/11/02
1000,2007/11/02
600,2007/11/03
900,2007/11/03
1000,2007/11/04
750,2007/11/04
1050,2007/11/04
1100,2007/11/05
850,2007/11/05
1000,2007/11/05
1000,2007/11/05
950,2007/11/06
550,2007/11/06
850,2007/11/06
950,2007/11/07
600,2007/11/07
750,2007/11/07
1000,2007/11/07
800,2007/11/08
850,2007/11/08
900,2007/11/08
900,2007/11/12
850,2007/11/12
850,2007/11/13
900,2007/11/14
400,2007/11/14
800,2007/11/15
750,2007/11/15
1150,2007/11/15
1200,2007/11/15
850,2007/11/16
700,2007/11/16
950,2007/11/16
850,2007/11/17
1000,2007/11/17
850,2007/11/18
1000,2007/11/19
1000,2007/11/19
1200,2007/11/19
1000,2007/11/20
1300,2007/11/20
1100,2007/11/21
1100,2007/11/21
1200,2007/11/22
1100,2007/11/23
1250,2007/11/23
1100,2007/11/23
1250,2007/11/24
1100,2007/11/25
1350,2007/11/25
1200,2007/11/27
1450,2007/11/27
1100,2007/11/28
1450,2007/11/28
1100,2007/11/28
1300,2007/11/29
1200,2007/11/29
1600,2007/11/29
1300,2007/11/30
1350,2007/11/30
1250,2007/11/30
1200,2007/12/01
1500,2007/12/01
1250,2007/12/07
1100,2007/12/07
900,2007/12/08
1400,2007/12/08
1500,2007/12/09
1150,2007/12/10
1400,2007/12/10
1150,2007/12/11
1550,2007/12/11
1100,2007/12/11
1150,2007/12/12
1400,2007/12/12
1150,2007/12/14
1500,2007/12/15
1000,2007/12/15
1150,2007/12/16
1550,2007/12/16
1200,2007/12/16
1250,2007/12/17
1450,2007/12/17
1100,2007/12/18
1150,2007/12/19
1650,2007/12/19
1450,2007/12/20
1300,2007/12/21
1400,2007/12/21
1400,2007/12/22
1300,2007/12/23
1450,2007/12/23
1350,2007/12/25
900,2007/12/26
1650,2007/12/27
1500,2007/12/27
350,2007/12/31
1250,2008/01/01
1450,2008/01/02
1500,2008/01/03
1350,2008/01/05
1200,2008/01/06
1200,2008/01/06
1200,2008/01/07
1250,2008/01/07
1150,2008/01/08
1500,2008/01/08
1350,2008/01/09
1500,2008/01/09
1500,2008/01/10
1300,2008/01/11
1300,2008/01/11
1200,2008/01/12
1300,2008/01/13
1300,2008/01/13
1500,2008/01/13
1250,2008/01/14
1250,2008/01/15
1250,2008/01/15
1350,2008/01/16
1350,2008/01/16
1350,2008/01/17
1500,2008/01/17
1250,2008/01/18
1300,2008/01/18
1300,2008/01/20
1400,2008/01/20
1250,2008/01/21
1250,2008/01/21
1250,2008/01/22
1250,2008/01/22
1250,2008/01/23
1250,2008/01/23
1250,2008/01/24
1350,2008/01/24
1250,2008/01/25
1000,2008/01/27
1250,2008/01/30
1550,2008/01/30
1600,2008/01/30
1150,2008/01/31
1550,2008/01/31
1300,2008/02/01
1500,2008/02/01
1600,2008/02/02
1150,2008/02/03
1300,2008/02/04
1450,2008/02/04
1400,2008/02/05
1600,2008/02/05
1300,2008/02/06
1550,2008/02/06
1250,2008/02/07
1500,2008/02/07
1550,2008/02/08
1700,2008/02/10
1500,2008/02/11
1650,2008/02/11
1100,2008/02/12
1600,2008/02/12
1400,2008/02/13
1700,2008/02/13
1500,2008/02/14
1600,2008/02/14
1500,2008/02/15
1750,2008/02/15
1500,2008/02/16
1800,2008/02/16
1500,2008/02/17
1550,2008/02/17
1150,2008/02/18
1700,2008/02/19
1300,2008/02/20
1950,2008/02/20
1950,2008/02/20
1300,2008/02/21
1750,2008/02/21
1300,2008/02/22
1700,2008/02/22
1800,2008/02/23
1300,2008/02/24
2150,2008/02/24
1300,2008/02/25
1400,2008/02/26
1650,2008/02/26
1400,2008/02/27
1300,2008/02/28
1800,2008/02/28
1400,2008/02/29
1650,2008/03/01
1500,2008/03/03
1600,2008/03/03
1400,2008/03/04
1750,2008/03/04
1750,2008/03/06
1400,2008/03/07
1850,2008/03/07
1500,2008/03/08
1400,2008/03/09
1500,2008/03/09
1400,2008/03/10
1250,2008/03/10
1400,2008/03/11
1500,2008/03/11
2000,2008/03/11
1400,2008/03/12
1400,2008/03/13
1300,2008/03/13
1100,2008/03/14
1400,2008/03/14
1150,2008/03/15
1200,2008/03/15
1150,2008/03/16
1350,2008/03/16
1500,2008/03/17
1250,2008/03/18
1350,2008/03/18
1200,2008/03/19
1000,2008/03/19
1250,2008/03/20
1300,2008/03/20
1300,2008/03/20
1250,2008/03/21
700,2008/03/21
1200,2008/03/21
1100,2008/03/22
1250,2008/03/23
950,2008/03/23
1500,2008/03/23
1250,2008/03/24
850,2008/03/24
750,2008/03/24
1100,2008/03/25
1150,2008/03/25
1500,2008/03/25
1250,2008/03/26
1050,2008/03/26
1350,2008/03/26
1300,2008/03/26
1200,2008/03/27
1100,2008/03/27
1350,2008/03/27
1200,2008/03/28
1150,2008/03/28
1500,2008/03/28
1200,2008/03/29
1200,2008/03/30
1400,2008/03/30
1150,2008/03/30
1200,2008/03/31
1250,2008/03/31
1200,2008/03/31
1200,2008/04/01
1350,2008/04/01
1200,2008/04/02
1050,2008/04/02
1150,2008/04/02
1200,2008/04/03
1400,2008/04/03
1350,2008/04/03
1150,2008/04/04
1400,2008/04/04
1450,2008/04/04
1000,2008/04/05
1100,2008/04/13
1200,2008/04/13
1600,2008/04/13
1200,2008/04/14
1150,2008/04/14
1150,2008/04/15
1350,2008/04/15
1150,2008/04/15
1250,2008/04/16
1250,2008/04/17
750,2008/04/17
1150,2008/04/18
1250,2008/04/18
1200,2008/04/18
1200,2008/04/19
1500,2008/04/19
1100,2008/04/20
1150,2008/04/20
1250,2008/04/21
1300,2008/04/21
1300,2008/04/22
1250,2008/04/22
1450,2008/04/22
1300,2008/04/23
1250,2008/04/23
1200,2008/04/23
1100,2008/04/24
1200,2008/04/24
1550,2008/04/24
1100,2008/04/25
1450,2008/04/26
1250,2008/04/27
1100,2008/04/27
1250,2008/04/28
1150,2008/04/28
1100,2008/04/28
1250,2008/04/29
1050,2008/04/29
1000,2008/04/29
1300,2008/04/30
1200,2008/04/30
1250,2008/05/01
1150,2008/05/02
1150,2008/05/02
1150,2008/05/03
1000,2008/05/03
1550,2008/05/03
1300,2008/05/04
1100,2008/05/04
1400,2008/05/05
1200,2008/05/05
1300,2008/05/06
1100,2008/05/06
1200,2008/05/07
1450,2008/05/07
1150,2008/05/08
1300,2008/05/08
1000,2008/05/08
1300,2008/05/09
1200,2008/05/09
950,2008/05/09
1300,2008/05/10
1150,2008/05/10
1300,2008/05/11
1250,2008/05/11
1350,2008/05/11
1150,2008/05/12
1300,2008/05/12
1200,2008/05/13
1350,2008/05/13
1200,2008/05/13
1200,2008/05/13
1350,2008/05/14
1300,2008/05/14
1300,2008/05/14
1400,2008/05/15
1250,2008/05/15
1050,2008/05/15
1300,2008/05/16
1250,2008/05/16
900,2008/05/16
950,2008/05/17
1150,2008/05/18
1300,2008/05/18
1150,2008/05/19
1100,2008/05/19
1050,2008/05/19
1200,2008/05/20
1200,2008/05/20
1050,2008/05/20
1100,2008/05/21
1000,2008/05/23
1150,2008/05/23
1150,2008/05/23
1100,2008/05/24
1050,2008/05/24
1000,2008/05/25
1100,2008/05/25
850,2008/05/25
1100,2008/05/26
1200,2008/05/26
1200,2008/05/26
1250,2008/05/26
1050,2008/05/27
1050,2008/05/27
850,2008/05/27
950,2008/05/28
900,2008/05/28
1050,2008/05/29
950,2008/05/29
900,2008/05/29
900,2008/05/30
1050,2008/05/30
1000,2008/05/31
700,2008/05/31
1200,2008/06/01
1000,2008/06/01
1150,2008/06/02
1200,2008/06/02
900,2008/06/02
1050,2008/06/03
1100,2008/06/03
1100,2008/06/04
900,2008/06/04
900,2008/06/04
1050,2008/06/05
1050,2008/06/05
1000,2008/06/06
1100,2008/06/06
900,2008/06/06
950,2008/06/07
1100,2008/06/07
1050,2008/06/08
1200,2008/06/08
950,2008/06/08
1000,2008/06/09
1300,2008/06/09
900,2008/06/09
1000,2008/06/10
1250,2008/06/10
900,2008/06/10
950,2008/06/11
1250,2008/06/11
1000,2008/06/11
1150,2008/06/12
1100,2008/06/12
1550,2008/06/13
1100,2008/06/13
1350,2008/06/14
1050,2008/06/15
1600,2008/06/15
1200,2008/06/15
1150,2008/06/16
700,2008/06/16
1200,2008/06/17
1650,2008/06/17
1250,2008/06/17
1500,2008/06/17
1000,2008/06/18
1300,2008/06/18
1750,2008/06/19
1250,2008/06/19
1550,2008/06/19
1750,2008/06/20
1750,2008/06/20
1700,2008/06/20
1850,2008/06/21
2130,2008/06/21
1350,2008/06/22
1500,2008/06/23
1300,2008/06/25
1050,2008/06/25
1650,2008/06/25
1050,2008/06/26
1500,2008/06/26
1200,2008/06/27
1250,2008/06/27
800,2008/06/27
900,2008/06/28
1250,2008/06/28
1450,2008/06/28
1200,2008/06/29
1150,2008/06/29
1800,2008/06/29
1050,2008/06/30
950,2008/06/30
1100,2008/06/30
1100,2008/07/01
1050,2008/07/01
1120,2008/07/01
1500,2008/07/01
1100,2008/07/02
1450,2008/07/02
1150,2008/07/03
1050,2008/07/03
1100,2008/07/03
1100,2008/07/04
1250,2008/07/04
1100,2008/07/05
750,2008/07/05
1100,2008/07/06
1150,2008/07/06
1200,2008/07/06
1400,2008/07/06
1100,2008/07/07
1300,2008/07/07
1100,2008/07/07
950,2008/07/08
1450,2008/07/08
1350,2008/07/08
1600,2008/07/08
1000,2008/07/09
1200,2008/07/09
1150,2008/07/10
1600,2008/07/10
1450,2008/07/10
1200,2008/07/11
1250,2008/07/11
1300,2008/07/11
1350,2008/07/11
1300,2008/07/12
1250,2008/07/12
1300,2008/07/12
1100,2008/07/13
1250,2008/07/13
1000,2008/07/13
1500,2008/07/13
1100,2008/07/14
1400,2008/07/14
1150,2008/07/14
1350,2008/07/15
900,2008/07/15
1300,2008/07/16
950,2008/07/16
1050,2008/07/16
1000,2008/07/17
1400,2008/07/17
1550,2008/07/18
1300,2008/07/19
1200,2008/07/19
1100,2008/07/20
1350,2008/07/20
1000,2008/07/21
1450,2008/07/21
900,2008/07/21
1100,2008/07/22
1200,2008/07/22
1100,2008/07/25
1050,2008/07/25
900,2008/07/25
1100,2008/07/26
1100,2008/07/26
1500,2008/07/26
950,2008/07/27
900,2008/07/27
1000,2008/07/27
950,2008/07/28
1100,2008/07/28
1000,2008/07/28
850,2008/07/29
1050,2008/07/29
900,2008/07/29
800,2008/07/30
1050,2008/07/30
850,2008/07/30
1250,2008/07/30
700,2008/07/31
1300,2008/07/31
850,2008/07/31
1350,2008/07/31
800,2008/08/01
1500,2008/08/02
1600,2008/08/03
1300,2008/08/03
900,2008/08/04
1500,2008/08/04
1100,2008/08/04
1300,2008/08/05
1000,2008/08/05
750,2008/08/06
1000,2008/08/06
1450,2008/08/07
700,2008/08/07
950,2008/08/08
1300,2008/08/08
1500,2008/08/09
1100,2008/08/09
1250,2008/08/09
900,2008/08/10
1600,2008/08/10
1000,2008/08/10
1300,2008/08/10
900,2008/08/11
1500,2008/08/11
1000,2008/08/11
1100,2008/08/12
1700,2008/08/12
1100,2008/08/12
1550,2008/08/13
1250,2008/08/13
1500,2008/08/13
1200,2008/08/14
1400,2008/08/14
1150,2008/08/14
1850,2008/08/16
1100,2008/08/16
1350,2008/08/20
1900,2008/08/20
1250,2008/08/20
1150,2008/08/21
2000,2008/08/21
1450,2008/08/21
1450,2008/08/22
1600,2008/08/23
1400,2008/08/24
1500,2008/08/25
1700,2008/08/25
1150,2008/08/26
1800,2008/08/26
1650,2008/08/27
950,2008/08/27
1100,2008/09/04
1100,2008/09/04
950,2008/09/05
1000,2008/09/07
1000,2008/09/07
850,2008/09/08
1050,2008/09/08
950,2008/09/09
900,2008/09/09
1000,2008/09/10
1100,2008/09/10
900,2008/09/11
1100,2008/09/11
1150,2008/09/13
1200,2008/09/16
1250,2008/09/16
1400,2008/09/17
1350,2008/09/17
1400,2008/09/18
1400,2008/09/18
1750,2008/09/19
1400,2008/09/19
2050,2008/09/20
1850,2008/09/21
2000,2008/09/21
1750,2008/09/23
2700,2008/09/23
2000,2008/09/23
2750,2008/09/24
2500,2008/09/24
2150,2008/09/25
2000,2008/09/25
2000,2008/09/26
1850,2008/09/26
2800,2008/09/27
2000,2008/09/28
2000,2008/09/28
2000,2008/09/29
1800,2008/09/30
2050,2008/09/30
1750,2008/10/01
1150,2008/10/01
1900,2008/10/01
1400,2008/10/02
1250,2008/10/02
1600,2008/10/02
1500,2008/10/03
1200,2008/10/03
1600,2008/10/03
2000,2008/10/03
1300,2008/10/04
1200,2008/10/05
1500,2008/10/05
1400,2008/10/05
1150,2008/10/06
1500,2008/10/06
1400,2008/10/06
2000,2008/10/06
1200,2008/10/07
1250,2008/10/07
1200,2008/10/07
1150,2008/10/08
1000,2008/10/08
1100,2008/10/09
1250,2008/10/09
1350,2008/10/09
1150,2008/10/10
1250,2008/10/10
950,2008/10/10
1400,2008/10/11
1200,2008/10/11
1100,2008/10/12
1650,2008/10/12
1250,2008/10/12
1100,2008/10/13
1400,2008/10/13
1850,2008/10/14
1500,2008/10/14
1450,2008/10/15
1200,2008/10/16
1850,2008/10/16
1800,2008/10/16
1850,2008/10/17
1850,2008/10/18
1550,2008/10/18
1750,2008/10/19
1300,2008/10/20
1250,2008/10/20
1500,2008/10/20
1050,2008/10/21
1100,2008/10/21
1900,2008/10/22
1400,2008/10/23
1050,2008/10/23
1300,2008/10/24
1550,2008/10/24
1500,2008/10/25
1300,2008/10/26
1500,2008/10/26
1300,2008/10/26
1200,2008/10/27
1200,2008/10/28
1450,2008/10/28
1300,2008/10/28
1150,2008/10/30
1250,2008/10/30
1200,2008/10/31
1450,2008/10/31
1600,2008/10/31
1250,2008/11/01
1400,2008/11/01
1050,2008/11/01
1000,2008/11/02
1250,2008/11/02
1150,2008/11/03
1050,2008/11/03
1200,2008/11/04
1050,2008/11/04
1000,2008/11/04
1000,2008/11/04
1200,2008/11/05
1300,2008/11/05
850,2008/11/05
1500,2008/11/05
1250,2008/11/06
1500,2008/11/06
1150,2008/11/09
1250,2008/11/09
1500,2008/11/09
1250,2008/11/10
1250,2008/11/10
1350,2008/11/10
1400,2008/11/10
1300,2008/11/11
1250,2008/11/11
1100,2008/11/11
1050,2008/11/13
1050,2008/11/13
700,2008/11/13
1150,2008/11/14
1250,2008/11/14
1500,2008/11/14
1500,2008/11/15
950,2008/11/16
1350,2008/11/16
1500,2008/11/16
1100,2008/11/17
1000,2008/11/17
1500,2008/11/17
950,2008/11/18
950,2008/11/18
1050,2008/11/18
1100,2008/11/19
900,2008/11/19
900,2008/11/20
1050,2008/11/20
1500,2008/11/20
750,2008/11/21
1300,2008/11/21
1000,2008/11/21
1000,2008/11/22
850,2008/11/23
1000,2008/11/23
650,2008/11/24
875,2008/11/24
1000,2008/11/24
700,2008/11/25
1050,2008/11/25
950,2008/11/25
850,2008/11/26
1050,2008/11/26
1000,2008/11/26
1150,2008/11/26
1000,2008/11/27
800,2008/11/27
1000,2008/11/27
1050,2008/11/28
700,2008/11/28
1000,2008/11/28
1200,2008/11/29
1100,2008/11/30
1200,2008/11/30
1650,2008/11/30
1150,2008/11/30
1100,2008/12/01
1200,2008/12/01
1150,2008/12/02
1000,2008/12/03
900,2008/12/03
900,2008/12/04
1150,2008/12/04
900,2008/12/05
1250,2008/12/05
700,2008/12/06
900,2008/12/06
1000,2008/12/06
1050,2008/12/07
1300,2008/12/07
1000,2008/12/07
1200,2008/12/08
1150,2008/12/08
1100,2008/12/09
1150,2008/12/09
1100,2008/12/10
1300,2008/12/10
1500,2008/12/11
1050,2008/12/11
1100,2008/12/12
1500,2008/12/12
800,2008/12/12
1250,2008/12/12
1350,2008/12/13
1050,2008/12/14
1500,2008/12/14
1100,2008/12/15
1400,2008/12/15
1050,2008/12/16
1450,2008/12/16
1400,2008/12/16
1050,2008/12/17
1500,2008/12/17
1200,2008/12/18
1300,2008/12/18
950,2008/12/19
1200,2008/12/19
1400,2008/12/19
1350,2008/12/20
1400,2008/12/20
1100,2008/12/21
1550,2008/12/21
1100,2008/12/22
1500,2008/12/22
1100,2008/12/23
1300,2008/12/23
1100,2008/12/24
1300,2008/12/24
1100,2008/12/25
1200,2008/12/25
1100,2008/12/26
1300,2008/12/26
1300,2008/12/26
1400,2008/12/27
1400,2008/12/27
1100,2008/12/28
1500,2008/12/28
1250,2008/12/28
1450,2008/12/29
1150,2008/12/30
1850,2008/12/30
1100,2008/12/31
1850,2008/12/31
1400,2008/12/31
1100,2009/01/01
1750,2009/01/01
1000,2009/01/01
1100,2009/01/02
1650,2009/01/02
1150,2009/01/04
1550,2009/01/04
1450,2009/01/04
1250,2009/01/05
1650,2009/01/06
1125,2009/01/06
1350,2009/01/07
1500,2009/01/08
1550,2009/01/09
1250,2009/01/09
1550,2009/01/10
1250,2009/01/11
1350,2009/01/11
1150,2009/01/11
1100,2009/01/12
1100,2009/01/12
1100,2009/01/13
1100,2009/01/14
1750,2009/01/14
1500,2009/01/14
1100,2009/01/15
1100,2009/01/16
1400,2009/01/16
1250,2009/01/17
1800,2009/01/17
1000,2009/01/18
1400,2009/01/18
1200,2009/01/18
1000,2009/01/19
1250,2009/01/19
1000,2009/01/20
1400,2009/01/20
900,2009/01/21
1300,2009/01/21
1400,2009/01/21
900,2009/01/22
1500,2009/01/22
950,2009/01/23
1200,2009/01/23
1100,2009/01/24
900,2009/01/25
1450,2009/01/27
1250,2009/01/28
1250,2009/01/29
1200,2009/01/29
850,2009/01/30
900,2009/02/01
900,2009/02/02
1250,2009/02/02
1300,2009/02/02
900,2009/02/03
1400,2009/02/03
850,2009/02/04
1400,2009/02/04
1000,2009/02/04
1050,2009/02/05
1400,2009/02/05
1050,2009/02/06
1400,2009/02/06
1200,2009/02/06
1550,2009/02/07
1000,2009/02/07
1550,2009/02/08
950,2009/02/09
1400,2009/02/09
1200,2009/02/10
1000,2009/02/11
1300,2009/02/11
1200,2009/02/11
1150,2009/02/11
1450,2009/02/12
1300,2009/02/13
1200,2009/02/14
1200,2009/02/14
900,2009/02/15
1250,2009/02/15
750,2009/02/16
1350,2009/02/16
1100,2009/02/16
950,2009/02/17
1400,2009/02/17
950,2009/02/18
1400,2009/02/18
1200,2009/02/18
950,2009/02/19
1300,2009/02/19
1200,2009/02/20
950,2009/02/21
1100,2009/02/22
1200,2009/02/22
1050,2009/02/23
750,2009/02/24
1000,2009/02/24
1200,2009/02/24
700,2009/02/25
950,2009/02/26
1250,2009/02/26
1200,2009/02/27
1250,2009/03/01
950,2009/03/02
1450,2009/03/03
1400,2009/03/08
1500,2009/03/09
1100,2009/03/10
1350,2009/03/10
1400,2009/03/10
900,2009/03/11
1250,2009/03/11
1550,2009/03/11
1000,2009/03/12
1000,2009/03/13
1200,2009/03/13
1200,2009/03/13
1300,2009/03/14
1500,2009/03/14
1050,2009/03/15
1250,2009/03/16
1000,2009/03/17
1300,2009/03/17
1400,2009/03/17
1000,2009/03/18
950,2009/03/19
1250,2009/03/19
1050,2009/03/20
1550,2009/03/20
1300,2009/03/21
1200,2009/03/21
1350,2009/03/22
1300,2009/03/22
1100,2009/03/23
1350,2009/03/23
800,2009/03/24
1300,2009/03/24
1050,2009/03/25
1350,2009/03/25
1050,2009/03/26
1200,2009/03/26
1250,2009/03/26
1250,2009/03/26
1400,2009/03/27
1200,2009/03/28
1200,2009/03/29
1100,2009/03/29
1200,2009/03/30
1200,2009/03/31
1200,2009/04/01
1250,2009/04/02
1400,2009/04/02
1200,2009/04/02
1250,2009/04/03
1180,2009/04/03
1200,2009/04/04
1200,2009/04/04
1150,2009/04/05
950,2009/04/05
1100,2009/04/06
1200,2009/04/07
1050,2009/04/09
1100,2009/04/09
1150,2009/04/10
1100,2009/04/11
1050,2009/04/12
900,2009/04/12
1200,2009/04/13
850,2009/04/13
1250,2009/04/14
1100,2009/04/14
1200,2009/04/15
1250,2009/04/15
1100,2009/04/16
1000,2009/04/17
1100,2009/04/18
1250,2009/04/18
1200,2009/04/19
1200,2009/04/21
850,2009/04/21
1200,2009/04/22
1000,2009/04/22
1100,2009/04/23
1200,2009/04/24
1100,2009/04/28
1000,2009/04/28
1050,2009/04/29
1200,2009/04/30
850,2009/04/30
850,2009/05/02
1000,2009/05/03
1100,2009/05/04
1200,2009/05/04
800,2009/05/04
800,2009/05/05
1250,2009/05/05
900,2009/05/05
1250,2009/05/05
1150,2009/05/06
850,2009/05/06
1250,2009/05/06
1100,2009/05/07
1000,2009/05/07
1250,2009/05/07
1000,2009/05/08
1200,2009/05/08
1150,2009/05/09
850,2009/05/09
1250,2009/05/09
1350,2009/05/10
1250,2009/05/10
1100,2009/05/11
1300,2009/05/11
850,2009/05/11
1200,2009/05/12
750,2009/05/12
1050,2009/05/13
900,2009/05/13
1300,2009/05/14
1000,2009/05/14
1050,2009/05/15
1400,2009/05/15
900,2009/05/15
1150,2009/05/15
1250,2009/05/16
1300,2009/05/16
1300,2009/05/16
1200,2009/05/17
1300,2009/05/17
1200,2009/05/17
1050,2009/05/18
1250,2009/05/18
800,2009/05/18
1100,2009/05/19
1150,2009/05/19
850,2009/05/19
1300,2009/05/19
1050,2009/05/20
1050,2009/05/20
1150,2009/05/20
1250,2009/05/20
1100,2009/05/21
900,2009/05/21
1250,2009/05/21
1200,2009/05/22
700,2009/05/22
1200,2009/05/22
1200,2009/05/23
900,2009/05/23
1250,2009/05/23
1200,2009/05/24
750,2009/05/24
1250,2009/05/25
1100,2009/05/25
1200,2009/05/25
1300,2009/05/26
1000,2009/05/26
1250,2009/05/27
1000,2009/05/27
1200,2009/05/27
1200,2009/05/28
1100,2009/05/28
1250,2009/05/29
900,2009/05/30
1250,2009/05/30
1250,2009/05/31
1000,2009/05/31
1000,2009/06/01
1000,2009/06/01
1250,2009/06/01
1300,2009/06/02
1100,2009/06/02
1100,2009/06/03
1200,2009/06/04
1250,2009/06/05
1100,2009/06/06
1100,2009/06/07
1100,2009/06/07
1100,2009/06/08
1050,2009/06/08
1100,2009/06/08
1200,2009/06/09
850,2009/06/09
700,2009/06/10
1250,2009/06/10
1200,2009/06/11
800,2009/06/11
1300,2009/06/11
900,2009/06/12
1450,2009/06/13
1000,2009/06/13
1350,2009/06/14
1100,2009/06/15
1400,2009/06/15
1000,2009/06/15
1200,2009/06/15
1550,2009/06/16
1100,2009/06/16
850,2009/06/17
1250,2009/06/17
1100,2009/06/18
1400,2009/06/18
1150,2009/06/18
1600,2009/06/19
1100,2009/06/19
1250,2009/06/19
1400,2009/06/20
1050,2009/06/20
1450,2009/06/22
1200,2009/06/22
900,2009/06/22
1200,2009/06/23
1450,2009/06/24
1200,2009/06/24
1450,2009/06/25
1000,2009/06/25
1650,2009/06/26
1200,2009/06/26
1250,2009/06/26
1550,2009/06/27
1250,2009/06/27
1650,2009/06/28
1150,2009/06/28
1600,2009/06/29
1250,2009/06/29
1500,2009/06/30
1350,2009/06/30
1250,2009/07/01
1400,2009/07/01
1150,2009/07/01
1450,2009/07/01
1200,2009/07/02
1250,2009/07/02
1450,2009/07/02
1200,2009/07/03
1550,2009/07/03
1200,2009/07/03
1100,2009/07/04
1370,2009/07/04
1200,2009/07/05
1100,2009/07/05
1500,2009/07/05
1250,2009/07/06
1250,2009/07/06
1350,2009/07/06
1150,2009/07/07
1400,2009/07/07
1300,2009/07/07
1200,2009/07/08
1150,2009/07/08
950,2009/07/08
1200,2009/07/09
1400,2009/07/09
1400,2009/07/09
1000,2009/07/10
1350,2009/07/10
1250,2009/07/11
1050,2009/07/11
1250,2009/07/12
1800,2009/07/12
1150,2009/07/12
1250,2009/07/13
1000,2009/07/13
1250,2009/07/14
1350,2009/07/14
1650,2009/07/15
1500,2009/07/15
1250,2009/07/16
1300,2009/07/16
1200,2009/07/16
1900,2009/07/16
1050,2009/07/18
1300,2009/07/19
1600,2009/07/19
1300,2009/07/19
1300,2009/07/20
1600,2009/07/20
1250,2009/07/20
1300,2009/07/21
1550,2009/07/21
1200,2009/07/21
1600,2009/07/21
1250,2009/07/22
1100,2009/07/22
1700,2009/07/22
1600,2009/07/23
1250,2009/07/23
125,2009/07/24
1800,2009/07/24
1450,2009/07/25
1150,2009/07/25
1300,2009/07/26
1700,2009/07/26
1250,2009/07/26
1600,2009/07/27
1350,2009/07/27
1750,2009/07/28
1300,2009/07/28
1100,2009/07/29
1700,2009/07/30
1750,2009/07/31
1500,2009/07/31
1250,2009/08/01
1700,2009/08/02
1650,2009/08/02
1600,2009/08/03
1450,2009/08/03
1650,2009/08/04
1500,2009/08/04
1500,2009/08/05
1250,2009/08/05
1400,2009/08/06
1250,2009/08/07
1200,2009/08/08
1150,2009/08/09
0,2009/08/10
0,2009/08/10
0,2009/08/10
0,2009/08/11
0,2009/08/11
0,2009/08/11
1000,2009/08/12
1200,2009/08/13
1300,2009/08/14
1400,2009/08/16
1200,2009/08/16
1100,2009/08/17
1050,2009/08/17
1200,2009/08/18
1000,2009/08/18
1200,2009/08/18
1000,2009/08/19
850,2009/08/19
1000,2009/08/19
1050,2009/08/20
1000,2009/08/20
1400,2009/08/21
850,2009/08/21
1250,2009/08/22
850,2009/08/22
900,2009/08/23
1100,2009/08/23
1100,2009/08/23
900,2009/08/24
1300,2009/08/24
850,2009/08/24
900,2009/08/25
1050,2009/08/25
750,2009/08/25
900,2009/08/26
1350,2009/08/26
800,2009/08/26
1400,2009/08/27
1000,2009/08/27
1200,2009/08/28
750,2009/08/28
1150,2009/08/28
925,2009/08/29
1100,2009/08/29
1250,2009/08/30
900,2009/08/30
1100,2009/08/30
900,2009/08/31
1200,2009/08/31
1000,2009/08/31
1100,2009/08/31
900,2009/09/01
1250,2009/09/01
950,2009/09/01
1000,2009/09/02
1300,2009/09/02
1000,2009/09/02
1300,2009/09/02
900,2009/09/03
1050,2009/09/03
1500,2009/09/04
1600,2009/09/05
1150,2009/09/05
1100,2009/09/06
1650,2009/09/06
1050,2009/09/06
1200,2009/09/06
1000,2009/09/07
1750,2009/09/07
600,2009/09/07
1850,2009/09/08
900,2009/09/08
1100,2009/09/09
1900,2009/09/09
1050,2009/09/09
1200,2009/09/09
1000,2009/09/10
1600,2009/09/10
1250,2009/09/10
1100,2009/09/10
1200,2009/09/11
1750,2009/09/11
1200,2009/09/11
1800,2009/09/12
1300,2009/09/12
1000,2009/09/13
1700,2009/09/13
1200,2009/09/13
1400,2009/09/13
1100,2009/09/14
1600,2009/09/14
1200,2009/09/14
1200,2009/09/15
1500,2009/09/15
1250,2009/09/15
1600,2009/09/15
1000,2009/09/16
1450,2009/09/16
950,2009/09/16
1500,2009/09/17
1000,2009/09/17
1500,2009/09/17
1100,2009/09/18
1600,2009/09/18
950,2009/09/18
1400,2009/09/18
1300,2009/09/19
1000,2009/09/19
1000,2009/09/20
1150,2009/09/20
1100,2009/09/20
1000,2009/09/21
1100,2009/09/21
1050,2009/09/21
900,2009/09/22
1000,2009/09/22
1100,2009/09/22
1000,2009/09/22
900,2009/09/23
450,2009/09/23
1000,2009/09/28
700,2009/09/29
800,2009/09/29
750,2009/09/29
800,2009/09/30
900,2009/09/30
700,2009/10/01
1200,2009/10/01
900,2009/10/01
700,2009/10/02
1150,2009/10/02
900,2009/10/03
1000,2009/10/03
600,2009/10/04
950,2009/10/04
750,2009/10/05
1350,2009/10/05
800,2009/10/05
1200,2009/10/06
900,2009/10/06
800,2009/10/07
950,2009/10/07
1000,2009/10/07
1250,2009/10/08
1100,2009/10/08
1350,2009/10/12
1100,2009/10/15
1150,2009/10/15
1100,2009/10/15
1100,2009/10/17
1200,2009/10/17
1050,2009/10/18
1050,2009/10/18
1100,2009/10/18
1000,2009/10/19
1500,2009/10/19
1050,2009/10/20
1500,2009/10/20
800,2009/10/20
1000,2009/10/21
1400,2009/10/21
1300,2009/10/21
1300,2009/10/22
1100,2009/10/22
1000,2009/10/23
1800,2009/10/23
1750,2009/10/24
1000,2009/10/25
1650,2009/10/25
1050,2009/10/25
1100,2009/10/26
1750,2009/10/26
1650,2009/10/27
1050,2009/10/27
1400,2009/10/28
1150,2009/10/28
1450,2009/10/29
1400,2009/10/29
1450,2009/10/30
1500,2009/10/31
1300,2009/11/02
1750,2009/11/02
1100,2009/11/02
1200,2009/11/03
1800,2009/11/03
1200,2009/11/04
1600,2009/11/04
1700,2009/11/06
1250,2009/11/07
1300,2009/11/07
1300,2009/11/08
1200,2009/11/08
1400,2009/11/08
1100,2009/11/09
1350,2009/11/09
1450,2009/11/10
1600,2009/11/10
1000,2009/11/13
1150,2009/11/13
1250,2009/11/13
1200,2009/11/14
1050,2009/11/14
1000,2009/11/15
1150,2009/11/15
1600,2009/11/16
750,2009/11/16
1400,2009/11/17
1450,2009/11/18
1650,2009/11/19
1000,2009/11/19
1600,2009/11/20
2000,2009/11/21
1850,2009/11/22
1500,2009/11/22
1150,2009/11/23
1850,2009/11/23
1400,2009/11/24
2200,2009/11/24
1750,2009/11/25
2100,2009/11/25
1750,2009/11/26
2150,2009/11/26
1850,2009/11/27
1800,2009/11/29
2150,2009/11/29
1400,2009/11/30
2500,2009/11/30
1500,2009/12/01
1500,2009/12/02
2400,2009/12/02
2650,2009/12/03
2600,2009/12/05
1500,2009/12/06
2650,2009/12/06
1800,2009/12/07
2600,2009/12/07
1200,2009/12/08
2650,2009/12/08
1600,2009/12/09
2650,2009/12/09
1600,2009/12/10
2500,2009/12/10
1750,2009/12/11
2500,2009/12/11
2300,2009/12/12
1500,2009/12/13
2650,2009/12/13
2000,2009/12/13
1500,2009/12/14
2700,2009/12/14
2700,2009/12/15
1700,2009/12/15
1600,2009/12/16
2600,2009/12/16
1600,2009/12/17
2250,2009/12/17
1750,2009/12/18
2000,2009/12/18
2100,2009/12/19
1400,2009/12/20
2000,2009/12/20
1350,2009/12/21
2150,2009/12/21
1350,2009/12/22
2150,2009/12/22
1400,2009/12/23
1750,2009/12/23
1400,2009/12/24
1750,2009/12/24
1300,2009/12/25
2200,2009/12/25
2100,2009/12/26
1300,2009/12/27
1300,2009/12/28
2100,2009/12/28
1300,2009/12/29
2000,2009/12/29
1850,2009/12/30
1300,2009/12/31
1650,2009/12/31
1700,2010/01/01
1300,2010/01/03
1400,2010/01/03
1400,2010/01/04
1100,2010/01/06
1800,2010/01/07
1800,2010/01/08
1550,2010/01/09
1100,2010/01/10
1550,2010/01/10
1555,2010/01/10
1100,2010/01/11
1750,2010/01/11
1300,2010/01/11
1250,2010/01/12
1300,2010/01/12
1200,2010/01/13
1200,2010/01/14
1400,2010/01/14
1400,2010/01/14
1300,2010/01/15
1550,2010/01/15
1250,2010/01/16
1000,2010/01/17
1550,2010/01/17
1500,2010/01/17
1450,2010/01/17
1400,2010/01/18
1300,2010/01/18
1550,2010/01/19
1500,2010/01/19
1800,2010/01/20
1600,2010/01/21
1250,2010/01/22
1700,2010/01/22
1550,2010/01/23
1200,2010/01/23
1100,2010/01/24
1750,2010/01/24
1200,2010/01/24
1100,2010/01/25
1900,2010/01/26
1200,2010/01/27
2100,2010/01/27
1200,2010/01/28
2100,2010/01/28
1250,2010/01/29
2200,2010/01/29
1400,2010/01/29
1650,2010/01/30
1150,2010/01/31
1800,2010/01/31
1150,2010/02/01
1750,2010/02/01
1300,2010/02/01
1300,2010/02/02
2100,2010/02/02
1400,2010/02/02
1400,2010/02/03
1850,2010/02/03
1400,2010/02/03
1400,2010/02/04
2000,2010/02/04
1450,2010/02/04
1900,2010/02/05
1300,2010/02/06
1900,2010/02/08
2000,2010/02/09
1900,2010/02/10
1400,2010/02/10
1300,2010/02/11
1600,2010/02/12
1900,2010/02/13
1300,2010/02/14
1200,2010/02/15
1300,2010/02/16
2250,2010/02/16
1500,2010/02/16
1200,2010/02/17
2000,2010/02/17
1200,2010/02/18
1300,2010/02/19
1900,2010/02/19
850,2010/02/19
1300,2010/02/20
1900,2010/02/20
1400,2010/02/20
1950,2010/02/21
1450,2010/02/22
1300,2010/02/23
1800,2010/02/23
1800,2010/02/24
1850,2010/02/25
950,2010/02/25
1450,2010/02/25
1800,2010/02/27
1400,2010/02/27
1250,2010/02/28
1850,2010/02/28
1250,2010/03/01
2000,2010/03/01
2900,2010/03/02
1300,2010/03/02
1300,2010/03/03
1650,2010/03/03
1200,2010/03/03
1300,2010/03/03
1300,2010/03/04
2050,2010/03/04
1300,2010/03/05
1500,2010/03/05
1650,2010/03/06
1500,2010/03/07
1550,2010/03/07
1450,2010/03/07
1300,2010/03/08
1850,2010/03/08
1900,2010/03/09
1750,2010/03/09
1450,2010/03/09
1800,2010/03/10
1300,2010/03/10
1600,2010/03/11
1550,2010/03/12
1050,2010/03/12
1300,2010/03/13
1500,2010/03/13
1400,2010/03/13
1250,2010/03/14
1500,2010/03/14
1400,2010/03/14
1350,2010/03/14
1650,2010/03/15
1400,2010/03/15
1200,2010/03/16
1600,2010/03/16
1200,2010/03/17
1650,2010/03/17
1400,2010/03/17
1750,2010/03/18
600,2010/03/18
1350,2010/03/18
1300,2010/03/19
1600,2010/03/19
950,2010/03/19
1350,2010/03/19
1700,2010/03/20
1300,2010/03/21
1900,2010/03/21
1300,2010/03/22
1750,2010/03/22
1400,2010/03/22
1300,2010/03/23
1800,2010/03/23
1300,2010/03/23
1350,2010/03/23
1200,2010/03/24
1700,2010/03/24
1400,2010/03/24
1200,2010/03/25
1700,2010/03/25
1300,2010/03/26
1650,2010/03/26
1500,2010/03/26
1550,2010/03/27
1500,2010/03/27
1200,2010/03/28
1400,2010/03/28
1350,2010/03/28
1300,2010/03/28
1200,2010/03/29
1350,2010/03/29
1250,2010/03/29
1500,2010/03/29
1250,2010/03/30
1300,2010/03/30
1000,2010/03/30
1700,2010/03/31
1100,2010/03/31
1500,2010/03/31
1450,2010/04/01
1550,2010/04/01
1450,2010/04/01
1300,2010/04/02
1500,2010/04/02
1500,2010/04/02
1300,2010/04/04
1600,2010/04/04
1350,2010/04/04
1300,2010/04/05
1400,2010/04/05
1500,2010/04/05
1300,2010/04/06
1700,2010/04/06
1300,2010/04/06
1300,2010/04/07
1500,2010/04/07
1400,2010/04/07
1500,2010/04/07
1400,2010/04/08
1500,2010/04/08
1250,2010/04/08
1500,2010/04/08
1350,2010/04/09
1400,2010/04/09
1250,2010/04/09
1500,2010/04/09
1300,2010/04/10
1400,2010/04/10
1300,2010/04/11
1350,2010/04/11
1300,2010/04/11
1500,2010/04/11
1300,2010/04/12
1300,2010/04/12
1150,2010/04/12
1500,2010/04/12
1300,2010/04/13
1350,2010/04/13
1400,2010/04/13
1500,2010/04/13
1250,2010/04/14
1000,2010/04/14
1250,2010/04/15
1600,2010/04/15
1500,2010/04/15
1500,2010/04/16
1100,2010/04/16
1500,2010/04/16
1500,2010/04/17
1300,2010/04/17
1500,2010/04/17
1300,2010/04/18
1550,2010/04/18
1000,2010/04/18
1600,2010/04/19
1300,2010/04/19
1500,2010/04/19
1150,2010/04/20
1500,2010/04/20
1400,2010/04/20
1500,2010/04/20
1100,2010/04/21
1450,2010/04/21
1400,2010/04/22
1500,2010/04/22
1200,2010/04/23
1400,2010/04/23
1500,2010/04/23
1300,2010/04/24
1500,2010/04/24
1450,2010/04/24
1300,2010/04/25
1350,2010/04/25
1150,2010/04/25
1450,2010/04/25
1250,2010/04/26
1400,2010/04/26
1450,2010/04/26
1500,2010/04/27
1500,2010/04/27
1500,2010/04/27
1600,2010/04/28
1500,2010/04/28
1450,2010/04/29
1500,2010/04/29
1400,2010/04/30
1600,2010/04/30
1500,2010/04/30
1500,2010/05/01
1250,2010/05/02
1000,2010/05/02
1600,2010/05/02
1700,2010/05/03
1500,2010/05/03
1350,2010/05/04
1250,2010/05/04
1500,2010/05/04
1300,2010/05/05
1550,2010/05/05
1350,2010/05/05
1450,2010/05/05
1400,2010/05/06
2300,2010/05/06
1250,2010/05/06
1450,2010/05/06
1500,2010/05/07
1150,2010/05/07
1500,2010/05/07
1150,2010/05/08
1450,2010/05/08
1500,2010/05/09
1250,2010/05/09
1400,2010/05/10
1500,2010/05/10
1450,2010/05/10
1500,2010/05/11
1200,2010/05/11
1500,2010/05/11
1650,2010/05/12
1350,2010/05/12
1500,2010/05/12
1400,2010/05/13
1450,2010/05/13
1500,2010/05/13
1500,2010/05/14
1500,2010/05/14
1600,2010/05/15
1100,2010/05/15
1500,2010/05/15
1400,2010/05/16
1600,2010/05/16
1350,2010/05/16
1550,2010/05/16
1400,2010/05/17
1500,2010/05/17
1550,2010/05/17
1500,2010/05/18
1100,2010/05/18
1400,2010/05/18
1500,2010/05/19
1150,2010/05/19
1200,2010/05/19
1500,2010/05/19
1500,2010/05/20
1250,2010/05/20
1200,2010/05/20
1600,2010/05/21
1250,2010/05/21
1550,2010/05/21
1150,2010/05/22
1500,2010/05/22
1500,2010/05/23
1350,2010/05/23
1050,2010/05/23
1500,2010/05/23
1300,2010/05/24
1400,2010/05/24
1600,2010/05/25
1100,2010/05/25
1400,2010/05/25
1300,2010/05/26
1150,2010/05/26
1400,2010/05/26
1300,2010/05/27
1450,2010/05/27
1000,2010/05/27
1250,2010/05/27
1300,2010/05/28
1350,2010/05/28
1100,2010/05/29
1400,2010/05/29
1400,2010/05/30
1650,2010/05/31
1100,2010/05/31
1350,2010/05/31
1500,2010/06/01
1050,2010/06/01
1200,2010/06/01
1450,2010/06/02
1350,2010/06/02
1350,2010/06/02
1600,2010/06/03
1250,2010/06/03
1400,2010/06/03
1700,2010/06/04
1200,2010/06/04
1450,2010/06/04
1750,2010/06/05
1050,2010/06/05
1400,2010/06/05
1900,2010/06/06
1400,2010/06/06
1500,2010/06/06
1500,2010/06/07
2050,2010/06/08
1500,2010/06/08
1250,2010/06/08
1900,2010/06/09
1500,2010/06/09
1400,2010/06/09
2000,2010/06/10
1750,2010/06/10
1450,2010/06/10
2000,2010/06/11
1600,2010/06/11
1550,2010/06/11
1400,2010/06/12
1500,2010/06/12
1700,2010/06/13
1100,2010/06/13
1550,2010/06/13
2000,2010/06/14
1450,2010/06/14
1200,2010/06/15
1450,2010/06/15
1000,2010/06/16
1600,2010/06/17
1600,2010/06/17
2000,2010/06/18
1500,2010/06/18
1600,2010/06/18
1400,2010/06/19
1500,2010/06/19
1650,2010/06/20
2200,2010/06/20
1500,2010/06/20
1700,2010/06/20
2750,2010/06/21
1900,2010/06/21
2500,2010/06/22
1500,2010/06/22
2000,2010/06/22
2150,2010/06/23
1900,2010/06/23
2000,2010/06/23
2400,2010/06/24
1450,2010/06/24
2400,2010/06/24
2250,2010/06/25
2000,2010/06/25
2150,2010/06/25
2250,2010/06/26
1650,2010/06/26
1800,2010/06/26
2650,2010/06/27
1400,2010/06/27
2600,2010/06/28
1700,2010/06/28
2400,2010/06/28
2150,2010/06/29
2500,2010/06/29
2250,2010/06/29
2000,2010/06/30
1650,2010/07/01
2400,2010/07/01
1600,2010/07/02
1950,2010/07/03
1950,2010/07/04
2500,2010/07/04
1500,2010/07/05
1800,2010/07/05
1500,2010/07/06
1800,2010/07/06
1600,2010/07/06
2500,2010/07/06
1900,2010/07/07
2500,2010/07/07
1800,2010/07/08
1500,2010/07/08
2200,2010/07/08
1500,2010/07/09
1750,2010/07/09
1650,2010/07/09
2250,2010/07/09
1800,2010/07/10
1450,2010/07/10
1400,2010/07/11
1600,2010/07/11
1400,2010/07/12
1750,2010/07/12
2000,2010/07/12
1300,2010/07/13
1800,2010/07/13
1750,2010/07/13
2000,2010/07/13
1400,2010/07/14
1100,2010/07/14
1800,2010/07/14
1300,2010/07/15
1800,2010/07/15
1500,2010/07/15
1700,2010/07/15
1400,2010/07/16
1150,2010/07/16
1150,2010/07/17
1400,2010/07/18
1400,2010/07/18
1300,2010/07/19
1500,2010/07/19
1450,2010/07/19
1200,2010/07/20
1100,2010/07/20
1170,2010/07/20
1000,2010/07/21
1250,2010/07/21
1250,2010/07/21
1100,2010/07/22
1250,2010/07/22
1400,2010/07/22
1100,2010/07/23
1250,2010/07/23
1350,2010/07/23
1500,2010/07/23
1100,2010/07/24
1500,2010/07/25
1100,2010/07/25
1500,2010/07/25
750,2010/07/26
1500,2010/07/26
850,2010/07/26
1400,2010/07/26
1000,2010/07/27
1100,2010/07/27
1100,2010/07/28
1750,2010/07/28
1200,2010/07/28
1000,2010/07/29
1500,2010/07/29
1050,2010/07/29
1400,2010/07/29
1150,2010/07/30
2250,2010/07/30
1100,2010/07/30
1500,2010/07/30
1600,2010/07/31
1100,2010/07/31
1150,2010/08/01
1350,2010/08/01
1250,2010/08/01
1500,2010/08/01
1150,2010/08/02
1500,2010/08/02
1350,2010/08/02
1500,2010/08/02
1500,2010/08/03
1400,2010/08/03
1200,2010/08/04
1500,2010/08/04
1200,2010/08/04
1100,2010/08/05
1400,2010/08/05
1200,2010/08/05
1200,2010/08/06
1600,2010/08/06
1300,2010/08/06
1500,2010/08/06
1650,2010/08/07
1350,2010/08/07
1300,2010/08/08
1500,2010/08/08
1000,2010/08/08
1300,2010/08/09
2000,2010/08/09
1350,2010/08/09
1100,2010/08/10
1600,2010/08/10
1250,2010/08/10
1100,2010/08/11
2300,2010/08/11
1000,2010/08/11
1600,2010/08/11
1200,2010/08/12
2000,2010/08/12
1000,2010/08/12
1300,2010/08/13
1500,2010/08/13
1350,2010/08/13
2300,2010/08/14
1200,2010/08/14
2000,2010/08/15
1400,2010/08/16
1900,2010/08/16
1300,2010/08/16
1400,2010/08/17
1500,2010/08/17
1350,2010/08/17
1100,2010/08/18
1500,2010/08/18
1050,2010/08/18
1600,2010/08/18
1500,2010/08/19
1250,2010/08/19
1150,2010/08/20
1400,2010/08/21
1200,2010/08/21
1500,2010/08/22
950,2010/08/22
1100,2010/08/23
1400,2010/08/23
1350,2010/08/23
1600,2010/08/23
1100,2010/08/24
1700,2010/08/24
1150,2010/08/25
1250,2010/08/25
1400,2010/08/26
1150,2010/08/26
1550,2010/08/26
900,2010/08/27
1000,2010/08/27
1250,2010/08/27
1000,2010/08/28
800,2010/08/28
1500,2010/08/28
1000,2010/08/29
1200,2010/08/29
1300,2010/08/29
1000,2010/08/30
1350,2010/08/30
1100,2010/08/30
1500,2010/08/30
900,2010/08/31
900,2010/08/31
1100,2010/08/31
1000,2010/09/01
1400,2010/09/01
1000,2010/09/02
1600,2010/09/02
900,2010/09/02
1500,2010/09/02
1600,2010/09/03
1100,2010/09/03
1150,2010/09/04
1000,2010/09/05
1100,2010/09/05
1000,2010/09/05
1000,2010/09/06
1500,2010/09/06
1300,2010/09/06
1200,2010/09/07
1850,2010/09/07
1250,2010/09/07
1600,2010/09/08
1100,2010/09/08
1350,2010/09/09
1250,2010/09/09
1350,2010/09/10
1150,2010/09/10
1450,2010/09/11
1200,2010/09/12
1600,2010/09/12
1350,2010/09/12
1200,2010/09/13
1600,2010/09/13
1250,2010/09/14
1850,2010/09/14
1600,2010/09/14
1700,2010/09/14
1300,2010/09/15
1600,2010/09/15
1450,2010/09/15
1300,2010/09/16
1500,2010/09/16
1350,2010/09/16
1500,2010/09/16
1200,2010/09/17
1600,2010/09/17
1600,2010/09/17
1650,2010/09/18
1500,2010/09/18
1600,2010/09/18
1200,2010/09/19
1550,2010/09/19
1150,2010/09/20
1450,2010/09/20
1300,2010/09/21
1350,2010/09/21
1700,2010/09/22
1450,2010/09/22
1600,2010/09/22
1450,2010/09/23
1600,2010/09/24
1300,2010/09/24
1500,2010/09/24
1400,2010/09/25
1450,2010/09/25
850,2010/09/26
1600,2010/09/26
1300,2010/09/26
1450,2010/09/26
1200,2010/09/27
1300,2010/09/27
1400,2010/09/27
1050,2010/09/28
1900,2010/09/28
1150,2010/09/29
1400,2010/09/29
1050,2010/09/30
1500,2010/09/30
1500,2010/09/30
850,2010/10/01
1500,2010/10/01
1450,2010/10/01
1500,2010/10/02
1300,2010/10/02
1100,2010/10/03
1200,2010/10/04
1350,2010/10/04
1250,2010/10/04
1050,2010/10/06
1050,2010/10/07
1350,2010/10/07
1250,2010/10/08
1100,2010/10/08
1500,2010/10/08
1200,2010/10/09
1450,2010/10/09
800,2010/10/10
1400,2010/10/10
1250,2010/10/10
1500,2010/10/10
1300,2010/10/11
1200,2010/10/11
900,2010/10/12
1600,2010/10/12
1500,2010/10/12
1550,2010/10/12
900,2010/10/13
1250,2010/10/13
1200,2010/10/13
1150,2010/10/13
900,2010/10/14
950,2010/10/14
1500,2010/10/14
900,2010/10/15
850,2010/10/15
1000,2010/10/15
1150,2010/10/16
750,2010/10/17
1500,2010/10/17
1200,2010/10/17
1500,2010/10/17
1350,2010/10/18
1100,2010/10/18
1200,2010/10/18
650,2010/10/19
1000,2010/10/19
900,2010/10/19
800,2010/10/20
900,2010/10/20
1300,2010/10/20
800,2010/10/21
700,2010/10/22
1500,2010/10/22
1500,2010/10/22
1250,2010/10/22
1350,2010/10/23
1350,2010/10/23
1100,2010/10/23
800,2010/10/24
800,2010/10/25
1450,2010/10/25
1150,2010/10/25
1550,2010/10/25
900,2010/10/26
1650,2010/10/26
1250,2010/10/26
1650,2010/10/27
1350,2010/10/27
1600,2010/10/28
1900,2010/10/29
2300,2010/10/30
1050,2010/10/30
1200,2010/10/31
2000,2010/10/31
1150,2010/11/01
2000,2010/11/01
1250,2010/11/02
1700,2010/11/02
1400,2010/11/03
1600,2010/11/03
1500,2010/11/03
1400,2010/11/04
1500,2010/11/04
1600,2010/11/04
1100,2010/11/05
1200,2010/11/05
1350,2010/11/06
1850,2010/11/06
1200,2010/11/07
1500,2010/11/07
1000,2010/11/07
1500,2010/11/08
1500,2010/11/08
1400,2010/11/09
1350,2010/11/09
1000,2010/11/11
1750,2010/11/11
1200,2010/11/12
1750,2010/11/12
1700,2010/11/13
1200,2010/11/14
1850,2010/11/14
1500,2010/11/14
1200,2010/11/15
2100,2010/11/15
1600,2010/11/15
1250,2010/11/16
1200,2010/11/17
1750,2010/11/17
1000,2010/11/18
1500,2010/11/18
1500,2010/11/18
1200,2010/11/19
1400,2010/11/19
1050,2010/11/20
1100,2010/11/21
1100,2010/11/22
2150,2010/11/22
1200,2010/11/23
2300,2010/11/23
1600,2010/11/23
1200,2010/11/24
1800,2010/11/24
1750,2010/11/24
1200,2010/11/25
2000,2010/11/25
1200,2010/11/25
1200,2010/11/26
2200,2010/11/26
2100,2010/11/27
1100,2010/11/28
2000,2010/11/28
1500,2010/11/28
1100,2010/11/29
1300,2010/11/30
1500,2010/11/30
1900,2010/11/30
1300,2010/12/01
2300,2010/12/01
1300,2010/12/02
2400,2010/12/02
1300,2010/12/03
2250,2010/12/03
2500,2010/12/03
2150,2010/12/04
1800,2010/12/04
1500,2010/12/05
2300,2010/12/05
1500,2010/12/06
2400,2010/12/06
1400,2010/12/07
2850,2010/12/07
1300,2010/12/08
2900,2010/12/08
2400,2010/12/09
2500,2010/12/09
2000,2010/12/09
1500,2010/12/10
2350,2010/12/10
2300,2010/12/11
2250,2010/12/11
1700,2010/12/12
2400,2010/12/12
1700,2010/12/13
2700,2010/12/13
2250,2010/12/13
1650,2010/12/14
2700,2010/12/14
1500,2010/12/15
2400,2010/12/15
1600,2010/12/16
2900,2010/12/16
2050,2010/12/17
2850,2010/12/17
3250,2010/12/18
2000,2010/12/19
2600,2010/12/19
1900,2010/12/20
3150,2010/12/20
1900,2010/12/21
3650,2010/12/21
2500,2010/12/21
2750,2010/12/22
2600,2010/12/22
2100,2010/12/23
3150,2010/12/23
2000,2010/12/24
3000,2010/12/26
3150,2010/12/26
3000,2010/12/27
3500,2010/12/27
2600,2010/12/28
2500,2010/12/29
3000,2010/12/29
2300,2010/12/30
2500,2010/12/30
2150,2010/12/31
1800,2010/12/31
800,2011/01/01
2000,2011/01/02
2000,2011/01/03
2000,2011/01/03
1600,2011/01/03
1800,2011/01/04
1750,2011/01/04
1600,2011/01/05
2350,2011/01/05
2450,2011/01/06
1400,2011/01/07
1500,2011/01/08
1500,2011/01/09
1750,2011/01/10
2700,2011/01/10
1750,2011/01/11
2750,2011/01/11
2000,2011/01/11
2050,2011/01/12
2500,2011/01/12
2000,2011/01/13
2250,2011/01/13
1700,2011/01/14
2000,2011/01/14
2800,2011/01/16
2000,2011/01/17
2250,2011/01/17
2100,2011/01/17
2500,2011/01/18
2400,2011/01/18
1800,2011/01/19
2500,2011/01/19
1400,2011/01/20
1600,2011/01/21
2600,2011/01/21
1150,2011/01/23
1500,2011/01/24
1500,2011/01/25
2500,2011/01/25
1700,2011/01/27
2250,2011/01/27
1850,2011/01/28
2500,2011/01/28
1750,2011/01/31
1750,2011/02/01
1500,2011/02/02
3150,2011/02/02
1600,2011/02/03
2400,2011/02/03
2400,2011/02/04
2700,2011/02/05
1600,2011/02/05
2500,2011/02/06
1600,2011/02/07
2350,2011/02/07
2000,2011/02/07
1500,2011/02/08
2400,2011/02/08
1800,2011/02/08
1500,2011/02/09
1500,2011/02/10
2250,2011/02/10
1500,2011/02/11
2000,2011/02/11
1500,2011/02/14
2250,2011/02/14
1400,2011/02/15
2000,2011/02/15
1600,2011/02/16
2000,2011/02/16
2200,2011/02/16
1800,2011/02/16
1500,2011/02/17
2000,2011/02/17
1400,2011/02/18
2350,2011/02/18
1500,2011/02/18
1950,2011/02/19
2000,2011/02/19
1500,2011/02/20
1900,2011/02/20
1300,2011/02/21
2150,2011/02/21
1500,2011/02/21
1500,2011/02/22
2000,2011/02/22
2000,2011/02/22
1400,2011/02/23
2150,2011/02/23
1700,2011/02/23
1500,2011/02/24
1650,2011/02/24
2000,2011/02/27
1300,2011/02/28
2000,2011/02/28
1500,2011/03/01
2100,2011/03/01
1150,2011/03/03
1300,2011/03/06
1250,2011/03/07
1500,2011/03/07
2100,2011/03/09
1800,2011/03/09
2000,2011/03/10
2000,2011/03/11
2000,2011/03/12
1200,2011/03/13
2250,2011/03/13
1650,2011/03/14
2050,2011/03/14
1400,2011/03/14
1300,2011/03/15
2050,2011/03/15
1600,2011/03/15
2100,2011/03/16
1400,2011/03/17
2150,2011/03/17
1000,2011/03/18
1800,2011/03/18
2200,2011/03/19
1400,2011/03/20
2250,2011/03/20
2000,2011/03/22
1400,2011/03/23
1850,2011/03/23
1400,2011/03/24
1600,2011/03/24
1500,2011/03/24
1600,2011/03/25
1800,2011/03/25
1700,2011/03/25
1300,2011/03/28
1750,2011/03/28
1350,2011/03/28
1900,2011/03/29
1400,2011/03/30
1850,2011/03/30
1500,2011/03/30
1300,2011/03/31
1900,2011/03/31
1300,2011/04/01
1500,2011/04/01
1800,2011/04/01
1400,2011/04/03
1400,2011/04/03
2000,2011/04/03
1700,2011/04/04
1300,2011/04/05
1300,2011/04/06
1800,2011/04/06
1400,2011/04/07
1700,2011/04/07
1400,2011/04/08
1500,2011/04/08
1650,2011/04/08
1500,2011/04/10
1500,2011/04/10
1400,2011/04/10
1700,2011/04/10
1300,2011/04/11
1550,2011/04/11
1300,2011/04/12
1500,2011/04/12
1550,2011/04/13
1500,2011/04/13
1050,2011/04/13
1150,2011/04/14
1400,2011/04/15
1500,2011/04/15
1300,2011/04/16
1050,2011/04/17
1150,2011/04/18
1150,2011/04/18
1100,2011/04/19
1250,2011/04/19
1100,2011/04/19
1150,2011/04/20
1500,2011/04/20
1050,2011/04/21
1550,2011/04/21
1300,2011/04/22
1100,2011/04/22
950,2011/04/22
1050,2011/04/23
1100,2011/04/24
850,2011/04/25
1250,2011/04/25
1150,2011/04/26
700,2011/04/26
950,2011/04/26
1100,2011/04/27
1000,2011/04/27
800,2011/04/28
1000,2011/04/29
850,2011/04/29
1100,2011/04/29
1100,2011/04/30
1000,2011/04/30
1000,2011/05/02
1100,2011/05/02
850,2011/05/02
1000,2011/05/03
950,2011/05/03
1150,2011/05/03
1100,2011/05/04
900,2011/05/04
950,2011/05/05
1000,2011/05/05
1000,2011/05/06
1000,2011/05/06
900,2011/05/06
950,2011/05/07
750,2011/05/07
1000,2011/05/08
950,2011/05/08
800,2011/05/08
900,2011/05/09
1150,2011/05/09
1000,2011/05/09
1000,2011/05/10
1000,2011/05/10
850,2011/05/10
900,2011/05/11
800,2011/05/11
850,2011/05/11
750,2011/05/12
800,2011/05/12
800,2011/05/12
800,2011/05/13
700,2011/05/13
850,2011/05/14
850,2011/05/14
1000,2011/05/15
1250,2011/05/15
900,2011/05/16
1150,2011/05/16
950,2011/05/16
900,2011/05/17
1050,2011/05/17
800,2011/05/17
900,2011/05/18
1100,2011/05/18
900,2011/05/18
900,2011/05/19
1100,2011/05/19
550,2011/05/19
900,2011/05/20
1000,2011/05/20
800,2011/05/21
1000,2011/05/22
1250,2011/05/22
1150,2011/05/23
950,2011/05/23
1100,2011/05/24
900,2011/05/25
1150,2011/05/25
750,2011/05/25
900,2011/05/26
1150,2011/05/26
750,2011/05/26
650,2011/05/27
1150,2011/05/29
900,2011/05/30
1200,2011/05/30
950,2011/05/31
1200,2011/05/31
950,2011/05/31
1000,2011/06/01
1100,2011/06/01
850,2011/06/01
750,2011/06/02
1000,2011/06/03
800,2011/06/04
1200,2011/06/05
900,2011/06/05
1200,2011/06/06
1750,2011/06/06
850,2011/06/06
950,2011/06/07
1450,2011/06/07
850,2011/06/07
850,2011/06/08
1250,2011/06/09
800,2011/06/09
1000,2011/06/10
1250,2011/06/10
1350,2011/06/11
1200,2011/06/12
950,2011/06/12
1200,2011/06/13
1400,2011/06/13
1100,2011/06/13
1200,2011/06/14
1050,2011/06/14
1100,2011/06/15
1100,2011/06/15
1200,2011/06/16
2500,2011/06/16
1400,2011/06/16
1200,2011/06/17
1900,2011/06/17
1200,2011/06/17
2000,2011/06/18
1250,2011/06/18
1200,2011/06/19
2250,2011/06/19
1650,2011/06/19
1200,2011/06/20
1520,2011/06/20
1300,2011/06/21
2150,2011/06/21
1450,2011/06/21
1750,2011/06/22
1700,2011/06/22
1750,2011/06/23
1500,2011/06/24
1900,2011/06/24
1450,2011/06/25
1400,2011/06/26
1400,2011/06/26
2000,2011/06/27
1500,2011/06/28
2100,2011/06/28
1500,2011/06/29
1500,2011/06/29
1300,2011/06/30
1750,2011/06/30
1300,2011/07/05
1400,2011/07/06
1300,2011/07/07
1900,2011/07/07
1400,2011/07/07
1400,2011/07/08
1500,2011/07/08
1350,2011/07/08
1700,2011/07/09
1250,2011/07/09
130,2011/07/10
1550,2011/07/10
1250,2011/07/10
1300,2011/07/11
1700,2011/07/11
1450,2011/07/11
1300,2011/07/12
1850,2011/07/12
1300,2011/07/12
1450,2011/07/13
1400,2011/07/14
1500,2011/07/14
1250,2011/07/14
1100,2011/07/15
1600,2011/07/15
1150,2011/07/15
1800,2011/07/16
1100,2011/07/16
1450,2011/07/17
1700,2011/07/17
1150,2011/07/17
1000,2011/07/18
1500,2011/07/18
1300,2011/07/19
1500,2011/07/19
1200,2011/07/19
1300,2011/07/20
1600,2011/07/20
1500,2011/07/20
1200,2011/07/21
1600,2011/07/21
1500,2011/07/22
2100,2011/07/22
1100,2011/07/22
2200,2011/07/23
2000,2011/07/26
1300,2011/07/26
1350,2011/07/27
1300,2011/07/28
1250,2011/07/28
1300,2011/07/29
1300,2011/07/29
1250,2011/07/31
1900,2011/07/31
1250,2011/08/01
1400,2011/08/01
1250,2011/08/02
1600,2011/08/03
1450,2011/08/03
1250,2011/08/04
1650,2011/08/04
1650,2011/08/05
1250,2011/08/06
1300,2011/08/07
1850,2011/08/07
1600,2011/08/08
800,2011/08/08
1250,2011/08/09
1400,2011/08/09
1250,2011/08/10
1550,2011/08/10
1300,2011/08/10
1150,2011/08/11
1500,2011/08/11
1200,2011/08/11
1100,2011/08/12
1400,2011/08/12
1200,2011/08/13
1000,2011/08/14
1500,2011/08/14
1300,2011/08/14
1200,2011/08/16
1600,2011/08/16
1150,2011/08/16
1750,2011/08/17
1250,2011/08/17
1100,2011/08/18
1150,2011/08/19
1100,2011/08/19
850,2011/08/20
1350,2011/08/21
1100,2011/08/21
1400,2011/08/22
1050,2011/08/22
1050,2011/08/23
950,2011/08/23
1200,2011/08/24
900,2011/08/24
900,2011/08/25
900,2011/08/25
1050,2011/08/26
1150,2011/08/28
1000,2011/08/29
1200,2011/08/29
900,2011/08/29
900,2011/08/30
900,2011/08/30
1000,2011/08/31
700,2011/09/01
900,2011/09/02
750,2011/09/02
1200,2011/09/03
1200,2011/09/04
1450,2011/09/04
1450,2011/09/05
1100,2011/09/05
1100,2011/09/06
1550,2011/09/06
1200,2011/09/07
1050,2011/09/07
1100,2011/09/08
1800,2011/09/08
1200,2011/09/09
2500,2011/09/09
1000,2011/09/09
1300,2011/09/10
1250,2011/09/13
1000,2011/09/13
2000,2011/09/14
1500,2011/09/15
2600,2011/09/15
1650,2011/09/15
1400,2011/09/16
1900,2011/09/16
1200,2011/09/17
1500,2011/09/18
1250,2011/09/18
1500,2011/09/19
1650,2011/09/19
1350,2011/09/19
1300,2011/09/20
2100,2011/09/20
1350,2011/09/20
1250,2011/09/21
2400,2011/09/21
1150,2011/09/21
1300,2011/09/22
1150,2011/09/22
1200,2011/09/23
1550,2011/09/23
1600,2011/09/25
1100,2011/09/26
1750,2011/09/26
1450,2011/09/26
1200,2011/09/27
1500,2011/09/27
1800,2011/09/27
1250,2011/09/28
950,2011/09/29
1000,2011/09/29
1150,2011/09/30
950,2011/09/30
1200,2011/09/30
1350,2011/10/01
650,2011/10/02
1150,2011/10/02
1100,2011/10/03
750,2011/10/03
900,2011/10/04
1000,2011/10/04
700,2011/10/05
1200,2011/10/06
650,2011/10/07
1300,2011/10/07
750,2011/10/08
700,2011/10/09
1750,2011/10/09
700,2011/10/10
1600,2011/10/10
1000,2011/10/10
850,2011/10/11
1700,2011/10/11
1000,2011/10/12
1800,2011/10/12
1400,2011/10/12
800,2011/10/13
1350,2011/10/13
1000,2011/10/13
850,2011/10/14
1000,2011/10/14
900,2011/10/16
1300,2011/10/16
1300,2011/10/16
900,2011/10/17
1500,2011/10/17
1000,2011/10/18
1350,2011/10/18
1200,2011/10/18
900,2011/10/19
1450,2011/10/19
1200,2011/10/19
800,2011/10/20
1200,2011/10/20
1200,2011/10/20
900,2011/10/21
1000,2011/10/22
1100,2011/10/23
1350,2011/10/23
1100,2011/10/24
1500,2011/10/24
900,2011/10/25
1100,2011/10/26
1200,2011/10/27
1350,2011/10/27
1200,2011/10/28
1100,2011/10/30
1600,2011/10/30
1500,2011/10/30
1100,2011/10/31
1500,2011/10/31
1150,2011/11/01
1150,2011/11/02
1950,2011/11/02
1100,2011/11/02
1250,2011/11/03
1600,2011/11/03
2000,2011/11/03
1200,2011/11/04
1800,2011/11/04
1600,2011/11/04
1300,2011/11/06
1400,2011/11/06
1850,2011/11/07
1200,2011/11/08
2000,2011/11/08
1500,2011/11/08
1550,2011/11/08
1150,2011/11/09
1300,2011/11/10
2100,2011/11/10
1300,2011/11/11
1400,2011/11/11
1400,2011/11/12
1300,2011/11/13
2150,2011/11/13
1400,2011/11/13
1300,2011/11/14
1400,2011/11/14
1200,2011/11/15
2250,2011/11/15
1250,2011/11/16
2150,2011/11/16
1250,2011/11/17
1300,2011/11/18
1600,2011/11/18
1500,2011/11/19
1300,2011/11/20
1300,2011/11/21
2000,2011/11/21
1200,2011/11/22
1400,2011/11/23
2000,2011/11/23
1300,2011/11/24
1400,2011/11/24
1300,2011/11/25
1400,2011/11/25
1300,2011/11/27
1750,2011/11/27
1300,2011/11/28
1300,2011/11/29
1550,2011/11/29
1300,2011/11/30
1400,2011/12/01
1750,2011/12/02
1100,2011/12/04
1400,2011/12/04
1100,2011/12/05
1000,2011/12/05
1100,2011/12/06
1100,2011/12/07
1500,2011/12/07
1050,2011/12/08
1200,2011/12/09
2000,2011/12/09
1250,2011/12/11
1250,2011/12/12
1100,2011/12/12
1100,2011/12/13
1300,2011/12/13
1200,2011/12/14
1200,2011/12/15
1150,2011/12/16
1200,2011/12/17
1200,2011/12/18
1500,2011/12/18
1200,2011/12/19
1200,2011/12/20
1650,2011/12/20
1200,2011/12/21
1600,2011/12/21
1300,2011/12/21
1200,2011/12/22
1500,2011/12/22
1100,2011/12/23
1500,2011/12/23
1050,2011/12/25
1600,2011/12/25
1050,2011/12/26
1800,2011/12/26
1300,2011/12/27
2100,2011/12/27
2000,2011/12/28
1400,2011/12/29
1700,2011/12/29
1000,2011/12/29
1300,2011/12/30
1500,2011/12/30
1500,2011/12/30
1450,2011/12/31
1200,2012/01/01
1800,2012/01/01
1300,2012/01/01
1200,2012/01/02
1850,2012/01/02
1600,2012/01/02
1300,2012/01/03
2200,2012/01/03
1250,2012/01/03
1250,2012/01/04
1400,2012/01/04
1400,2012/01/05
2000,2012/01/05
1350,2012/01/05
1300,2012/01/06
1300,2012/01/08
1900,2012/01/08
1400,2012/01/09
2700,2012/01/09
1200,2012/01/09
1400,2012/01/10
2500,2012/01/10
1400,2012/01/11
2800,2012/01/11
1400,2012/01/12
2600,2012/01/12
1300,2012/01/12
1300,2012/01/12
1650,2012/01/13
1500,2012/01/13
1500,2012/01/14
1500,2012/01/14
2250,2012/01/15
1500,2012/01/15
1600,2012/01/16
2200,2012/01/16
1200,2012/01/16
1400,2012/01/17
1550,2012/01/17
2000,2012/01/18
1850,2012/01/19
3000,2012/01/19
1500,2012/01/19
2000,2012/01/20
2500,2012/01/20
3300,2012/01/21
2350,2012/01/22
2500,2012/01/22
1850,2012/01/23
1950,2012/01/23
1750,2012/01/24
3050,2012/01/24
1700,2012/01/25
2900,2012/01/25
1500,2012/01/25
1750,2012/01/27
1100,2012/01/28
2000,2012/01/29
1750,2012/01/30
2000,2012/01/30
1800,2012/01/31
3250,2012/01/31
2000,2012/01/31
1800,2012/02/01
2450,2012/02/01
1500,2012/02/01
1750,2012/02/02
1650,2012/02/03
3150,2012/02/03
1750,2012/02/05
1400,2012/02/05
1750,2012/02/06
2500,2012/02/07
3250,2012/02/07
1850,2012/02/08
1900,2012/02/09
3300,2012/02/09
2000,2012/02/10
3100,2012/02/12
2000,2012/02/13
2600,2012/02/13
2000,2012/02/13
2900,2012/02/14
3250,2012/02/14
2150,2012/02/15
2150,2012/02/17
2600,2012/02/17
2250,2012/02/19
2250,2012/02/20
2950,2012/02/20
2250,2012/02/21
1500,2012/02/21
2250,2012/02/22
2200,2012/02/23
3250,2012/02/23
2250,2012/02/24
2800,2012/02/26
2000,2012/02/26
1850,2012/02/28
1600,2012/02/28
2000,2012/02/29
2500,2012/03/01
3000,2012/03/01
1800,2012/03/01
2750,2012/03/02
1750,2012/03/03
2600,2012/03/04
2600,2012/03/05
2500,2012/03/06
2250,2012/03/07
2250,2012/03/09
2600,2012/03/11
2600,2012/03/12
1800,2012/03/12
2500,2012/03/13
2500,2012/03/14
2750,2012/03/15
2300,2012/03/16
2500,2012/03/18
2500,2012/03/19
2500,2012/03/20
2500,2012/03/21
2350,2012/03/22
2200,2012/03/23
1600,2012/03/23
2600,2012/03/25
3250,2012/03/25
2600,2012/03/26
3000,2012/03/26
2850,2012/03/27
2500,2012/03/28
2400,2012/03/29
2600,2012/03/30
3150,2012/04/02
2500,2012/04/03
3000,2012/04/03
2500,2012/04/04
2500,2012/04/05
2500,2012/04/06
3000,2012/04/06
2400,2012/04/08
3350,2012/04/08
2000,2012/04/08
2500,2012/04/09
2700,2012/04/09
2500,2012/04/10
2800,2012/04/10
1950,2012/04/11
2400,2012/04/12
2650,2012/04/12
2250,2012/04/12
2500,2012/04/13
2500,2012/04/14
2400,2012/04/15
2400,2012/04/16
2400,2012/04/17
2500,2012/04/17
2500,2012/04/18
2250,2012/04/18
2500,2012/04/19
2500,2012/04/20
2750,2012/04/20
2500,2012/04/21
2250,2012/04/22
2000,2012/04/22
2250,2012/04/23
2250,2012/04/23
1400,2012/04/23
2300,2012/04/24
2600,2012/04/24
2250,2012/04/24
2500,2012/04/25
2250,2012/04/26
2750,2012/04/26
2150,2012/04/27
2000,2012/04/27
2000,2012/04/28
2150,2012/04/29
1750,2012/04/29
1500,2012/05/02
2150,2012/05/03
2150,2012/05/04
2250,2012/05/07
2300,2012/05/08
2250,2012/05/09
2000,2012/05/10
2000,2012/05/10
2000,2012/05/11
2000,2012/05/13
2000,2012/05/14
1250,2012/05/14
1750,2012/05/15
2000,2012/05/16
2000,2012/05/17
1950,2012/05/18
2000,2012/05/18
2000,2012/05/19
2000,2012/05/20
1500,2012/05/20
2000,2012/05/21
2500,2012/05/21
2050,2012/05/22
2000,2012/05/23
2000,2012/05/23
200,2012/05/24
1250,2012/05/24
2000,2012/05/25
1550,2012/05/25
2000,2012/05/27
1850,2012/05/27
2000,2012/05/28
1750,2012/05/29
1950,2012/05/30
1300,2012/05/30
1950,2012/05/31
1500,2012/05/31
2000,2012/06/01
1500,2012/06/01
2250,2012/06/02
2000,2012/06/04
1750,2012/06/05
1700,2012/06/06
1750,2012/06/07
1800,2012/06/08
2000,2012/06/10
2050,2012/06/11
2000,2012/06/12
1900,2012/06/13
2000,2012/06/14
2050,2012/06/15
2050,2012/06/17
1850,2012/06/18
2150,2012/06/19
2050,2012/06/20
160,2012/06/22
1300,2012/06/22
2050,2012/06/24
2150,2012/06/25
2200,2012/06/26
2400,2012/06/27
2000,2012/06/28
2150,2012/06/29
2500,2012/06/29
2000,2012/06/30
1950,2012/07/01
2000,2012/07/02
2300,2012/07/03
1850,2012/07/03
2000,2012/07/04
1750,2012/07/05
1750,2012/07/06
1400,2012/07/08
1750,2012/07/09
1600,2012/07/10
1750,2012/07/10
1600,2012/07/11
1850,2012/07/12
1950,2012/07/13
1700,2012/07/15
1750,2012/07/16
1750,2012/07/17
1600,2012/07/19
1850,2012/07/20
1900,2012/07/20
1700,2012/07/22
1700,2012/07/23
1750,2012/07/24
1600,2012/07/25
1600,2012/07/26
2000,2012/07/26
1500,2012/07/27
1600,2012/07/29
1600,2012/07/30
1500,2012/07/31
1500,2012/08/01
1800,2012/08/01
1300,2012/08/02
1900,2012/08/02
1600,2012/08/03
2100,2012/08/03
1400,2012/08/05
1500,2012/08/06
2000,2012/08/07
1600,2012/08/08
1400,2012/08/09
1600,2012/08/10
1500,2012/08/12
1500,2012/08/13
1500,2012/08/14
1700,2012/08/16
1600,2012/08/17
1600,2012/08/19
1300,2012/08/20
1400,2012/08/21
1400,2012/08/22
1600,2012/08/23
1500,2012/08/26
1500,2012/08/27
1250,2012/08/28
1250,2012/08/29
1500,2012/08/30
1400,2012/09/02
1350,2012/09/03
1250,2012/09/04
1300,2012/09/07
1250,2012/09/09
1400,2012/09/10
1300,2012/09/12
1500,2012/09/13
1450,2012/09/14
1450,2012/09/16
1400,2012/09/17
750,2012/09/18
1500,2012/09/19
1600,2012/09/20
1600,2012/09/21
1300,2012/09/24
1400,2012/09/25
1400,2012/09/26
1500,2012/09/27
1600,2012/09/28
1600,2012/10/01
1500,2012/10/03
1400,2012/10/04
1350,2012/10/05
1400,2012/10/07
1400,2012/10/08
1250,2012/10/09
1600,2012/10/11
1600,2012/10/12
1700,2012/10/14
1500,2012/10/15
1600,2012/10/16
1850,2012/10/18
1500,2012/10/21
1600,2012/10/22
1400,2012/10/23
1400,2012/10/26
1400,2012/10/28
1300,2012/10/29
1400,2012/10/30
1500,2012/10/31
1600,2012/11/01
1850,2012/11/02
1600,2012/11/04
1600,2012/11/06
1850,2012/11/07
1600,2012/11/08
1400,2012/11/09
1600,2012/11/11
1400,2012/11/12
1300,2012/11/13
1600,2012/11/16
1250,2012/11/18
1400,2012/11/19
1650,2012/11/20
1500,2012/11/21
1700,2012/11/22
1700,2012/11/23
1700,2012/11/25
1500,2012/11/26
1500,2012/11/27
1600,2012/11/28
1600,2012/11/29
1700,2012/11/30
1700,2012/12/09
1300,2012/12/10
1500,2012/12/11
1500,2012/12/12
1700,2012/12/16
1950,2012/12/17
2000,2012/12/18
1950,2012/12/19
2000,2012/12/20
1800,2012/12/21
1900,2012/12/27
1800,2012/12/28
1850,2012/12/30
1800,2012/12/31
1800,2013/01/01
1700,2013/01/02
1750,2013/01/02
1950,2013/01/03
2500,2013/01/03
1950,2013/01/04
2000,2013/01/04
1700,2013/01/06
1850,2013/01/07
1500,2013/01/07
2200,2013/01/08
2400,2013/01/08
1800,2013/01/09
2100,2013/01/10
1500,2013/01/10
2100,2013/01/11
1950,2013/01/13
1900,2013/01/13
1850,2013/01/14
2100,2013/01/15
1950,2013/01/17
1950,2013/01/18
2250,2013/01/20
1750,2013/01/20
2050,2013/01/21
2150,2013/01/22
2150,2013/01/23
2000,2013/01/24
2150,2013/01/25
2050,2013/01/27
2150,2013/01/28
2450,2013/01/29
2250,2013/01/30
2150,2013/02/01
1350,2013/02/03
2150,2013/02/04
2150,2013/02/05
2050,2013/02/06
2000,2013/02/06
2000,2013/02/10
2500,2013/02/10
2400,2013/02/11
2050,2013/02/12
2400,2013/02/13
2400,2013/02/14
2400,2013/02/15
2500,2013/02/16
2250,2013/02/17
2000,2013/02/17
2000,2013/02/18
2150,2013/02/19
2150,2013/02/20
2300,2013/02/21
2000,2013/02/21
1750,2013/02/24
2400,2013/02/25
2250,2013/02/26
1250,2013/03/01
2000,2013/03/03
2500,2013/03/05
2000,2013/03/05
2500,2013/03/07
2500,2013/03/08
2500,2013/03/08
2750,2013/03/10
2500,2013/03/10
2600,2013/03/11
2400,2013/03/12
2400,2013/03/13
2850,2013/03/14
2500,2013/03/15
2000,2013/03/15
2750,2013/03/17
2500,2013/03/18
2850,2013/03/19
2600,2013/03/20
2500,2013/03/20
2500,2013/03/21
2500,2013/03/22
2750,2013/03/25
2500,2013/03/26
2700,2013/03/28
3000,2013/03/28
2600,2013/03/29
3000,2013/03/29
2500,2013/03/30
2850,2013/03/31
2500,2013/03/31
2600,2013/04/01
3000,2013/04/02
2850,2013/04/03
2500,2013/04/03
3500,2013/04/05
3000,2013/04/07
2850,2013/04/08
2000,2013/04/08
3500,2013/04/08
2600,2013/04/09
2500,2013/04/11
2750,2013/04/12
3500,2013/04/12
2750,2013/04/14
3250,2013/04/14
2500,2013/04/15
2900,2013/04/15
2500,2013/04/16
3500,2013/04/16
2500,2013/04/17
3000,2013/04/17
2750,2013/04/18
3200,2013/04/18
2750,2013/04/19
2200,2013/04/19
2000,2013/04/20
2750,2013/04/21
3200,2013/04/21
2500,2013/04/22
2750,2013/04/22
3000,2013/04/22
2750,2013/04/23
2500,2013/04/23
2500,2013/04/24
3000,2013/04/24
2250,2013/04/25
2500,2013/04/26
2100,2013/04/27
2500,2013/04/28
2400,2013/04/28
2750,2013/04/28
2500,2013/04/29
2500,2013/04/29
2750,2013/04/30
2000,2013/05/02
3200,2013/05/02
2500,2013/05/03
2700,2013/05/03
3500,2013/05/04
2750,2013/05/05
250,2013/05/05
2500,2013/05/06
2250,2013/05/06
3050,2013/05/06
2500,2013/05/07
2500,2013/05/07
3300,2013/05/07
2600,2013/05/08
3200,2013/05/08
2500,2013/05/09
1500,2013/05/09
3100,2013/05/09
2850,2013/05/10
2250,2013/05/10
3000,2013/05/10
2850,2013/05/12
3200,2013/05/12
2750,2013/05/13
3500,2013/05/13
2850,2013/05/14
2250,2013/05/14
3000,2013/05/15
1500,2013/05/15
3000,2013/05/15
2750,2013/05/16
2500,2013/05/16
3000,2013/05/16
2000,2013/05/17
3400,2013/05/17
2750,2013/05/19
2000,2013/05/19
3250,2013/05/20
3000,2013/05/21
3000,2013/05/21
2750,2013/05/23
2750,2013/05/24
3000,2013/05/24
3250,2013/05/24
3250,2013/05/25
2750,2013/05/26
2500,2013/05/27
3250,2013/05/28
2750,2013/05/29
2500,2013/05/29
3100,2013/05/29
3000,2013/05/30
2500,2013/05/30
3250,2013/05/30
2600,2013/05/31
2200,2013/05/31
2900,2013/06/02
3250,2013/06/09
3500,2013/06/11
2500,2013/06/12
3000,2013/06/13
3500,2013/06/14
3000,2013/06/16
3000,2013/06/17
2750,2013/06/18
3000,2013/06/19
3000,2013/06/20
2600,2013/06/21
4000,2013/06/21
2750,2013/06/23
3000,2013/06/23
2750,2013/06/24
5500,2013/06/24
4000,2013/06/25
3500,2013/06/26
3250,2013/06/27
3000,2013/06/28
3000,2013/06/30
3000,2013/07/01
3500,2013/07/02
3000,2013/07/03
2750,2013/07/04
3000,2013/07/05
4500,2013/07/06
3000,2013/07/07
3000,2013/07/08
3250,2013/07/09
5000,2013/07/09
3000,2013/07/10
5000,2013/07/10
3000,2013/07/11
3500,2013/07/12
5000,2013/07/12
3500,2013/07/14
3250,2013/07/15
3500,2013/07/16
5000,2013/07/17
3500,2013/07/21
3250,2013/07/22
3750,2013/07/23
3750,2013/07/24
3500,2013/07/25
3750,2013/07/26
3500,2013/07/28
3750,2013/07/29
3500,2013/07/30
3250,2013/07/31
2500,2013/07/31
3500,2013/08/01
3500,2013/08/02
3500,2013/08/08
3500,2013/08/12
1600,2013/09/26
1500,2013/09/27
1500,2013/09/30
2250,2013/10/03
1750,2013/10/04
1500,2013/10/07
1300,2013/10/08
1750,2013/10/10
3000,2013/10/10
1750,2013/10/11
1750,2013/10/15
1500,2013/10/16
2000,2013/10/16
1700,2013/10/17
1600,2013/10/17
1700,2013/10/18
1700,2013/10/21
2250,2013/10/22
1700,2013/10/29
1850,2013/10/31
2000,2013/11/06
1800,2013/11/06
1600,2013/11/08
1850,2013/11/10
1850,2013/11/11
1100,2013/11/13
1850,2013/11/14
1600,2013/11/18
1700,2013/11/19
2500,2013/11/19
1850,2013/11/20
2100,2013/11/20
1600,2013/11/21
1950,2013/11/22
2000,2013/11/23
1700,2013/11/24
2500,2013/11/24
1800,2013/11/25
1800,2013/11/26
1800,2013/11/27
1950,2013/11/28
1600,2013/11/29
1600,2013/12/01
1700,2013/12/02
1600,2013/12/03
1700,2013/12/04
1600,2013/12/05
2000,2013/12/05
1500,2013/12/06
2100,2013/12/09
1750,2013/12/09
2100,2013/12/10
1600,2013/12/10
2150,2013/12/11
2200,2013/12/12
2250,2013/12/13
2300,2013/12/14
2500,2013/12/15
2500,2013/12/15
2050,2013/12/16
2000,2013/12/17
2500,2013/12/18
2250,2013/12/20
1800,2013/12/20
2250,2013/12/23
2250,2013/12/24
2250,2013/12/26
2000,2013/12/27
2000,2013/12/29
2000,2013/12/30
2000,2013/12/31
2500,2013/12/31
2000,2014/01/01
1400,2014/01/01
2050,2014/01/02
2250,2014/01/03
2150,2014/01/05
1600,2014/01/05
2000,2014/01/06
2050,2014/01/07
2500,2014/01/08
2000,2014/01/08
2000,2014/01/09
2000,2014/01/10
1400,2014/01/10
2500,2014/01/11
2000,2014/01/13
2000,2014/01/16
2000,2014/01/16
2050,2014/01/17
2500,2014/01/17
2050,2014/01/20
2000,2014/01/20
2500,2014/01/21
2400,2014/01/21
2500,2014/01/22
2500,2014/01/23
2500,2014/01/23
3250,2014/01/24
3000,2014/01/24
3000,2014/01/26
2500,2014/01/27
2100,2014/01/27
2750,2014/01/27
2000,2014/01/28
2500,2014/01/29
2500,2014/01/30
2500,2014/01/30
2500,2014/01/31
2150,2014/02/03
2500,2014/02/04
2000,2014/02/04
2500,2014/02/05
1500,2014/02/05
2500,2014/02/06
2500,2014/02/07
2500,2014/02/10
2500,2014/02/11
2500,2014/02/12
3000,2014/02/13
3000,2014/02/14
2750,2014/02/17
2500,2014/02/17
2500,2014/02/18
2500,2014/02/18
2750,2014/02/20
2850,2014/02/21
3000,2014/02/24
3250,2014/02/25
3000,2014/02/26
3000,2014/02/28
2500,2014/03/01
2500,2014/03/03
2500,2014/03/05
2000,2014/03/07
2000,2014/03/09
2200,2014/03/10
2200,2014/03/11
2500,2014/03/12
2000,2014/03/13
1500,2014/03/14
2500,2014/03/26
2500,2014/03/28
3000,2014/03/28
2500,2014/03/31
2500,2014/04/01
2600,2014/04/02
2500,2014/04/03
2500,2014/04/03
2750,2014/04/04
2250,2014/04/04
2000,2014/04/05
2750,2014/04/07
2500,2014/04/08
3000,2014/04/09
2500,2014/04/09
2250,2014/04/11
2250,2014/04/13
2500,2014/04/15
2400,2014/04/19
2600,2014/04/20
2250,2014/04/20
2500,2014/04/21
2000,2014/04/22
2250,2014/04/23
2250,2014/04/24
2500,2014/04/24
2150,2014/04/25
2000,2014/04/25
2250,2014/04/26
2250,2014/04/28
2250,2014/04/29
1500,2014/04/29
2300,2014/04/30
2250,2014/04/30
2250,2014/05/02
2500,2014/05/03
2500,2014/05/04
1750,2014/05/04
2250,2014/05/05
1500,2014/05/05
2400,2014/05/06
2000,2014/05/06
2250,2014/05/07
2500,2014/05/07
2400,2014/05/08
2250,2014/05/09
2250,2014/05/13
2500,2014/05/13
2250,2014/05/14
2300,2014/05/15
2000,2014/05/15
2250,2014/05/16
3500,2014/06/05
2000,2014/06/06
3000,2014/06/07
2600,2014/06/08
2500,2014/06/10
2350,2014/06/11
2250,2014/06/11
2500,2014/06/12
2500,2014/06/13
2000,2014/06/14
2750,2014/06/15
2850,2014/06/15
3000,2014/06/16
2400,2014/06/16
2750,2014/06/17
3000,2014/06/19
2750,2014/06/22
3000,2014/06/23
2750,2014/06/24
3800,2014/06/24
3000,2014/06/25
3000,2014/06/26
3250,2014/06/27
3000,2014/06/29
4000,2014/06/29
3250,2014/06/30
3500,2014/06/30
3000,2014/07/01
3000,2014/07/02
3500,2014/07/03
3500,2014/07/04
4000,2014/07/04
3000,2014/07/05
3000,2014/07/06
3750,2014/07/06
3000,2014/07/07
2750,2014/07/08
2500,2014/07/08
3000,2014/07/09
3000,2014/07/10
3000,2014/07/11
3250,2014/07/13
3000,2014/07/13
4000,2014/07/13
3000,2014/07/14
5000,2014/07/14
3000,2014/07/15
2500,2014/07/15
2750,2014/07/16
2000,2014/07/16
3500,2014/07/16
3000,2014/07/17
3100,2014/07/17
3000,2014/07/18
2500,2014/07/18
3500,2014/07/19
1900,2014/07/20
3000,2014/07/21
2250,2014/07/21
3000,2014/07/21
3000,2014/07/22
3500,2014/07/23
3500,2014/07/24
3500,2014/07/25
3000,2014/07/25
4500,2014/07/25
3250,2014/07/27
3500,2014/07/27
3150,2014/07/28
3000,2014/07/29
3500,2014/07/30
3000,2014/07/30
3500,2014/07/30
3250,2014/07/31
3000,2014/07/31
4500,2014/07/31
3500,2014/08/01
3500,2014/08/03
4500,2014/08/03
3500,2014/08/04
5000,2014/08/04
3500,2014/08/05
3250,2014/08/06
3000,2014/08/06
4000,2014/08/06
3750,2014/08/07
3750,2014/08/08
3000,2014/08/09
4750,2014/08/09
3750,2014/08/10
3750,2014/08/11
5000,2014/08/11
4500,2014/08/11
3750,2014/08/12
4000,2014/08/13
3750,2014/08/14
4500,2014/08/14
5000,2014/08/16
5000,2014/08/16
3750,2014/08/17
500,2014/08/17
2600,2014/08/18
3500,2014/08/18
3250,2014/08/19
4000,2014/08/19
3000,2014/08/20
3500,2014/08/20
4500,2014/08/20
3250,2014/08/21
2500,2014/08/22
2500,2014/08/24
4250,2014/08/24
2000,2014/08/25
4000,2014/08/25
2250,2014/08/26
2250,2014/08/27
3500,2014/08/27
2250,2014/08/28
3500,2014/08/28
4000,2014/08/28
2000,2014/08/29
2500,2014/08/30
2250,2014/08/31
2000,2014/08/31
3500,2014/08/31
2000,2014/09/01
3000,2014/09/01
3250,2014/09/01
2250,2014/09/02
3000,2014/09/02
2000,2014/09/03
2500,2014/09/03
3700,2014/09/03
2000,2014/09/04
3000,2014/09/04
2900,2014/09/04
2050,2014/09/05
3000,2014/09/05
3000,2014/09/06
2000,2014/09/07
4000,2014/09/07
3000,2014/09/07
2250,2014/09/08
2750,2014/09/10
2500,2014/09/10
3000,2014/09/10
2750,2014/09/11
3500,2014/09/11
3500,2014/09/11
2500,2014/09/12
1800,2014/09/12
4000,2014/09/12
2000,2014/09/13
2750,2014/09/14
5000,2014/09/14
3250,2014/09/15
2750,2014/09/15
3500,2014/09/15
2750,2014/09/16
4500,2014/09/16
3750,2014/09/16
3000,2014/09/17
4500,2014/09/17
3000,2014/09/18
3500,2014/09/18
3000,2014/09/19
3500,2014/09/19
3000,2014/09/20
4000,2014/09/20
3000,2014/09/21
4000,2014/09/21
2750,2014/09/22
3000,2014/09/22
4000,2014/09/22
2500,2014/09/23
3400,2014/09/23
2500,2014/09/23
2500,2014/09/24
2750,2014/09/24
2250,2014/09/25
3200,2014/09/25
2000,2014/09/26
2100,2014/09/26
1850,2014/09/28
2500,2014/09/28
2750,2014/09/28
1400,2014/09/29
2000,2014/09/29
1750,2014/09/30
2000,2014/09/30
2500,2014/09/30
2000,2014/10/01
2750,2014/10/01
2000,2014/10/04
1750,2014/10/05
2250,2014/10/05
1600,2014/10/07
2250,2014/10/07
1750,2014/10/08
1750,2014/10/08
2500,2014/10/08
1750,2014/10/09
2000,2014/10/09
2250,2014/10/09
1800,2014/10/10
2000,2014/10/12
2250,2014/10/12
1600,2014/10/13
2000,2014/10/13
2000,2014/10/14
2000,2014/10/14
1750,2014/10/16
2500,2014/10/16
2250,2014/10/16
2000,2014/10/17
2350,2014/10/17
2500,2014/10/17
2000,2014/10/19
1250,2014/10/19
2500,2014/10/19
1850,2014/10/20
2250,2014/10/20
2500,2014/10/20
1600,2014/10/21
1750,2014/10/21
2750,2014/10/21
1700,2014/10/26
1250,2014/10/26
2750,2014/10/26
1850,2014/10/27
1500,2014/10/27
2500,2014/10/27
1850,2014/10/28
1750,2014/10/28
2000,2014/10/28
1850,2014/10/29
1500,2014/10/29
1850,2014/10/30
1500,2014/10/30
2250,2014/10/30
2000,2014/10/31
3000,2014/10/31
2250,2014/11/02
2250,2014/11/03
2250,2014/11/03
3250,2014/11/03
2500,2014/11/05
3000,2014/11/05
3500,2014/11/05
3000,2014/11/07
4000,2014/11/07
2500,2014/11/09
4000,2014/11/09
3000,2014/11/10
2200,2014/11/10
3150,2014/11/11
3000,2014/11/12
2500,2014/11/12
2750,2014/11/13
2000,2014/11/13
2000,2014/11/14
3750,2014/11/14
2500,2014/11/17
2000,2014/11/17
2500,2014/11/19
2250,2014/11/19
2500,2014/11/20
3000,2014/11/20
2500,2014/11/20
2250,2014/11/21
2700,2014/11/21
3250,2014/11/21
2500,2014/11/23
3250,2014/11/24
3000,2014/11/25
3000,2014/11/25
3000,2014/11/26
2000,2014/11/26
2500,2014/11/26
3000,2014/11/27
2250,2014/11/27
3000,2014/11/28
2750,2014/11/28
1500,2014/11/29
2750,2014/11/30
2000,2014/11/30
4000,2014/11/30
3400,2014/12/01
2500,2014/12/01
3000,2014/12/02
2500,2014/12/02
3250,2014/12/04
4000,2014/12/04
3250,2014/12/05
3500,2014/12/05
2750,2014/12/07
2700,2014/12/07
3000,2014/12/08
2700,2014/12/08
2700,2014/12/09
3150,2014/12/10
2750,2014/12/11
3250,2014/12/11
2750,2014/12/12
2500,2014/12/12
2750,2014/12/14
4000,2014/12/14
2750,2014/12/15
3000,2014/12/15
3000,2014/12/15
2750,2014/12/16
2500,2014/12/16
2250,2014/12/17
2200,2014/12/17
2750,2014/12/18
2500,2014/12/18
4000,2014/12/18
3000,2014/12/19
2100,2014/12/19
3000,2014/12/19
3500,2014/12/20
3250,2014/12/21
2500,2014/12/21
3200,2014/12/21
3250,2014/12/22
4500,2014/12/22
3250,2014/12/23
2500,2014/12/23
3350,2014/12/24
3750,2014/12/24
3000,2014/12/26
2000,2014/12/26
3500,2014/12/28
2500,2014/12/28
3600,2014/12/28
3500,2014/12/29
2500,2014/12/29
3000,2014/12/29
3500,2014/12/30
3500,2014/12/30
3500,2014/12/31
2000,2014/12/31
3500,2015/01/01
4000,2015/01/01
3750,2015/01/02
3500,2015/01/03
3750,2015/01/05
3500,2015/01/06
3500,2015/01/07
3250,2015/01/08
3000,2015/01/08
4000,2015/01/08
3250,2015/01/09
3750,2015/01/11
3750,2015/01/11
4000,2015/01/11
4000,2015/01/11
3750,2015/01/14
3750,2015/01/14
3250,2015/01/16
3250,2015/01/16
2700,2015/01/16
2700,2015/01/16
3000,2015/01/17
3000,2015/01/17
3750,2015/01/18
3750,2015/01/18
3000,2015/01/18
3000,2015/01/18
3500,2015/01/19
3250,2015/01/20
3750,2015/01/21
3750,2015/01/22
3500,2015/01/25
3000,2015/01/27
3750,2015/01/28
3250,2015/01/29
3000,2015/01/29
3500,2015/01/30
3600,2015/01/30
2500,2015/01/31
3250,2015/02/01
3000,2015/02/01
3250,2015/02/02
3250,2015/02/03
4000,2015/02/03
3500,2015/02/04
2500,2015/02/04
3250,2015/02/05
3750,2015/02/06
3750,2015/02/08
3750,2015/02/09
3750,2015/02/10
3600,2015/02/11
3500,2015/02/12
3500,2015/02/13
3500,2015/02/15
2400,2015/02/15
3000,2015/02/16
3250,2015/02/18
3000,2015/02/22
3000,2015/02/24
3500,2015/02/25
3250,2015/02/26
3000,2015/03/01
2750,2015/03/02
2700,2015/03/02
3500,2015/03/03
3500,2015/03/04
2000,2015/03/04
3500,2015/03/05
3000,2015/03/07
3500,2015/03/08
2500,2015/03/08
3500,2015/03/09
2500,2015/03/09
3250,2015/03/10
3500,2015/03/11
3500,2015/03/12
3000,2015/03/13
2500,2015/03/13
3000,2015/03/14
2500,2015/03/15
3250,2015/03/16
3000,2015/03/17
3000,2015/03/18
3150,2015/03/19
2500,2015/03/19
2750,2015/03/20
2850,2015/03/22
3150,2015/03/23
3000,2015/03/24
3000,2015/03/24
3150,2015/03/25
3000,2015/03/26
2750,2015/03/27
2850,2015/03/29
2600,2015/03/29
2750,2015/03/30
2500,2015/03/31
2750,2015/04/01
4000,2015/04/01
2500,2015/04/02
2500,2015/04/02
2500,2015/04/03
2500,2015/04/05
3500,2015/04/05
3500,2015/04/05
2750,2015/04/06
3500,2015/04/06
2750,2015/04/07
3500,2015/04/07
3500,2015/04/08
2500,2015/04/09
600,2015/04/10
1500,2015/04/10
3150,2015/04/10
2250,2015/04/12
2500,2015/04/12
3500,2015/04/12
2500,2015/04/15
3250,2015/04/15
2400,2015/04/16
3000,2015/04/16
3100,2015/04/16
2250,2015/04/17
1750,2015/04/17
2750,2015/04/17
2000,2015/04/18
2750,2015/04/18
2500,2015/04/19
3000,2015/04/19
2500,2015/04/23
2000,2015/04/23
2750,2015/04/23
2500,2015/04/24
2500,2015/04/24
2800,2015/04/24
2500,2015/04/26
1500,2015/04/26
2750,2015/04/26
2500,2015/04/27
2750,2015/04/27
2750,2015/04/27
2500,2015/04/28
2500,2015/04/28
2500,2015/04/29
2500,2015/04/29
2700,2015/04/29
2500,2015/05/03
2250,2015/05/05
2000,2015/05/05
2750,2015/05/05
2500,2015/05/06
2850,2015/05/06
3000,2015/05/06
2500,2015/05/08
2500,2015/05/08
2250,2015/05/08
2500,2015/05/10
3000,2015/05/10
2750,2015/05/11
2500,2015/05/13
2250,2015/05/13
2500,2015/05/13
2500,2015/05/14
2500,2015/05/14
2500,2015/05/14
2500,2015/05/15
2250,2015/05/15
2750,2015/05/15
2500,2015/05/16
2600,2015/05/16
3000,2015/05/17
2500,2015/05/17
3100,2015/05/17
2250,2015/05/18
2000,2015/05/18
2500,2015/05/18
2500,2015/05/19
2000,2015/05/19
2500,2015/05/20
850,2015/05/20
2600,2015/05/21
1500,2015/05/21
3000,2015/05/21
2500,2015/05/22
3000,2015/05/22
2750,2015/05/24
2750,2015/05/24
3000,2015/05/24
2750,2015/05/25
2500,2015/05/25
2750,2015/05/26
3000,2015/05/26
2750,2015/05/27
2500,2015/05/27
2500,2015/05/27
2500,2015/05/28
2500,2015/05/29
3500,2015/05/29
2700,2015/05/30
2500,2015/05/30
2500,2015/05/31
2750,2015/06/01
3250,2015/06/01
2600,2015/06/02
2750,2015/06/02
2500,2015/06/03
2750,2015/06/03
2500,2015/06/04
3000,2015/06/04
2750,2015/06/05
2000,2015/06/05
2500,2015/06/06
2750,2015/06/07
2250,2015/06/07
2600,2015/06/07
2750,2015/06/08
2600,2015/06/08
3250,2015/06/08
2750,2015/06/09
2750,2015/06/09
2600,2015/06/09
2750,2015/06/10
2750,2015/06/10
3000,2015/06/10
3000,2015/06/11
2850,2015/06/11
2750,2015/06/12
3500,2015/06/12
3000,2015/06/13
3000,2015/06/14
3000,2015/06/14
3600,2015/06/14
3000,2015/06/15
2250,2015/06/15
4250,2015/06/15
3000,2015/06/16
3750,2015/06/16
3250,2015/06/17
3250,2015/06/17
3200,2015/06/18
2500,2015/06/18
3000,2015/06/18
3450,2015/06/19
4000,2015/06/19
3500,2015/06/20
4000,2015/06/21
3000,2015/06/21
3000,2015/06/25
4250,2015/06/25
3000,2015/06/26
3500,2015/06/26
3750,2015/06/27
2500,2015/06/29
3600,2015/06/29
3000,2015/06/30
2500,2015/07/01
2500,2015/07/01
3500,2015/07/01
2500,2015/07/02
3500,2015/07/02
4000,2015/07/02
3000,2015/07/03
3900,2015/07/03
3840,2015/07/04
3000,2015/07/05
3670,2015/07/05
3000,2015/07/06
3000,2015/07/06
4000,2015/07/06
3500,2015/07/07
2500,2015/07/07
4170,2015/07/07
2500,2015/07/08
1600,2015/07/08
3000,2015/07/09
3300,2015/07/09
2500,2015/07/10
3400,2015/07/12
3000,2015/07/12
3850,2015/07/12
3200,2015/07/13
2000,2015/07/13
3000,2015/07/13
3000,2015/07/14
2500,2015/07/14
3500,2015/07/14
3000,2015/07/15
3000,2015/07/15
4000,2015/07/15
2500,2015/07/16
3000,2015/07/16
3000,2015/07/17
2500,2015/07/19
2000,2015/07/20
2500,2015/07/21
2500,2015/07/21
2500,2015/07/22
3330,2015/07/22
2500,2015/07/23
3200,2015/07/23
3000,2015/07/24
2500,2015/07/26
2500,2015/07/27
2500,2015/07/28
2000,2015/07/28
3660,2015/07/28
2200,2015/07/29
2200,2015/07/30
2000,2015/07/30
3330,2015/07/30
2200,2015/07/31
3300,2015/07/31
2800,2015/08/01
2500,2015/08/02
2200,2015/08/03
2000,2015/08/03
3660,2015/08/03
2500,2015/08/04
3660,2015/08/04
2500,2015/08/05
2500,2015/08/05
3660,2015/08/05
2500,2015/08/06
2500,2015/08/06
3700,2015/08/06
2500,2015/08/07
3000,2015/08/07
2000,2015/08/09
2800,2015/08/10
2500,2015/08/11
2500,2015/08/12
2200,2015/08/13
2500,2015/08/13
3760,2015/08/13
2300,2015/08/14
2000,2015/08/16
2500,2015/08/18
2300,2015/08/19
3260,2015/08/19
2000,2015/08/20
2300,2015/08/21
2500,2015/08/21
3500,2015/08/21
2500,2015/08/22
1900,2015/08/23
1700,2015/08/24
2500,2015/08/24
2830,2015/08/24
1700,2015/08/25
2000,2015/08/25
1800,2015/08/26
2530,2015/08/26
2200,2015/08/27
2000,2015/08/27
1330,2015/08/27
1800,2015/08/28
2500,2015/08/28
3260,2015/08/28
1800,2015/08/30
1600,2015/08/31
2650,2015/08/31
1800,2015/08/31
1600,2015/09/01
2000,2015/09/01
2500,2015/09/01
1700,2015/09/02
2000,2015/09/02
2760,2015/09/02
1500,2015/09/03
1200,2015/09/04
1500,2015/09/04
2260,2015/09/05
1500,2015/09/06
2300,2015/09/06
1500,2015/09/07
1600,2015/09/07
1000,2015/09/08
2300,2015/09/08
2500,2015/09/08
1200,2015/09/09
1770,2015/09/09
2000,2015/09/10
2000,2015/09/10
1500,2015/09/11
2000,2015/09/11
2000,2015/09/11
1000,2015/09/14
1500,2015/09/14
1400,2015/09/15
1600,2015/09/15
1500,2015/09/15
1000,2015/09/16
1000,2015/09/18
2000,2015/09/18
2000,2015/09/19
2930,2015/09/19
1200,2015/09/20
1400,2015/09/21
1400,2015/09/22
1870,2015/09/22
1200,2015/09/23
2170,2015/09/23
1300,2015/09/24
1600,2015/09/24
1870,2015/09/24
1200,2015/09/25
1870,2015/09/25
1800,2015/09/27
2840,2015/09/27
2670,2015/09/28
2000,2015/09/29
2500,2015/09/29
2830,2015/09/29
2200,2015/09/30
3000,2015/09/30
3840,2015/09/30
2600,2015/10/01
4000,2015/10/01
2840,2015/10/01
2300,2015/10/02
3500,2015/10/03
2500,2015/10/04
2500,2015/10/04
3670,2015/10/04
2300,2015/10/05
2500,2015/10/05
3660,2015/10/05
2200,2015/10/06
2500,2015/10/06
2200,2015/10/07
2500,2015/10/07
2500,2015/10/08
1000,2015/10/08
4000,2015/10/08
3200,2015/10/09
2600,2015/10/09
2700,2015/10/11
2800,2015/10/11
3330,2015/10/11
2600,2015/10/12
2000,2015/10/12
3110,2015/10/12
2200,2015/10/13
2500,2015/10/13
2200,2015/10/14
3000,2015/10/14
3670,2015/10/14
2300,2015/10/15
2000,2015/10/15
2830,2015/10/15
2200,2015/10/16
2840,2015/10/16
2530,2015/10/17
2400,2015/10/18
3607,2015/10/18
2700,2015/10/19
2500,2015/10/19
2500,2015/10/20
3000,2015/10/20
2840,2015/10/21
3660,2015/10/23
3000,2015/10/24
2300,2015/10/27
2000,2015/10/28
2830,2015/10/28
2000,2015/10/29
3000,2015/10/29
2000,2015/10/30
3000,2015/10/30
2000,2015/11/01
2200,2015/11/02
2300,2015/11/03
2600,2015/11/03
2400,2015/11/04
2400,2015/11/05
2500,2015/11/05
2000,2015/11/06
3330,2015/11/06
2300,2015/11/08
2200,2015/11/15
2700,2015/11/17
2500,2015/11/18
3000,2015/11/18
2800,2015/11/19
2500,2015/11/20
3200,2015/11/20
3000,2015/11/21
2500,2015/11/22
2500,2015/11/23
2500,2015/11/23
2500,2015/11/25
2500,2015/11/26
2600,2015/11/27
2500,2015/11/29
2830,2015/11/30
