Modal Price potato, Date
675,2006/03/01
550,2006/03/02
500,2006/03/02
625,2006/03/03
500,2006/03/03
525,2006/03/03
500,2006/03/04
375,2006/03/04
625,2006/03/05
400,2006/03/05
610,2006/03/06
400,2006/03/06
610,2006/03/07
600,2006/03/07
635,2006/03/08
450,2006/03/08
550,2006/03/08
640,2006/03/09
610,2006/03/10
400,2006/03/10
550,2006/03/10
400,2006/03/11
575,2006/03/11
640,2006/03/12
450,2006/03/12
500,2006/03/12
640,2006/03/13
325,2006/03/13
200,2006/03/13
650,2006/03/14
550,2006/03/14
635,2006/03/15
525,2006/03/15
450,2006/03/15
620,2006/03/16
500,2006/03/16
585,2006/03/16
665,2006/03/17
440,2006/03/17
555,2006/03/17
450,2006/03/18
575,2006/03/18
650,2006/03/19
525,2006/03/19
500,2006/03/19
715,2006/03/20
500,2006/03/20
625,2006/03/20
625,2006/03/21
500,2006/03/21
460,2006/03/21
650,2006/03/22
600,2006/03/22
650,2006/03/22
500,2006/03/23
550,2006/03/23
640,2006/03/24
600,2006/03/24
525,2006/03/24
450,2006/03/25
410,2006/03/25
600,2006/03/27
525,2006/03/27
560,2006/03/27
610,2006/03/28
500,2006/03/28
500,2006/03/28
610,2006/03/29
500,2006/03/29
375,2006/03/29
620,2006/03/30
550,2006/03/30
700,2006/03/30
610,2006/03/31
450,2006/03/31
500,2006/03/31
460,2006/04/01
665,2006/04/02
460,2006/04/02
650,2006/04/03
475,2006/04/03
475,2006/04/03
665,2006/04/04
625,2006/04/04
400,2006/04/04
665,2006/04/05
500,2006/04/05
475,2006/04/06
600,2006/04/06
625,2006/04/08
700,2006/04/09
650,2006/04/09
600,2006/04/09
700,2006/04/10
600,2006/04/10
300,2006/04/10
650,2006/04/11
600,2006/04/11
800,2006/04/11
650,2006/04/12
665,2006/04/13
500,2006/04/13
750,2006/04/13
650,2006/04/14
800,2006/04/14
600,2006/04/14
650,2006/04/15
650,2006/04/15
500,2006/04/16
700,2006/04/16
700,2006/04/17
300,2006/04/17
675,2006/04/18
800,2006/04/18
700,2006/04/19
900,2006/04/19
700,2006/04/20
500,2006/04/20
700,2006/04/20
700,2006/04/21
400,2006/04/22
675,2006/04/23
380,2006/04/24
650,2006/04/25
725,2006/04/26
675,2006/04/27
740,2006/04/28
600,2006/04/28
800,2006/04/30
665,2006/05/04
850,2006/05/04
865,2006/05/05
825,2006/05/07
800,2006/05/08
775,2006/05/09
850,2006/05/10
825,2006/05/11
825,2006/05/12
825,2006/05/14
825,2006/05/15
825,2006/05/16
825,2006/05/17
825,2006/05/18
850,2006/05/19
850,2006/05/21
875,2006/05/22
900,2006/05/23
875,2006/05/24
875,2006/05/25
850,2006/05/26
850,2006/05/28
850,2006/05/29
850,2006/05/30
850,2006/05/31
850,2006/06/01
900,2006/06/02
900,2006/06/04
860,2006/06/05
800,2006/06/06
875,2006/06/07
860,2006/06/08
875,2006/06/09
875,2006/06/11
850,2006/06/13
850,2006/06/14
850,2006/06/15
900,2006/06/16
910,2006/06/18
850,2006/06/19
840,2006/06/20
850,2006/06/21
950,2006/06/22
950,2006/06/23
800,2006/06/25
800,2006/06/26
825,2006/06/27
800,2006/06/28
825,2006/06/29
840,2006/06/30
840,2006/07/02
840,2006/07/03
825,2006/07/04
840,2006/07/05
925,2006/07/06
950,2006/07/07
925,2006/07/09
850,2006/07/11
850,2006/07/12
875,2006/07/13
875,2006/07/14
875,2006/07/16
825,2006/07/17
800,2006/07/18
850,2006/07/19
900,2006/07/20
860,2006/07/21
875,2006/07/23
800,2006/07/24
860,2006/07/25
550,2006/07/25
860,2006/07/27
925,2006/07/30
890,2006/07/31
910,2006/08/01
1000,2006/08/02
875,2006/08/03
910,2006/08/06
900,2006/08/07
1025,2006/08/09
885,2006/08/10
925,2006/08/11
925,2006/08/13
1000,2006/08/14
975,2006/08/16
925,2006/08/18
900,2006/08/20
835,2006/08/21
850,2006/08/22
900,2006/08/23
850,2006/08/24
875,2006/08/25
875,2006/08/28
925,2006/08/29
900,2006/08/30
900,2006/08/31
900,2006/09/01
850,2006/09/03
850,2006/09/04
810,2006/09/05
860,2006/09/06
725,2006/09/08
800,2006/09/10
775,2006/09/12
825,2006/09/13
655,2006/09/14
500,2006/09/14
800,2006/09/15
810,2006/09/18
800,2006/09/19
500,2006/09/19
800,2006/09/20
800,2006/09/20
825,2006/09/21
900,2006/09/24
1050,2006/09/24
875,2006/09/25
800,2006/09/25
875,2006/09/26
950,2006/09/26
900,2006/09/27
875,2006/09/28
700,2006/09/28
1000,2006/09/29
875,2006/10/01
850,2006/10/02
1000,2006/10/02
950,2006/10/03
850,2006/10/04
1000,2006/10/04
550,2006/10/04
850,2006/10/05
500,2006/10/05
850,2006/10/06
1000,2006/10/06
500,2006/10/06
900,2006/10/07
700,2006/10/07
875,2006/10/08
800,2006/10/08
500,2006/10/08
850,2006/10/09
600,2006/10/09
850,2006/10/10
550,2006/10/10
725,2006/10/11
700,2006/10/11
725,2006/10/12
725,2006/10/13
600,2006/10/13
550,2006/10/14
1000,2006/10/14
900,2006/10/15
825,2006/10/16
400,2006/10/16
825,2006/10/17
825,2006/10/18
825,2006/10/19
900,2006/10/19
375,2006/10/19
800,2006/10/20
500,2006/10/21
850,2006/10/22
400,2006/10/22
1000,2006/10/23
925,2006/10/24
950,2006/10/25
875,2006/10/26
1000,2006/10/27
1025,2006/10/29
800,2006/10/29
1050,2006/10/30
1050,2006/10/31
1000,2006/11/01
950,2006/11/02
600,2006/11/02
1000,2006/11/02
1050,2006/11/03
975,2006/11/05
1050,2006/11/06
600,2006/11/06
900,2006/11/08
950,2006/11/09
875,2006/11/10
925,2006/11/12
925,2006/11/13
925,2006/11/14
900,2006/11/15
900,2006/11/16
300,2006/11/16
850,2006/11/17
850,2006/11/19
750,2006/11/19
875,2006/11/20
700,2006/11/21
925,2006/11/22
620,2006/11/22
950,2006/11/24
550,2006/11/24
150,2006/11/26
1000,2006/12/02
1000,2006/12/05
750,2006/12/05
975,2006/12/06
700,2006/12/06
800,2006/12/06
975,2006/12/07
600,2006/12/07
600,2006/12/07
925,2006/12/08
650,2006/12/08
750,2006/12/08
670,2006/12/09
900,2006/12/10
850,2006/12/10
630,2006/12/10
850,2006/12/11
750,2006/12/11
800,2006/12/11
850,2006/12/12
850,2006/12/12
825,2006/12/13
550,2006/12/13
650,2006/12/13
800,2006/12/14
600,2006/12/14
900,2006/12/15
500,2006/12/15
570,2006/12/16
825,2006/12/17
500,2006/12/17
775,2006/12/18
500,2006/12/18
775,2006/12/19
550,2006/12/19
700,2006/12/19
775,2006/12/20
550,2006/12/20
725,2006/12/21
550,2006/12/21
750,2006/12/22
500,2006/12/22
625,2006/12/23
700,2006/12/23
750,2006/12/24
600,2006/12/24
750,2006/12/25
450,2006/12/25
665,2006/12/26
525,2006/12/26
500,2006/12/26
550,2006/12/27
500,2006/12/27
600,2006/12/28
500,2006/12/28
575,2006/12/29
550,2006/12/29
700,2006/12/30
600,2006/12/30
600,2006/12/31
500,2006/12/31
550,2006/12/31
650,2007/01/01
550,2007/01/01
600,2007/01/01
600,2007/01/02
500,2007/01/02
625,2007/01/03
500,2007/01/03
600,2007/01/03
625,2007/01/04
550,2007/01/04
575,2007/01/05
600,2007/01/05
600,2007/01/07
500,2007/01/07
560,2007/01/08
450,2007/01/08
570,2007/01/08
540,2007/01/09
400,2007/01/09
550,2007/01/09
410,2007/01/10
500,2007/01/10
500,2007/01/10
450,2007/01/11
400,2007/01/11
525,2007/01/12
350,2007/01/12
500,2007/01/12
400,2007/01/13
650,2007/01/14
450,2007/01/14
620,2007/01/15
400,2007/01/15
500,2007/01/15
620,2007/01/16
550,2007/01/16
575,2007/01/17
650,2007/01/17
400,2007/01/17
500,2007/01/18
500,2007/01/18
550,2007/01/19
500,2007/01/19
500,2007/01/19
450,2007/01/20
320,2007/01/20
525,2007/01/21
400,2007/01/21
400,2007/01/21
475,2007/01/22
700,2007/01/22
350,2007/01/22
450,2007/01/23
450,2007/01/23
500,2007/01/24
500,2007/01/24
550,2007/01/25
450,2007/01/27
400,2007/01/28
450,2007/01/28
500,2007/01/29
400,2007/01/29
450,2007/01/29
675,2007/01/30
400,2007/01/30
500,2007/01/30
625,2007/01/31
400,2007/01/31
560,2007/01/31
620,2007/02/01
500,2007/02/01
550,2007/02/02
550,2007/02/03
600,2007/02/03
625,2007/02/04
400,2007/02/04
525,2007/02/05
350,2007/02/05
500,2007/02/06
400,2007/02/06
475,2007/02/07
400,2007/02/07
500,2007/02/08
350,2007/02/08
500,2007/02/08
475,2007/02/09
450,2007/02/09
475,2007/02/09
400,2007/02/10
475,2007/02/12
450,2007/02/12
450,2007/02/12
525,2007/02/13
450,2007/02/13
450,2007/02/13
490,2007/02/14
500,2007/02/14
400,2007/02/14
450,2007/02/15
400,2007/02/15
565,2007/02/16
400,2007/02/16
400,2007/02/17
635,2007/02/18
450,2007/02/18
525,2007/02/19
370,2007/02/19
525,2007/02/20
450,2007/02/20
500,2007/02/21
450,2007/02/22
400,2007/02/22
600,2007/02/23
400,2007/02/23
600,2007/02/24
500,2007/02/25
500,2007/02/26
500,2007/02/27
675,2007/02/28
400,2007/02/28
550,2007/03/01
400,2007/03/01
575,2007/03/02
500,2007/03/02
450,2007/03/03
675,2007/03/04
500,2007/03/04
600,2007/03/05
400,2007/03/05
625,2007/03/06
550,2007/03/06
675,2007/03/08
650,2007/03/08
750,2007/03/09
520,2007/03/10
750,2007/03/11
650,2007/03/12
900,2007/03/12
750,2007/03/13
550,2007/03/13
650,2007/03/14
550,2007/03/14
650,2007/03/15
550,2007/03/15
650,2007/03/16
650,2007/03/16
650,2007/03/17
650,2007/03/18
600,2007/03/18
525,2007/03/19
550,2007/03/19
450,2007/03/20
525,2007/03/21
500,2007/03/21
450,2007/03/21
575,2007/03/22
525,2007/03/22
550,2007/03/23
520,2007/03/23
450,2007/03/24
600,2007/03/25
500,2007/03/25
450,2007/03/27
575,2007/03/28
650,2007/03/28
625,2007/03/29
625,2007/03/30
470,2007/03/30
600,2007/04/01
600,2007/04/01
675,2007/04/02
400,2007/04/02
600,2007/04/03
400,2007/04/03
550,2007/04/04
450,2007/04/04
557,2007/04/05
500,2007/04/05
650,2007/04/06
650,2007/04/08
600,2007/04/08
675,2007/04/09
550,2007/04/09
625,2007/04/10
625,2007/04/11
625,2007/04/12
550,2007/04/13
150,2007/04/13
675,2007/04/15
600,2007/04/15
650,2007/04/16
500,2007/04/16
650,2007/04/17
750,2007/04/18
675,2007/04/19
650,2007/04/20
775,2007/04/23
700,2007/04/24
650,2007/04/24
800,2007/04/25
800,2007/04/25
775,2007/04/26
735,2007/04/27
750,2007/04/29
350,2007/04/29
850,2007/04/30
850,2007/05/02
850,2007/05/03
825,2007/05/04
800,2007/05/06
925,2007/05/07
850,2007/05/08
850,2007/05/09
875,2007/05/11
825,2007/05/13
825,2007/05/14
900,2007/05/17
875,2007/05/18
935,2007/05/20
1000,2007/05/20
825,2007/05/21
850,2007/05/22
800,2007/05/23
850,2007/05/24
850,2007/05/25
850,2007/05/28
900,2007/05/29
850,2007/05/30
1000,2007/06/03
950,2007/06/04
950,2007/06/05
900,2007/06/07
950,2007/06/08
900,2007/06/10
925,2007/06/11
900,2007/06/12
1000,2007/06/13
900,2007/06/17
850,2007/06/18
850,2007/06/19
950,2007/06/20
875,2007/06/21
975,2007/06/24
1025,2007/06/25
975,2007/06/26
875,2007/06/29
1025,2007/07/02
1025,2007/07/04
1000,2007/07/05
1025,2007/07/06
1000,2007/07/09
1025,2007/07/10
950,2007/07/11
800,2007/07/12
1025,2007/07/13
1000,2007/07/15
1050,2007/07/16
1050,2007/07/17
1050,2007/07/18
1100,2007/07/20
115,2007/07/22
1100,2007/07/23
1125,2007/07/24
1150,2007/07/25
1150,2007/07/26
1200,2007/07/27
1100,2007/07/29
825,2007/07/30
700,2007/07/30
1050,2007/07/31
1100,2007/08/01
1125,2007/08/02
1100,2007/08/05
950,2007/08/06
1075,2007/08/07
1125,2007/08/08
1100,2007/08/09
1175,2007/08/13
1175,2007/08/14
1150,2007/08/16
1125,2007/08/17
1100,2007/08/19
700,2007/08/19
1100,2007/08/20
1100,2007/08/21
1075,2007/08/23
1100,2007/08/24
1100,2007/08/26
1000,2007/08/27
1000,2007/08/28
975,2007/08/29
900,2007/08/30
950,2007/08/31
1000,2007/09/02
1025,2007/09/03
950,2007/09/05
975,2007/09/06
600,2007/09/06
950,2007/09/07
1000,2007/09/09
1000,2007/09/10
950,2007/09/11
1050,2007/09/12
1025,2007/09/13
1050,2007/09/14
1000,2007/09/15
1000,2007/09/16
900,2007/09/17
1025,2007/09/18
1000,2007/09/19
1000,2007/09/20
1025,2007/09/21
1100,2007/09/23
1100,2007/09/24
950,2007/09/25
950,2007/09/27
1000,2007/09/30
900,2007/10/01
1000,2007/10/01
700,2007/10/02
825,2007/10/03
975,2007/10/04
1150,2007/10/05
900,2007/10/07
500,2007/10/07
925,2007/10/08
750,2007/10/09
900,2007/10/11
775,2007/10/12
800,2007/10/14
775,2007/10/15
875,2007/10/19
900,2007/10/21
900,2007/10/22
900,2007/10/23
925,2007/10/25
875,2007/10/26
900,2007/10/28
800,2007/10/28
875,2007/10/29
875,2007/10/30
950,2007/10/31
925,2007/11/01
875,2007/11/02
870,2007/11/04
700,2007/11/04
875,2007/11/05
900,2007/11/06
925,2007/11/07
800,2007/11/07
975,2007/11/08
950,2007/11/12
1000,2007/11/13
1000,2007/11/14
1000,2007/11/15
1000,2007/11/16
1000,2007/11/18
950,2007/11/19
1000,2007/11/20
1000,2007/11/21
1000,2007/11/22
1075,2007/11/23
1000,2007/11/25
1025,2007/11/28
1025,2007/11/29
1000,2007/11/30
1000,2007/12/10
700,2007/12/10
1000,2007/12/11
900,2007/12/12
950,2007/12/14
875,2007/12/16
900,2007/12/17
925,2007/12/18
875,2007/12/19
800,2007/12/19
800,2007/12/21
750,2007/12/22
620,2007/12/23
850,2007/12/23
550,2007/12/24
550,2007/12/26
700,2007/12/27
750,2007/12/28
650,2008/01/01
400,2008/01/01
500,2008/01/02
450,2008/01/03
400,2008/01/05
550,2008/01/05
625,2008/01/06
550,2008/01/06
400,2008/01/06
625,2008/01/07
625,2008/01/08
450,2008/01/08
500,2008/01/09
500,2008/01/09
700,2008/01/10
750,2008/01/11
500,2008/01/11
550,2008/01/11
450,2008/01/12
450,2008/01/12
550,2008/01/13
500,2008/01/13
450,2008/01/13
750,2008/01/14
550,2008/01/14
625,2008/01/15
700,2008/01/15
800,2008/01/16
750,2008/01/16
950,2008/01/17
550,2008/01/17
800,2008/01/18
650,2008/01/18
700,2008/01/19
700,2008/01/20
550,2008/01/20
800,2008/01/21
450,2008/01/21
775,2008/01/22
500,2008/01/22
400,2008/01/22
525,2008/01/23
500,2008/01/23
775,2008/01/24
450,2008/01/24
700,2008/01/25
500,2008/01/25
600,2008/01/27
400,2008/01/28
750,2008/01/30
625,2008/01/31
450,2008/01/31
700,2008/02/01
400,2008/02/01
450,2008/02/02
575,2008/02/03
400,2008/02/03
700,2008/02/04
500,2008/02/04
700,2008/02/05
450,2008/02/05
700,2008/02/06
400,2008/02/06
650,2008/02/07
500,2008/02/07
250,2008/02/07
400,2008/02/08
550,2008/02/08
400,2008/02/09
650,2008/02/11
500,2008/02/11
750,2008/02/12
500,2008/02/12
700,2008/02/13
500,2008/02/13
700,2008/02/14
450,2008/02/14
650,2008/02/14
750,2008/02/15
450,2008/02/15
550,2008/02/15
400,2008/02/16
550,2008/02/16
600,2008/02/17
400,2008/02/17
610,2008/02/17
700,2008/02/18
450,2008/02/18
600,2008/02/18
575,2008/02/20
575,2008/02/20
650,2008/02/21
500,2008/02/21
700,2008/02/22
475,2008/02/23
525,2008/02/24
425,2008/02/24
625,2008/02/25
400,2008/02/25
575,2008/02/26
400,2008/02/26
600,2008/02/27
400,2008/02/27
600,2008/02/27
650,2008/02/28
450,2008/02/28
410,2008/02/28
600,2008/02/29
375,2008/03/01
450,2008/03/02
625,2008/03/03
450,2008/03/03
625,2008/03/04
400,2008/03/04
400,2008/03/05
450,2008/03/06
500,2008/03/07
350,2008/03/07
575,2008/03/09
400,2008/03/09
525,2008/03/10
600,2008/03/10
500,2008/03/11
520,2008/03/11
420,2008/03/11
625,2008/03/12
450,2008/03/12
525,2008/03/13
350,2008/03/13
450,2008/03/14
350,2008/03/15
280,2008/03/15
400,2008/03/16
475,2008/03/18
300,2008/03/18
500,2008/03/19
450,2008/03/20
375,2008/03/21
400,2008/03/21
400,2008/03/22
425,2008/03/23
350,2008/03/23
400,2008/03/24
350,2008/03/24
480,2008/03/24
425,2008/03/25
450,2008/03/25
425,2008/03/26
470,2008/03/26
425,2008/03/27
350,2008/03/27
450,2008/03/28
350,2008/03/28
350,2008/03/29
425,2008/03/30
450,2008/03/31
400,2008/03/31
575,2008/04/01
500,2008/04/02
400,2008/04/03
500,2008/04/04
400,2008/04/04
500,2008/04/13
450,2008/04/14
500,2008/04/14
470,2008/04/14
500,2008/04/15
200,2008/04/17
450,2008/04/18
500,2008/04/21
550,2008/04/22
550,2008/04/23
450,2008/04/27
550,2008/04/28
400,2008/04/28
550,2008/04/29
525,2008/04/30
550,2008/05/07
550,2008/05/08
500,2008/05/09
525,2008/05/11
500,2008/05/12
525,2008/05/13
500,2008/05/14
550,2008/05/15
500,2008/05/16
525,2008/05/18
550,2008/05/19
550,2008/05/20
575,2008/05/23
600,2008/05/25
550,2008/05/26
550,2008/05/28
575,2008/05/29
550,2008/05/30
575,2008/06/02
575,2008/06/03
575,2008/06/04
525,2008/06/05
300,2008/06/08
625,2008/06/10
600,2008/06/11
625,2008/06/12
625,2008/06/13
625,2008/06/15
625,2008/06/16
600,2008/06/17
450,2008/06/19
500,2008/06/21
600,2008/06/25
600,2008/06/27
500,2008/06/29
575,2008/06/30
625,2008/07/01
625,2008/07/02
625,2008/07/03
575,2008/07/06
400,2008/07/06
625,2008/07/07
550,2008/07/08
600,2008/07/09
625,2008/07/10
525,2008/07/11
400,2008/07/11
400,2008/07/12
600,2008/07/13
600,2008/07/14
700,2008/07/14
500,2008/07/16
1650,2008/07/17
600,2008/07/21
600,2008/07/22
600,2008/07/25
600,2008/07/27
575,2008/07/28
450,2008/07/29
500,2008/07/30
550,2008/07/31
500,2008/07/31
500,2008/08/04
650,2008/08/08
650,2008/08/10
550,2008/08/11
600,2008/08/12
525,2008/08/13
500,2008/08/14
600,2008/08/20
525,2008/08/21
500,2008/08/24
850,2008/08/26
400,2008/08/28
675,2008/09/04
750,2008/09/07
825,2008/09/08
750,2008/09/09
775,2008/09/10
600,2008/09/11
550,2008/09/16
500,2008/09/17
600,2008/09/18
825,2008/09/19
750,2008/09/21
800,2008/09/23
500,2008/09/23
600,2008/09/25
775,2008/09/26
575,2008/09/28
825,2008/09/29
850,2008/09/30
800,2008/10/01
600,2008/10/02
850,2008/10/03
570,2008/10/05
950,2008/10/06
500,2008/10/07
900,2008/10/09
600,2008/10/10
600,2008/10/12
600,2008/10/13
575,2008/10/16
1100,2008/10/20
575,2008/10/24
600,2008/10/26
600,2008/10/27
600,2008/10/28
625,2008/10/30
575,2008/10/31
600,2008/11/02
575,2008/11/03
525,2008/11/04
525,2008/11/05
600,2008/11/07
500,2008/11/09
1300,2008/11/10
500,2008/11/11
475,2008/11/13
1350,2008/11/17
425,2008/11/21
450,2008/11/23
280,2008/11/24
475,2008/11/25
475,2008/11/27
200,2008/11/27
550,2008/11/30
400,2008/11/30
500,2008/12/01
550,2008/12/02
500,2008/12/03
1000,2008/12/04
525,2008/12/07
510,2008/12/09
750,2008/12/11
825,2008/12/12
550,2008/12/12
600,2008/12/13
525,2008/12/14
850,2008/12/15
500,2008/12/16
775,2008/12/17
350,2008/12/17
900,2008/12/18
900,2008/12/19
350,2008/12/19
600,2008/12/21
400,2008/12/22
800,2008/12/23
775,2008/12/24
550,2008/12/25
350,2008/12/25
500,2008/12/26
350,2008/12/26
550,2008/12/28
450,2008/12/28
400,2008/12/29
400,2008/12/30
575,2008/12/31
575,2009/01/01
300,2009/01/01
625,2009/01/02
600,2009/01/04
400,2009/01/04
800,2009/01/05
400,2009/01/05
525,2009/01/06
400,2009/01/07
600,2009/01/09
600,2009/01/11
400,2009/01/11
850,2009/01/12
400,2009/01/12
625,2009/01/13
500,2009/01/13
450,2009/01/13
850,2009/01/14
600,2009/01/14
850,2009/01/15
425,2009/01/15
550,2009/01/15
825,2009/01/16
400,2009/01/16
400,2009/01/17
500,2009/01/17
650,2009/01/18
400,2009/01/18
500,2009/01/18
500,2009/01/19
400,2009/01/19
425,2009/01/20
350,2009/01/20
550,2009/01/20
525,2009/01/21
350,2009/01/21
750,2009/01/22
700,2009/01/23
450,2009/01/23
425,2009/01/25
500,2009/01/25
460,2009/01/25
400,2009/01/28
350,2009/01/29
425,2009/01/30
350,2009/01/30
425,2009/01/31
400,2009/01/31
400,2009/02/01
300,2009/02/01
550,2009/02/02
350,2009/02/02
350,2009/02/02
600,2009/02/03
350,2009/02/03
450,2009/02/04
250,2009/02/04
350,2009/02/04
450,2009/02/05
350,2009/02/05
400,2009/02/05
600,2009/02/06
300,2009/02/06
350,2009/02/07
450,2009/02/08
500,2009/02/09
310,2009/02/09
400,2009/02/09
450,2009/02/10
400,2009/02/10
425,2009/02/11
250,2009/02/11
350,2009/02/12
400,2009/02/12
275,2009/02/13
350,2009/02/14
400,2009/02/14
475,2009/02/15
400,2009/02/15
475,2009/02/16
400,2009/02/16
400,2009/02/16
450,2009/02/17
300,2009/02/17
400,2009/02/17
500,2009/02/18
400,2009/02/18
450,2009/02/18
475,2009/02/19
350,2009/02/19
400,2009/02/20
400,2009/02/21
400,2009/02/22
500,2009/02/23
550,2009/02/24
400,2009/02/24
600,2009/02/25
600,2009/02/25
575,2009/02/26
400,2009/02/26
400,2009/02/27
380,2009/02/28
450,2009/02/28
400,2009/03/01
575,2009/03/02
425,2009/03/02
450,2009/03/04
450,2009/03/05
450,2009/03/06
550,2009/03/07
500,2009/03/08
500,2009/03/09
525,2009/03/10
350,2009/03/10
625,2009/03/11
400,2009/03/11
600,2009/03/12
500,2009/03/12
600,2009/03/13
550,2009/03/13
550,2009/03/14
380,2009/03/15
400,2009/03/16
625,2009/03/17
450,2009/03/17
675,2009/03/18
600,2009/03/19
700,2009/03/20
580,2009/03/20
500,2009/03/20
580,2009/03/20
350,2009/03/22
650,2009/03/23
550,2009/03/23
700,2009/03/24
650,2009/03/25
300,2009/03/25
700,2009/03/26
600,2009/03/26
650,2009/03/27
750,2009/04/01
750,2009/04/02
400,2009/04/08
975,2009/05/04
975,2009/05/05
975,2009/05/06
1000,2009/05/07
975,2009/05/08
1050,2009/05/11
1075,2009/05/12
1075,2009/05/13
1035,2009/05/15
1075,2009/05/17
1050,2009/05/18
1025,2009/05/19
1050,2009/05/20
1225,2009/06/15
1225,2009/06/18
1400,2009/07/01
1300,2009/07/02
1325,2009/07/03
1300,2009/07/05
1300,2009/07/06
1300,2009/07/07
1250,2009/07/08
1250,2009/07/09
1225,2009/07/10
1225,2009/07/12
1250,2009/07/13
1225,2009/07/14
1250,2009/07/16
1275,2009/07/17
1250,2009/07/19
1200,2009/07/20
1400,2009/07/21
1200,2009/07/22
1200,2009/07/24
1220,2009/07/26
0,2009/08/10
0,2009/08/11
1325,2009/08/12
1225,2009/08/17
1350,2009/08/18
1350,2009/08/19
1350,2009/08/20
1375,2009/08/21
1270,2009/08/23
1375,2009/08/24
1425,2009/08/25
1275,2009/08/26
1450,2009/08/31
1275,2009/09/01
1225,2009/09/02
1400,2009/09/03
1400,2009/09/06
1575,2009/09/07
1425,2009/09/09
1400,2009/09/10
1400,2009/09/11
1460,2009/09/13
1475,2009/09/14
1575,2009/09/15
1550,2009/09/16
1500,2009/09/17
1550,2009/09/18
1525,2009/09/20
1550,2009/09/21
1550,2009/09/22
1600,2009/09/23
1400,2009/09/28
1475,2009/09/29
1300,2009/09/29
1475,2009/10/01
1525,2009/10/02
1525,2009/10/04
1525,2009/10/05
1550,2009/10/07
1250,2009/10/15
600,2009/10/15
1350,2009/10/18
1200,2009/10/18
1300,2009/10/19
1600,2009/10/19
1550,2009/10/20
1150,2009/10/20
1700,2009/10/21
1500,2009/10/23
1700,2009/10/24
1470,2009/10/25
1600,2009/10/25
1200,2009/10/26
1600,2009/10/26
1400,2009/10/27
1525,2009/10/28
1525,2009/11/02
1525,2009/11/03
1550,2009/11/04
1400,2009/11/08
1550,2009/11/13
1650,2009/11/15
800,2009/11/21
1600,2009/11/23
1550,2009/11/24
1600,2009/11/25
1600,2009/11/26
1400,2009/11/27
1400,2009/11/29
1450,2009/11/30
1300,2009/12/01
1450,2009/12/02
1850,2009/12/06
1900,2009/12/07
2000,2009/12/08
1800,2009/12/09
1650,2009/12/10
1700,2009/12/11
1250,2009/12/13
1750,2009/12/14
1750,2009/12/16
1850,2009/12/17
1650,2009/12/18
700,2009/12/19
1200,2009/12/20
1700,2009/12/21
1500,2009/12/22
1200,2009/12/22
1250,2009/12/23
850,2009/12/23
1150,2009/12/24
850,2009/12/24
1250,2009/12/25
850,2009/12/25
900,2009/12/26
1350,2009/12/27
800,2009/12/27
1150,2009/12/28
950,2009/12/28
1350,2009/12/29
1250,2009/12/31
1100,2009/12/31
800,2010/01/01
870,2010/01/02
1150,2010/01/03
700,2010/01/04
650,2010/01/05
650,2010/01/06
750,2010/01/07
700,2010/01/08
1020,2010/01/10
700,2010/01/10
850,2010/01/10
850,2010/01/11
700,2010/01/11
700,2010/01/11
750,2010/01/12
400,2010/01/13
650,2010/01/13
950,2010/01/14
650,2010/01/14
900,2010/01/15
550,2010/01/15
550,2010/01/16
1000,2010/01/17
600,2010/01/17
800,2010/01/17
750,2010/01/18
800,2010/01/18
700,2010/01/19
900,2010/01/19
550,2010/01/20
475,2010/01/21
850,2010/01/22
450,2010/01/22
775,2010/01/22
470,2010/01/23
750,2010/01/23
850,2010/01/24
520,2010/01/24
560,2010/01/24
900,2010/01/25
475,2010/01/25
700,2010/01/25
925,2010/01/27
500,2010/01/27
700,2010/01/27
950,2010/01/28
800,2010/01/28
800,2010/01/28
950,2010/01/29
600,2010/01/29
750,2010/01/29
600,2010/01/30
750,2010/01/30
900,2010/01/31
600,2010/01/31
900,2010/01/31
550,2010/02/01
800,2010/02/01
800,2010/02/02
700,2010/02/02
800,2010/02/02
650,2010/02/03
850,2010/02/03
800,2010/02/04
800,2010/02/04
625,2010/02/05
800,2010/02/05
575,2010/02/06
800,2010/02/06
770,2010/02/07
600,2010/02/07
600,2010/02/08
850,2010/02/08
650,2010/02/09
700,2010/02/10
900,2010/02/10
700,2010/02/11
700,2010/02/12
750,2010/02/13
800,2010/02/13
500,2010/02/14
1000,2010/02/15
575,2010/02/15
600,2010/02/15
800,2010/02/16
850,2010/02/16
750,2010/02/16
700,2010/02/17
750,2010/02/17
800,2010/02/18
650,2010/02/18
850,2010/02/19
550,2010/02/19
600,2010/02/20
520,2010/02/20
650,2010/02/20
450,2010/02/21
650,2010/02/21
575,2010/02/22
600,2010/02/22
500,2010/02/23
450,2010/02/23
400,2010/02/24
600,2010/02/24
650,2010/02/25
550,2010/02/25
400,2010/02/26
450,2010/02/27
500,2010/02/27
575,2010/02/28
450,2010/02/28
480,2010/02/28
625,2010/03/01
450,2010/03/01
400,2010/03/01
550,2010/03/02
550,2010/03/02
600,2010/03/03
500,2010/03/03
400,2010/03/03
650,2010/03/04
400,2010/03/04
625,2010/03/05
450,2010/03/05
550,2010/03/06
450,2010/03/06
450,2010/03/07
450,2010/03/07
700,2010/03/08
500,2010/03/08
550,2010/03/08
500,2010/03/09
500,2010/03/09
500,2010/03/10
650,2010/03/10
800,2010/03/11
500,2010/03/12
550,2010/03/12
400,2010/03/13
650,2010/03/13
650,2010/03/14
600,2010/03/14
600,2010/03/14
550,2010/03/15
450,2010/03/15
700,2010/03/16
650,2010/03/16
500,2010/03/16
600,2010/03/17
600,2010/03/17
550,2010/03/18
750,2010/03/18
500,2010/03/18
625,2010/03/19
575,2010/03/19
600,2010/03/19
600,2010/03/20
600,2010/03/20
550,2010/03/21
450,2010/03/21
500,2010/03/22
470,2010/03/22
550,2010/03/22
525,2010/03/23
450,2010/03/23
350,2010/03/23
600,2010/03/24
700,2010/03/24
500,2010/03/24
600,2010/03/25
500,2010/03/25
650,2010/03/26
600,2010/03/26
700,2010/03/28
520,2010/03/28
550,2010/03/28
650,2010/03/29
450,2010/03/29
550,2010/03/29
725,2010/03/30
800,2010/03/31
600,2010/03/31
600,2010/04/01
450,2010/04/01
725,2010/04/02
750,2010/04/02
500,2010/04/03
400,2010/04/03
650,2010/04/04
800,2010/04/04
500,2010/04/04
700,2010/04/05
550,2010/04/05
800,2010/04/06
400,2010/04/06
750,2010/04/07
750,2010/04/08
750,2010/04/09
500,2010/04/09
650,2010/04/11
800,2010/04/12
750,2010/04/13
650,2010/04/13
650,2010/04/14
800,2010/04/15
700,2010/04/15
700,2010/04/16
550,2010/04/16
350,2010/04/17
550,2010/04/17
675,2010/04/18
350,2010/04/18
900,2010/04/20
400,2010/04/21
870,2010/04/25
850,2010/05/02
300,2010/05/02
925,2010/05/05
925,2010/05/06
925,2010/05/07
875,2010/05/10
550,2010/05/10
875,2010/05/11
850,2010/05/12
900,2010/05/13
850,2010/05/14
650,2010/05/16
900,2010/05/17
700,2010/05/18
650,2010/05/18
925,2010/05/19
925,2010/05/20
900,2010/05/21
775,2010/05/23
600,2010/05/23
975,2010/05/27
825,2010/06/20
950,2010/07/01
950,2010/07/02
825,2010/07/06
925,2010/07/08
950,2010/07/09
825,2010/07/11
825,2010/07/12
800,2010/07/13
925,2010/07/14
825,2010/07/15
850,2010/07/16
750,2010/07/18
850,2010/07/19
900,2010/07/20
825,2010/07/21
775,2010/07/22
800,2010/07/23
725,2010/07/26
650,2010/07/27
650,2010/07/28
750,2010/07/29
700,2010/07/30
750,2010/08/02
775,2010/08/04
825,2010/08/05
800,2010/08/06
800,2010/08/08
750,2010/08/09
800,2010/08/10
775,2010/08/11
650,2010/08/12
825,2010/08/13
750,2010/08/16
850,2010/08/17
700,2010/08/18
900,2010/08/23
925,2010/08/24
900,2010/08/25
925,2010/08/27
1000,2010/08/29
850,2010/08/30
825,2010/08/31
800,2010/09/01
750,2010/09/02
650,2010/09/05
800,2010/09/06
800,2010/09/07
750,2010/09/12
800,2010/09/13
750,2010/09/14
1075,2010/09/15
900,2010/09/16
875,2010/09/17
800,2010/09/19
825,2010/09/20
850,2010/09/21
1000,2010/09/26
925,2010/09/27
900,2010/09/28
900,2010/09/29
850,2010/09/30
1000,2010/10/01
850,2010/10/03
900,2010/10/04
875,2010/10/06
900,2010/10/07
600,2010/10/09
850,2010/10/10
700,2010/10/11
1000,2010/10/12
1000,2010/10/13
550,2010/10/13
800,2010/10/14
850,2010/10/15
800,2010/10/17
925,2010/10/18
1025,2010/10/19
1150,2010/10/20
1150,2010/10/21
1100,2010/10/22
850,2010/10/24
1175,2010/10/25
1250,2010/10/26
875,2010/10/31
850,2010/11/01
875,2010/11/02
950,2010/11/03
825,2010/11/04
950,2010/11/05
1100,2010/11/07
1050,2010/11/09
1000,2010/11/11
1000,2010/11/12
950,2010/11/14
900,2010/11/15
900,2010/11/16
900,2010/11/17
1250,2010/11/18
1275,2010/11/19
950,2010/11/21
1050,2010/11/22
1000,2010/11/23
1000,2010/11/24
1025,2010/11/25
975,2010/11/26
1000,2010/11/26
950,2010/11/28
950,2010/11/30
950,2010/12/01
950,2010/12/02
1150,2010/12/02
925,2010/12/03
1000,2010/12/05
1100,2010/12/06
950,2010/12/07
1000,2010/12/08
1300,2010/12/09
1000,2010/12/10
1070,2010/12/12
1000,2010/12/13
400,2010/12/13
1100,2010/12/15
1250,2010/12/15
950,2010/12/16
1250,2010/12/16
1250,2010/12/16
950,2010/12/17
950,2010/12/19
1000,2010/12/20
1100,2010/12/20
1100,2010/12/20
950,2010/12/21
1000,2010/12/21
1100,2010/12/21
925,2010/12/22
1200,2010/12/22
1050,2010/12/23
1000,2010/12/23
1025,2010/12/24
1200,2010/12/24
1020,2010/12/26
1000,2010/12/27
1000,2010/12/27
1075,2010/12/28
750,2010/12/28
1100,2010/12/28
950,2010/12/29
1000,2010/12/29
1000,2010/12/29
1025,2010/12/30
1050,2010/12/31
950,2011/01/01
900,2011/01/01
600,2011/01/02
950,2011/01/03
500,2011/01/03
925,2011/01/04
800,2011/01/04
850,2011/01/05
625,2011/01/05
600,2011/01/06
825,2011/01/07
700,2011/01/07
650,2011/01/08
950,2011/01/09
600,2011/01/09
875,2011/01/10
600,2011/01/10
550,2011/01/11
900,2011/01/11
725,2011/01/12
900,2011/01/13
850,2011/01/14
900,2011/01/14
700,2011/01/15
650,2011/01/16
875,2011/01/17
800,2011/01/17
800,2011/01/17
975,2011/01/18
700,2011/01/18
950,2011/01/19
850,2011/01/19
850,2011/01/20
700,2011/01/20
900,2011/01/21
550,2011/01/21
700,2011/01/21
750,2011/01/22
900,2011/01/23
600,2011/01/23
875,2011/01/24
600,2011/01/24
750,2011/01/25
625,2011/01/27
750,2011/01/28
550,2011/01/28
500,2011/01/29
925,2011/01/31
800,2011/02/01
800,2011/02/01
700,2011/02/01
750,2011/02/02
470,2011/02/02
750,2011/02/03
500,2011/02/03
650,2011/02/03
775,2011/02/04
500,2011/02/04
650,2011/02/04
550,2011/02/05
550,2011/02/05
800,2011/02/07
850,2011/02/08
500,2011/02/08
700,2011/02/08
900,2011/02/09
500,2011/02/09
925,2011/02/10
500,2011/02/10
1000,2011/02/11
500,2011/02/11
850,2011/02/11
800,2011/02/13
850,2011/02/14
700,2011/02/14
750,2011/02/14
950,2011/02/15
650,2011/02/15
950,2011/02/16
600,2011/02/16
800,2011/02/16
1100,2011/02/17
600,2011/02/17
850,2011/02/17
850,2011/02/18
600,2011/02/18
850,2011/02/18
800,2011/02/19
920,2011/02/20
650,2011/02/20
870,2011/02/21
700,2011/02/21
850,2011/02/22
900,2011/02/22
825,2011/02/23
850,2011/02/23
750,2011/02/24
850,2011/02/24
550,2011/02/25
450,2011/02/27
650,2011/02/28
500,2011/02/28
750,2011/03/01
450,2011/03/01
750,2011/03/01
725,2011/03/03
550,2011/03/03
450,2011/03/04
500,2011/03/05
700,2011/03/06
575,2011/03/06
700,2011/03/07
800,2011/03/07
550,2011/03/08
500,2011/03/09
800,2011/03/11
420,2011/03/12
720,2011/03/13
725,2011/03/14
650,2011/03/14
650,2011/03/14
675,2011/03/15
470,2011/03/15
525,2011/03/16
650,2011/03/17
725,2011/03/18
550,2011/03/18
550,2011/03/19
700,2011/03/20
700,2011/03/23
770,2011/03/23
675,2011/03/24
500,2011/03/24
675,2011/03/25
550,2011/03/25
620,2011/03/26
700,2011/03/28
450,2011/03/28
450,2011/03/29
625,2011/03/30
650,2011/03/30
675,2011/03/31
470,2011/03/31
550,2011/04/01
550,2011/04/02
550,2011/04/03
550,2011/04/03
600,2011/04/05
400,2011/04/05
600,2011/04/06
550,2011/04/06
700,2011/04/07
550,2011/04/07
850,2011/04/08
450,2011/04/08
700,2011/04/09
870,2011/04/10
300,2011/04/10
850,2011/04/11
870,2011/04/12
1000,2011/04/12
800,2011/04/13
650,2011/04/13
850,2011/04/15
1000,2011/04/16
850,2011/04/18
875,2011/04/19
800,2011/04/19
850,2011/04/20
800,2011/04/20
800,2011/04/21
850,2011/04/22
1000,2011/04/22
750,2011/04/23
850,2011/04/24
1000,2011/04/25
850,2011/04/26
850,2011/04/27
825,2011/04/29
400,2011/04/30
850,2011/05/02
1050,2011/05/03
950,2011/05/04
975,2011/05/05
950,2011/05/06
900,2011/05/06
950,2011/05/08
925,2011/05/09
900,2011/05/09
850,2011/05/10
900,2011/05/11
775,2011/05/11
900,2011/05/12
900,2011/05/13
700,2011/05/13
1020,2011/05/15
900,2011/05/16
900,2011/05/17
925,2011/05/18
900,2011/05/19
925,2011/05/20
800,2011/05/21
970,2011/05/22
925,2011/05/23
950,2011/05/24
925,2011/05/25
900,2011/05/26
900,2011/05/30
900,2011/05/31
875,2011/06/01
1000,2011/06/05
1000,2011/06/06
790,2011/06/07
875,2011/06/08
900,2011/06/09
900,2011/06/10
1000,2011/06/10
950,2011/06/12
875,2011/06/13
900,2011/06/14
900,2011/06/15
900,2011/06/16
900,2011/06/17
900,2011/06/19
900,2011/06/20
900,2011/06/21
825,2011/06/23
875,2011/06/24
870,2011/06/26
800,2011/06/28
825,2011/06/29
900,2011/06/30
875,2011/07/05
900,2011/07/07
900,2011/07/08
950,2011/07/10
900,2011/07/11
850,2011/07/12
900,2011/07/14
850,2011/07/15
870,2011/07/17
850,2011/07/18
900,2011/07/19
975,2011/07/20
850,2011/07/21
800,2011/07/22
1000,2011/07/22
850,2011/07/28
875,2011/07/29
850,2011/07/31
975,2011/08/01
775,2011/08/02
825,2011/08/04
770,2011/08/07
750,2011/08/09
950,2011/08/10
775,2011/08/11
800,2011/08/12
700,2011/08/14
1000,2011/08/16
1000,2011/08/17
850,2011/08/25
800,2011/08/26
700,2011/08/29
1150,2011/08/30
720,2011/08/31
1000,2011/09/02
750,2011/09/04
925,2011/09/06
1000,2011/09/07
1000,2011/09/08
975,2011/09/09
900,2011/09/13
900,2011/09/13
900,2011/09/14
875,2011/09/15
825,2011/09/16
650,2011/09/18
1000,2011/09/19
900,2011/09/20
800,2011/09/21
950,2011/09/22
950,2011/09/23
1100,2011/09/26
825,2011/09/27
800,2011/09/27
1050,2011/09/28
1025,2011/09/29
675,2011/09/30
675,2011/10/02
1025,2011/10/04
950,2011/10/05
975,2011/10/07
1000,2011/10/09
1000,2011/10/10
950,2011/10/11
1000,2011/10/12
1000,2011/10/13
950,2011/10/14
300,2011/10/14
800,2011/10/15
950,2011/10/16
850,2011/10/17
850,2011/10/18
825,2011/10/19
900,2011/10/20
725,2011/10/21
750,2011/10/23
850,2011/10/24
900,2011/10/25
900,2011/10/25
800,2011/10/26
800,2011/10/27
1050,2011/10/30
1100,2011/10/31
1000,2011/11/01
1050,2011/11/02
950,2011/11/03
950,2011/11/04
950,2011/11/06
1000,2011/11/07
900,2011/11/08
850,2011/11/09
950,2011/11/10
950,2011/11/11
950,2011/11/13
1000,2011/11/14
800,2011/11/15
800,2011/11/16
900,2011/11/17
900,2011/11/18
800,2011/11/20
750,2011/11/21
800,2011/11/22
700,2011/11/23
825,2011/11/24
725,2011/11/25
750,2011/11/27
750,2011/11/28
700,2011/11/29
600,2011/11/29
700,2011/11/30
550,2011/12/01
600,2011/12/02
750,2011/12/04
700,2011/12/05
1000,2011/12/05
600,2011/12/06
700,2011/12/06
750,2011/12/07
500,2011/12/07
650,2011/12/08
650,2011/12/09
350,2011/12/09
850,2011/12/10
750,2011/12/11
600,2011/12/11
600,2011/12/12
600,2011/12/12
650,2011/12/13
600,2011/12/13
675,2011/12/14
650,2011/12/15
600,2011/12/15
650,2011/12/16
550,2011/12/16
600,2011/12/17
750,2011/12/18
700,2011/12/19
600,2011/12/19
675,2011/12/20
650,2011/12/20
800,2011/12/21
650,2011/12/21
700,2011/12/22
600,2011/12/22
700,2011/12/23
400,2011/12/24
700,2011/12/25
750,2011/12/26
550,2011/12/26
700,2011/12/27
600,2011/12/27
650,2011/12/28
600,2011/12/28
525,2011/12/29
400,2011/12/29
500,2011/12/30
650,2011/12/30
450,2011/12/31
550,2012/01/01
450,2012/01/01
650,2012/01/02
500,2012/01/02
650,2012/01/03
550,2012/01/03
650,2012/01/04
450,2012/01/04
625,2012/01/05
450,2012/01/05
675,2012/01/06
450,2012/01/06
450,2012/01/07
600,2012/01/08
450,2012/01/08
600,2012/01/09
200,2012/01/09
650,2012/01/10
650,2012/01/10
600,2012/01/11
500,2012/01/11
650,2012/01/11
575,2012/01/12
500,2012/01/12
750,2012/01/12
575,2012/01/13
450,2012/01/13
500,2012/01/14
500,2012/01/14
650,2012/01/15
650,2012/01/16
400,2012/01/16
700,2012/01/17
550,2012/01/17
600,2012/01/18
550,2012/01/18
700,2012/01/19
500,2012/01/19
650,2012/01/20
500,2012/01/20
450,2012/01/21
670,2012/01/22
450,2012/01/22
675,2012/01/23
450,2012/01/23
625,2012/01/24
450,2012/01/24
675,2012/01/25
500,2012/01/25
550,2012/01/25
725,2012/01/27
500,2012/01/27
600,2012/01/27
420,2012/01/28
650,2012/01/29
600,2012/01/30
450,2012/01/30
550,2012/01/30
600,2012/01/31
500,2012/01/31
550,2012/01/31
650,2012/02/01
400,2012/02/01
550,2012/02/01
650,2012/02/02
400,2012/02/02
650,2012/02/02
650,2012/02/03
500,2012/02/03
600,2012/02/03
500,2012/02/04
650,2012/02/05
350,2012/02/05
625,2012/02/06
450,2012/02/06
650,2012/02/07
450,2012/02/07
700,2012/02/08
600,2012/02/08
625,2012/02/09
650,2012/02/10
500,2012/02/11
550,2012/02/12
600,2012/02/13
500,2012/02/13
600,2012/02/14
800,2012/02/14
575,2012/02/15
450,2012/02/15
550,2012/02/17
500,2012/02/17
450,2012/02/18
575,2012/02/19
650,2012/02/20
650,2012/02/21
500,2012/02/21
650,2012/02/22
650,2012/02/23
550,2012/02/23
775,2012/02/24
500,2012/02/25
700,2012/02/26
550,2012/02/26
675,2012/02/27
450,2012/02/27
600,2012/02/28
550,2012/02/28
625,2012/02/29
550,2012/02/29
525,2012/03/01
500,2012/03/01
575,2012/03/02
500,2012/03/02
550,2012/03/03
700,2012/03/04
500,2012/03/04
660,2012/03/05
710,2012/03/06
550,2012/03/06
725,2012/03/07
725,2012/03/09
900,2012/03/11
900,2012/03/12
925,2012/03/13
850,2012/03/14
875,2012/03/15
750,2012/03/16
830,2012/03/18
825,2012/03/19
950,2012/03/20
900,2012/03/21
925,2012/03/22
900,2012/03/23
900,2012/03/25
900,2012/03/26
1200,2012/03/26
900,2012/03/27
950,2012/03/28
950,2012/03/29
1000,2012/03/30
1050,2012/04/03
1050,2012/04/04
1100,2012/04/05
300,2012/04/05
1050,2012/04/06
1120,2012/04/08
1050,2012/04/09
1120,2012/04/10
1120,2012/04/12
1150,2012/04/13
1220,2012/04/15
1200,2012/04/16
1250,2012/04/17
1000,2012/04/18
1200,2012/04/19
1170,2012/04/22
1150,2012/04/23
1210,2012/04/24
1500,2012/04/25
1250,2012/04/26
1325,2012/04/27
1320,2012/04/29
1320,2012/05/02
1350,2012/05/03
1350,2012/05/04
1350,2012/05/07
1300,2012/05/08
1250,2012/05/09
1200,2012/05/10
1250,2012/05/11
1270,2012/05/13
1370,2012/05/14
1350,2012/05/16
1500,2012/05/17
1450,2012/05/18
1520,2012/05/20
1320,2012/05/21
1500,2012/05/22
1500,2012/05/23
1500,2012/05/24
1550,2012/05/25
1500,2012/05/25
1550,2012/05/27
1550,2012/05/28
1400,2012/05/29
1550,2012/05/30
1200,2012/05/31
1170,2012/06/01
1250,2012/06/03
1300,2012/06/04
1300,2012/06/05
1300,2012/06/06
1320,2012/06/07
1370,2012/06/08
1400,2012/06/10
1300,2012/06/11
1320,2012/06/12
1300,2012/06/13
1300,2012/06/14
1300,2012/06/15
1300,2012/06/17
1300,2012/06/18
1300,2012/06/19
1300,2012/06/20
130,2012/06/22
1320,2012/06/24
1320,2012/06/25
1370,2012/06/26
1320,2012/06/27
1300,2012/06/28
1300,2012/06/29
1350,2012/07/01
1400,2012/07/02
1400,2012/07/04
1400,2012/07/05
1470,2012/07/06
1450,2012/07/08
1470,2012/07/09
1470,2012/07/10
1450,2012/07/11
1450,2012/07/12
1450,2012/07/13
1600,2012/07/15
1500,2012/07/16
1500,2012/07/17
1550,2012/07/19
1570,2012/07/20
1620,2012/07/22
1550,2012/07/23
1570,2012/07/24
1650,2012/07/25
1550,2012/07/26
1520,2012/07/27
1570,2012/07/29
1550,2012/07/30
1600,2012/07/31
1600,2012/08/01
1600,2012/08/01
1600,2012/08/02
1700,2012/08/03
1620,2012/08/05
1600,2012/08/06
1600,2012/08/07
1600,2012/08/08
1600,2012/08/09
1470,2012/08/10
1450,2012/08/12
1420,2012/08/13
1470,2012/08/14
1500,2012/08/16
1450,2012/08/17
1550,2012/08/19
1550,2012/08/20
1550,2012/08/21
1420,2012/08/22
1600,2012/08/23
1450,2012/08/26
1400,2012/08/27
1400,2012/08/28
1500,2012/08/29
1450,2012/08/30
1400,2012/09/02
1420,2012/09/03
1550,2012/09/04
1400,2012/09/07
1400,2012/09/09
1400,2012/09/10
1350,2012/09/12
1350,2012/09/13
1350,2012/09/14
1400,2012/09/16
1350,2012/09/17
1350,2012/09/18
1400,2012/09/19
1300,2012/09/20
1300,2012/09/21
1400,2012/09/23
1400,2012/09/24
1350,2012/09/25
1300,2012/09/26
1320,2012/09/27
1250,2012/09/28
1400,2012/10/01
1150,2012/10/03
1200,2012/10/04
1150,2012/10/05
1250,2012/10/07
1300,2012/10/08
1300,2012/10/09
1200,2012/10/11
1250,2012/10/12
1050,2012/10/14
850,2012/10/15
1050,2012/10/16
1200,2012/10/17
1050,2012/10/18
1200,2012/10/21
1200,2012/10/22
1200,2012/10/23
1330,2012/10/26
1150,2012/10/28
1300,2012/10/29
1250,2012/10/30
1200,2012/10/31
1250,2012/11/01
1200,2012/11/02
1200,2012/11/04
1200,2012/11/06
1300,2012/11/07
1150,2012/11/08
1150,2012/11/09
1230,2012/11/11
1200,2012/11/12
1200,2012/11/13
1300,2012/11/16
900,2012/11/18
1200,2012/11/19
1250,2012/11/20
1200,2012/11/21
1250,2012/11/22
1400,2012/11/23
1250,2012/11/25
1400,2012/11/26
1250,2012/11/27
1300,2012/11/28
1250,2012/11/29
1400,2012/11/30
1400,2012/12/09
1400,2012/12/10
1300,2012/12/11
1200,2012/12/12
1250,2012/12/16
1130,2012/12/17
1080,2012/12/18
950,2012/12/19
1050,2012/12/20
1050,2012/12/21
1400,2012/12/27
1400,2012/12/28
1400,2012/12/30
1400,2012/12/31
1350,2013/01/01
1300,2013/01/02
1400,2013/01/02
1300,2013/01/03
1300,2013/01/03
1350,2013/01/04
1400,2013/01/04
800,2013/01/05
1300,2013/01/06
1050,2013/01/06
1350,2013/01/07
1300,2013/01/07
1320,2013/01/08
1150,2013/01/08
1050,2013/01/09
1200,2013/01/10
950,2013/01/10
1200,2013/01/11
1250,2013/01/11
1200,2013/01/13
850,2013/01/13
1200,2013/01/14
950,2013/01/14
1150,2013/01/15
1200,2013/01/16
1150,2013/01/17
900,2013/01/17
1200,2013/01/18
850,2013/01/18
550,2013/01/19
1200,2013/01/20
750,2013/01/20
1200,2013/01/21
1150,2013/01/22
850,2013/01/22
1050,2013/01/23
1050,2013/01/24
1100,2013/01/25
750,2013/01/25
1200,2013/01/27
1250,2013/01/28
900,2013/01/28
1250,2013/01/29
850,2013/01/29
800,2013/01/30
1150,2013/02/01
800,2013/02/01
750,2013/02/02
1030,2013/02/03
750,2013/02/03
1050,2013/02/04
900,2013/02/04
1150,2013/02/05
850,2013/02/05
1050,2013/02/06
850,2013/02/06
1100,2013/02/10
850,2013/02/10
850,2013/02/11
850,2013/02/12
1050,2013/02/13
950,2013/02/14
900,2013/02/14
1100,2013/02/15
750,2013/02/15
800,2013/02/16
1050,2013/02/17
850,2013/02/17
800,2013/02/18
1100,2013/02/19
850,2013/02/19
1130,2013/02/20
750,2013/02/20
1030,2013/02/21
850,2013/02/21
900,2013/02/24
1050,2013/02/25
850,2013/02/25
900,2013/02/26
850,2013/02/27
900,2013/03/02
1100,2013/03/03
800,2013/03/05
900,2013/03/05
870,2013/03/07
1100,2013/03/07
950,2013/03/08
800,2013/03/08
750,2013/03/09
1000,2013/03/10
750,2013/03/10
970,2013/03/11
700,2013/03/11
1070,2013/03/12
650,2013/03/12
1050,2013/03/13
800,2013/03/13
1000,2013/03/14
1020,2013/03/15
750,2013/03/15
750,2013/03/16
1020,2013/03/17
1000,2013/03/17
1000,2013/03/18
700,2013/03/18
1000,2013/03/19
800,2013/03/19
970,2013/03/20
850,2013/03/20
1000,2013/03/21
1050,2013/03/22
850,2013/03/22
850,2013/03/23
1000,2013/03/24
1200,2013/03/25
1150,2013/03/26
1400,2013/03/26
1000,2013/03/27
1050,2013/03/28
1150,2013/03/29
1000,2013/03/30
1150,2013/03/31
850,2013/03/31
1250,2013/04/01
850,2013/04/02
1400,2013/04/02
1170,2013/04/03
700,2013/04/03
1220,2013/04/04
1250,2013/04/04
1200,2013/04/06
1120,2013/04/07
1030,2013/04/08
1050,2013/04/09
1050,2013/04/09
1050,2013/04/10
1050,2013/04/11
1050,2013/04/12
1200,2013/04/14
1200,2013/04/15
1220,2013/04/16
1350,2013/04/17
1100,2013/04/17
1250,2013/04/18
1350,2013/04/19
1300,2013/04/21
1300,2013/04/22
1300,2013/04/23
1230,2013/04/24
1300,2013/04/25
1200,2013/04/28
1500,2013/04/28
1450,2013/04/29
1400,2013/04/30
1400,2013/05/03
850,2013/05/03
1200,2013/05/04
1400,2013/05/05
1470,2013/05/06
1370,2013/05/07
1520,2013/05/08
1550,2013/05/09
1450,2013/05/10
1500,2013/05/12
1500,2013/05/13
1450,2013/05/14
1450,2013/05/15
1450,2013/05/16
1500,2013/05/19
1500,2013/05/21
1600,2013/05/23
1500,2013/05/24
1400,2013/05/24
1550,2013/05/26
1550,2013/05/27
1600,2013/05/29
1450,2013/05/30
1550,2013/05/31
1300,2013/06/15
1250,2013/06/17
1200,2013/06/18
1250,2013/06/19
1250,2013/06/20
1300,2013/06/21
1250,2013/06/23
1250,2013/06/24
1300,2013/06/26
1300,2013/06/27
1250,2013/06/28
1800,2013/06/28
1350,2013/06/30
1250,2013/07/01
1350,2013/07/03
1300,2013/07/04
1250,2013/07/05
1200,2013/07/07
1150,2013/07/08
1150,2013/07/09
1300,2013/07/09
1050,2013/07/10
1100,2013/07/11
1050,2013/07/12
1250,2013/07/14
1250,2013/07/15
1250,2013/07/16
1250,2013/07/19
1250,2013/07/21
1150,2013/07/22
1100,2013/07/23
1150,2013/07/24
1150,2013/07/25
1100,2013/07/26
1100,2013/07/28
1050,2013/07/29
1100,2013/07/30
1150,2013/07/31
1200,2013/08/01
1300,2013/08/02
1150,2013/08/08
1250,2013/08/11
1200,2013/08/12
1130,2013/09/26
1130,2013/09/27
1050,2013/09/30
1050,2013/10/01
1250,2013/10/03
1200,2013/10/03
1250,2013/10/04
1300,2013/10/07
1250,2013/10/08
1200,2013/10/09
1200,2013/10/10
1200,2013/10/11
1250,2013/10/15
1300,2013/10/16
1350,2013/10/17
1530,2013/10/18
1830,2013/10/21
1850,2013/10/22
1850,2013/10/23
1750,2013/10/29
1900,2013/10/31
2050,2013/11/06
2400,2013/11/08
2200,2013/11/10
2150,2013/11/11
2000,2013/11/13
2050,2013/11/14
2000,2013/11/18
2000,2013/11/19
1600,2013/11/19
2000,2013/11/20
2000,2013/11/21
2000,2013/11/22
2050,2013/11/24
2100,2013/11/25
2000,2013/11/26
1800,2013/11/27
1850,2013/11/28
1950,2013/11/29
1600,2013/11/29
1900,2013/12/01
1850,2013/12/02
1900,2013/12/03
2000,2013/12/04
1850,2013/12/05
1850,2013/12/06
2100,2013/12/09
1200,2013/12/09
1950,2013/12/10
1900,2013/12/11
1400,2013/12/12
1900,2013/12/13
1900,2013/12/15
1900,2013/12/16
1800,2013/12/17
1700,2013/12/18
1500,2013/12/18
1750,2013/12/19
1650,2013/12/20
800,2013/12/20
1650,2013/12/23
1650,2013/12/24
1600,2013/12/26
1600,2013/12/27
1650,2013/12/29
1700,2013/12/30
1700,2013/12/30
1600,2013/12/31
1600,2013/12/31
1600,2014/01/01
1500,2014/01/01
1500,2014/01/02
1500,2014/01/03
1200,2014/01/03
1400,2014/01/05
1400,2014/01/05
1350,2014/01/06
1000,2014/01/06
1250,2014/01/07
1300,2014/01/07
1400,2014/01/08
950,2014/01/08
1400,2014/01/09
900,2014/01/09
1300,2014/01/10
800,2014/01/10
1100,2014/01/11
1100,2014/01/13
700,2014/01/13
1000,2014/01/15
1050,2014/01/16
700,2014/01/16
1200,2014/01/17
1000,2014/01/17
2000,2014/01/17
900,2014/01/18
1050,2014/01/19
1050,2014/01/20
750,2014/01/20
750,2014/01/20
950,2014/01/21
750,2014/01/21
900,2014/01/21
950,2014/01/22
650,2014/01/22
1500,2014/01/22
850,2014/01/23
750,2014/01/23
850,2014/01/24
700,2014/01/24
700,2014/01/24
750,2014/01/25
1500,2014/01/26
900,2014/01/27
750,2014/01/27
900,2014/01/27
1000,2014/01/28
800,2014/01/28
950,2014/01/29
600,2014/01/29
850,2014/01/29
950,2014/01/30
950,2014/01/30
775,2014/01/30
900,2014/01/31
750,2014/01/31
600,2014/02/01
900,2014/02/03
700,2014/02/03
900,2014/02/04
700,2014/02/04
850,2014/02/05
850,2014/02/05
1000,2014/02/06
650,2014/02/06
1100,2014/02/07
650,2014/02/07
1000,2014/02/10
750,2014/02/10
1050,2014/02/10
1000,2014/02/11
750,2014/02/11
1000,2014/02/12
1000,2014/02/12
1600,2014/02/12
1000,2014/02/13
900,2014/02/13
1000,2014/02/14
800,2014/02/14
900,2014/02/15
1200,2014/02/17
1200,2014/02/17
1100,2014/02/18
950,2014/02/18
900,2014/02/19
1050,2014/02/20
900,2014/02/20
1050,2014/02/21
1300,2014/02/21
1100,2014/02/24
1100,2014/02/25
950,2014/02/25
1100,2014/02/26
950,2014/02/26
1300,2014/02/26
1050,2014/02/28
1000,2014/02/28
1000,2014/03/01
1250,2014/03/03
1000,2014/03/03
1150,2014/03/04
550,2014/03/04
1350,2014/03/05
950,2014/03/05
600,2014/03/06
1300,2014/03/06
1300,2014/03/07
1200,2014/03/07
1150,2014/03/08
1250,2014/03/09
800,2014/03/09
1200,2014/03/10
1000,2014/03/10
1200,2014/03/11
1000,2014/03/11
1150,2014/03/12
1100,2014/03/13
1500,2014/03/13
1200,2014/03/14
500,2014/03/15
1250,2014/03/16
1200,2014/03/18
1000,2014/03/18
1200,2014/03/19
1350,2014/03/20
1250,2014/03/21
1200,2014/03/23
1200,2014/03/24
850,2014/03/24
1200,2014/03/25
1200,2014/03/26
800,2014/03/26
1200,2014/03/27
1200,2014/03/28
1350,2014/04/01
1350,2014/04/02
1380,2014/04/03
1450,2014/04/04
700,2014/04/05
1450,2014/04/07
300,2014/04/07
1500,2014/04/08
1450,2014/04/09
300,2014/04/10
1000,2014/04/13
1670,2014/04/20
1650,2014/04/21
1700,2014/04/22
1750,2014/04/23
1750,2014/04/24
1300,2014/04/24
1700,2014/04/27
1700,2014/04/28
1700,2014/04/29
1680,2014/04/30
1750,2014/05/02
1400,2014/05/02
1750,2014/05/04
1850,2014/05/05
1850,2014/05/06
1850,2014/05/07
1700,2014/05/08
1700,2014/05/09
1700,2014/05/12
1800,2014/05/13
1750,2014/05/14
1700,2014/05/15
1750,2014/05/16
2000,2014/05/16
1550,2014/05/28
2200,2014/06/04
1400,2014/06/06
1900,2014/06/10
1800,2014/06/11
1800,2014/06/12
1850,2014/06/15
1900,2014/06/16
1850,2014/06/17
1850,2014/06/22
1850,2014/06/23
1800,2014/06/24
1800,2014/06/25
1850,2014/06/26
1900,2014/06/27
1850,2014/06/29
1800,2014/06/30
1800,2014/07/01
1800,2014/07/02
1800,2014/07/03
1950,2014/07/04
1900,2014/07/06
1950,2014/07/07
2000,2014/07/08
1950,2014/07/09
1900,2014/07/10
2000,2014/07/11
1950,2014/07/13
1950,2014/07/14
1950,2014/07/15
1900,2014/07/17
1950,2014/07/18
2050,2014/07/21
2050,2014/07/22
2050,2014/07/23
2100,2014/07/24
1900,2014/07/25
1900,2014/07/27
2000,2014/07/28
1950,2014/07/29
1950,2014/07/30
2200,2014/07/31
2250,2014/08/01
2200,2014/08/01
2200,2014/08/03
2200,2014/08/04
2200,2014/08/05
2050,2014/08/06
2200,2014/08/07
2200,2014/08/08
2200,2014/08/10
4000,2014/08/10
2150,2014/08/11
4000,2014/08/11
2200,2014/08/12
2200,2014/08/13
3000,2014/08/13
2200,2014/08/14
2200,2014/08/17
4000,2014/08/17
2200,2014/08/18
2200,2014/08/19
2200,2014/08/20
2200,2014/08/21
2150,2014/08/22
2250,2014/08/24
4000,2014/08/24
2250,2014/08/25
2250,2014/08/26
2200,2014/08/27
4000,2014/08/27
2250,2014/08/28
400,2014/08/28
2250,2014/08/29
2220,2014/08/31
4000,2014/08/31
2250,2014/09/01
4000,2014/09/01
2300,2014/09/02
2350,2014/09/03
4000,2014/09/03
2250,2014/09/04
4000,2014/09/04
2250,2014/09/05
4000,2014/09/05
2300,2014/09/07
4000,2014/09/07
2250,2014/09/08
4000,2014/09/08
2250,2014/09/10
2500,2014/09/10
4000,2014/09/10
2400,2014/09/11
2300,2014/09/12
2300,2014/09/14
4000,2014/09/14
1650,2014/09/15
2450,2014/09/16
2300,2014/09/17
4000,2014/09/18
2250,2014/09/19
2350,2014/09/21
4000,2014/09/21
2350,2014/09/22
4000,2014/09/22
2450,2014/09/23
2400,2014/09/24
2400,2014/09/25
2550,2014/09/26
4000,2014/09/26
2550,2014/09/28
4000,2014/09/28
2500,2014/09/29
3000,2014/09/29
2500,2014/09/30
2400,2014/10/01
4000,2014/10/01
2500,2014/10/05
2600,2014/10/07
2600,2014/10/08
4000,2014/10/08
2550,2014/10/09
4000,2014/10/09
2400,2014/10/10
4000,2014/10/10
2550,2014/10/12
4000,2014/10/12
2500,2014/10/13
4000,2014/10/13
2400,2014/10/14
2400,2014/10/16
4000,2014/10/16
2500,2014/10/17
3000,2014/10/17
4000,2014/10/17
2500,2014/10/19
4000,2014/10/19
2550,2014/10/20
2700,2014/10/20
2350,2014/10/21
2500,2014/10/26
4000,2014/10/26
2600,2014/10/27
4000,2014/10/27
2750,2014/10/28
2700,2014/10/29
4000,2014/10/29
2700,2014/10/30
4000,2014/10/30
2650,2014/10/31
4000,2014/10/31
2550,2014/11/02
4000,2014/11/02
2500,2014/11/03
4000,2014/11/03
2400,2014/11/05
4000,2014/11/05
2350,2014/11/07
4000,2014/11/07
2400,2014/11/09
4000,2014/11/09
2300,2014/11/10
4000,2014/11/10
2450,2014/11/11
3000,2014/11/11
2400,2014/11/12
4000,2014/11/12
2350,2014/11/13
4000,2014/11/13
2650,2014/11/14
2400,2014/11/17
2400,2014/11/19
2400,2014/11/20
4000,2014/11/20
2650,2014/11/21
4000,2014/11/21
2400,2014/11/23
4000,2014/11/23
2400,2014/11/24
4000,2014/11/24
2400,2014/11/25
2400,2014/11/26
2400,2014/11/27
2500,2014/11/27
4000,2014/11/27
2500,2014/11/28
4000,2014/11/28
2600,2014/11/30
4000,2014/11/30
2600,2014/12/01
3000,2014/12/01
4000,2014/12/01
2600,2014/12/02
2500,2014/12/04
4000,2014/12/04
2600,2014/12/05
4000,2014/12/05
2500,2014/12/06
2500,2014/12/07
1450,2014/12/07
2400,2014/12/08
4000,2014/12/08
2500,2014/12/09
850,2014/12/09
2400,2014/12/10
2200,2014/12/10
4000,2014/12/10
2250,2014/12/11
1500,2014/12/11
4000,2014/12/11
2300,2014/12/12
4000,2014/12/12
2300,2014/12/14
1400,2014/12/14
4000,2014/12/14
2250,2014/12/15
2000,2014/12/15
4000,2014/12/15
2400,2014/12/16
2200,2014/12/16
2300,2014/12/17
4000,2014/12/17
2050,2014/12/18
4000,2014/12/18
2250,2014/12/19
2700,2014/12/19
4000,2014/12/19
2000,2014/12/20
2100,2014/12/21
1500,2014/12/21
4000,2014/12/21
2000,2014/12/22
1550,2014/12/22
4000,2014/12/22
1950,2014/12/23
2000,2014/12/24
1200,2014/12/24
4000,2014/12/24
2100,2014/12/26
1400,2014/12/26
4000,2014/12/26
2000,2014/12/28
1500,2014/12/28
4000,2014/12/28
1900,2014/12/29
1600,2014/12/29
1750,2014/12/30
1500,2014/12/30
1600,2014/12/30
1750,2014/12/31
2200,2014/12/31
4000,2014/12/31
1400,2015/01/01
4000,2015/01/01
1500,2015/01/02
4000,2015/01/02
1600,2015/01/03
1700,2015/01/05
2100,2015/01/05
4000,2015/01/05
1300,2015/01/06
1800,2015/01/06
1400,2015/01/07
1500,2015/01/07
4000,2015/01/07
1200,2015/01/08
1350,2015/01/08
1400,2015/01/08
1250,2015/01/09
1350,2015/01/09
2800,2015/01/09
1250,2015/01/11
1250,2015/01/11
4000,2015/01/11
4000,2015/01/11
1250,2015/01/14
1250,2015/01/14
1550,2015/01/16
1550,2015/01/16
1400,2015/01/16
1400,2015/01/16
1050,2015/01/17
1050,2015/01/17
1350,2015/01/18
1350,2015/01/18
1000,2015/01/18
1000,2015/01/18
1250,2015/01/19
1200,2015/01/19
3000,2015/01/19
1300,2015/01/20
1500,2015/01/20
1150,2015/01/21
1150,2015/01/21
1150,2015/01/22
1400,2015/01/22
1200,2015/01/24
1100,2015/01/25
1250,2015/01/27
1050,2015/01/27
1250,2015/01/28
1000,2015/01/28
1250,2015/01/29
1050,2015/01/29
1100,2015/01/30
950,2015/01/30
1100,2015/01/30
900,2015/01/31
1300,2015/01/31
1050,2015/02/01
900,2015/02/01
1200,2015/02/02
900,2015/02/02
1100,2015/02/03
1000,2015/02/03
1200,2015/02/03
1200,2015/02/04
850,2015/02/04
1150,2015/02/05
900,2015/02/05
1200,2015/02/05
1100,2015/02/06
750,2015/02/06
1100,2015/02/06
1300,2015/02/07
1050,2015/02/08
1030,2015/02/09
1100,2015/02/09
950,2015/02/10
700,2015/02/10
1200,2015/02/10
1100,2015/02/11
850,2015/02/11
1200,2015/02/11
1000,2015/02/12
950,2015/02/12
1150,2015/02/12
1000,2015/02/13
1000,2015/02/13
1050,2015/02/13
1000,2015/02/15
950,2015/02/15
1100,2015/02/16
850,2015/02/16
850,2015/02/16
950,2015/02/18
1050,2015/02/18
900,2015/02/18
950,2015/02/24
900,2015/02/25
800,2015/02/25
1200,2015/02/28
950,2015/03/01
950,2015/03/02
1100,2015/03/02
900,2015/03/03
1200,2015/03/03
1300,2015/03/03
850,2015/03/04
650,2015/03/04
1100,2015/03/04
800,2015/03/05
850,2015/03/05
650,2015/03/07
950,2015/03/08
800,2015/03/08
900,2015/03/08
950,2015/03/09
850,2015/03/09
950,2015/03/10
800,2015/03/10
950,2015/03/11
750,2015/03/11
700,2015/03/12
1550,2015/03/12
850,2015/03/13
1200,2015/03/13
700,2015/03/14
700,2015/03/15
700,2015/03/15
850,2015/03/16
800,2015/03/16
800,2015/03/17
800,2015/03/17
800,2015/03/18
750,2015/03/19
800,2015/03/19
700,2015/03/19
800,2015/03/20
800,2015/03/20
800,2015/03/22
850,2015/03/23
750,2015/03/23
900,2015/03/23
950,2015/03/24
800,2015/03/24
850,2015/03/25
800,2015/03/26
700,2015/03/26
750,2015/03/27
700,2015/03/27
800,2015/03/29
800,2015/03/29
850,2015/03/30
600,2015/03/30
850,2015/03/31
700,2015/04/01
850,2015/04/02
600,2015/04/02
800,2015/04/03
550,2015/04/04
1000,2015/04/05
450,2015/04/05
700,2015/04/05
950,2015/04/06
500,2015/04/06
600,2015/04/06
900,2015/04/07
600,2015/04/07
1200,2015/04/07
900,2015/04/09
650,2015/04/09
850,2015/04/10
550,2015/04/10
900,2015/04/12
800,2015/04/12
1000,2015/04/12
900,2015/04/15
1000,2015/04/15
900,2015/04/16
900,2015/04/17
1000,2015/04/18
850,2015/04/19
1100,2015/04/19
850,2015/04/23
900,2015/04/24
1000,2015/04/24
800,2015/04/24
900,2015/04/26
1000,2015/04/26
1000,2015/04/26
850,2015/04/27
800,2015/04/28
950,2015/04/29
600,2015/04/29
900,2015/05/03
900,2015/05/05
850,2015/05/06
850,2015/05/08
300,2015/05/08
900,2015/05/10
1000,2015/05/10
800,2015/05/13
800,2015/05/14
800,2015/05/15
850,2015/05/15
900,2015/05/16
950,2015/05/17
850,2015/05/18
900,2015/05/19
900,2015/05/20
850,2015/05/21
500,2015/05/21
900,2015/05/22
950,2015/05/24
950,2015/05/25
1100,2015/05/25
850,2015/05/26
950,2015/05/27
950,2015/05/28
1000,2015/05/29
600,2015/05/30
950,2015/05/31
950,2015/06/01
950,2015/06/02
950,2015/06/03
950,2015/06/04
1000,2015/06/04
950,2015/06/05
950,2015/06/07
950,2015/06/08
900,2015/06/09
900,2015/06/10
900,2015/06/11
950,2015/06/12
1400,2015/06/12
950,2015/06/14
1200,2015/06/14
950,2015/06/15
950,2015/06/16
900,2015/06/17
1000,2015/06/18
1200,2015/06/18
1000,2015/06/19
850,2015/06/21
950,2015/06/21
900,2015/06/25
700,2015/06/25
1000,2015/06/26
800,2015/06/29
1000,2015/06/30
1000,2015/07/01
1000,2015/07/02
900,2015/07/03
1000,2015/07/05
1400,2015/07/05
1000,2015/07/06
800,2015/07/07
950,2015/07/08
950,2015/07/09
800,2015/07/10
750,2015/07/12
800,2015/07/13
900,2015/07/14
1000,2015/07/15
800,2015/07/16
700,2015/07/17
650,2015/07/19
800,2015/07/20
900,2015/07/21
800,2015/07/22
900,2015/07/23
800,2015/07/24
800,2015/07/26
800,2015/07/27
900,2015/07/28
900,2015/07/29
1000,2015/07/29
900,2015/07/30
900,2015/07/31
1000,2015/08/01
800,2015/08/02
800,2015/08/03
900,2015/08/04
850,2015/08/05
800,2015/08/06
800,2015/08/07
800,2015/08/09
700,2015/08/10
800,2015/08/11
800,2015/08/12
800,2015/08/13
800,2015/08/14
900,2015/08/16
1200,2015/08/18
900,2015/08/19
900,2015/08/20
850,2015/08/21
850,2015/08/23
900,2015/08/24
700,2015/08/26
800,2015/08/27
850,2015/08/28
900,2015/08/30
800,2015/08/31
900,2015/09/01
950,2015/09/02
800,2015/09/03
800,2015/09/04
1000,2015/09/06
1200,2015/09/06
850,2015/09/07
1000,2015/09/08
1200,2015/09/08
1200,2015/09/09
1400,2015/09/10
1300,2015/09/11
1600,2015/09/14
1200,2015/09/15
900,2015/09/16
900,2015/09/18
1200,2015/09/19
1000,2015/09/20
900,2015/09/21
1000,2015/09/22
1100,2015/09/23
950,2015/09/24
800,2015/09/25
900,2015/09/27
1300,2015/09/28
1000,2015/09/29
900,2015/09/30
800,2015/10/01
900,2015/10/02
1000,2015/10/04
1200,2015/10/04
1000,2015/10/05
1400,2015/10/05
1000,2015/10/06
900,2015/10/07
1000,2015/10/07
1000,2015/10/08
1300,2015/10/09
1000,2015/10/09
1100,2015/10/11
1000,2015/10/12
1000,2015/10/13
1100,2015/10/14
1100,2015/10/14
1000,2015/10/15
1000,2015/10/15
1200,2015/10/16
1000,2015/10/18
3500,2015/10/18
1100,2015/10/19
1200,2015/10/20
1200,2015/10/21
1500,2015/10/27
1300,2015/10/28
1200,2015/10/30
1000,2015/11/01
1100,2015/11/02
900,2015/11/03
1000,2015/11/04
1000,2015/11/05
1100,2015/11/06
1100,2015/11/08
1000,2015/11/15
1000,2015/11/17
1100,2015/11/18
1000,2015/11/19
1100,2015/11/20
1000,2015/11/22
1100,2015/11/23
1200,2015/11/25
1200,2015/11/26
1200,2015/11/27
1000,2015/11/29
1001,2015/11/30
