Min Price banana,Max Price banana,Modal Price banana,Price Date
210,210,210,2005/01/01
210,210,210,2005/01/03
210,210,210,2005/01/04
210,210,210,2005/01/05
210,210,210,2005/01/06
210,210,210,2005/01/07
210,210,210,2005/01/08
210,210,210,2005/01/10
210,210,210,2005/01/11
210,210,210,2005/01/12
210,210,210,2005/01/13
210,210,210,2005/01/14
210,210,210,2005/01/15
210,210,210,2005/01/17
210,210,210,2005/01/18
210,210,210,2005/01/19
210,210,210,2005/01/20
210,210,210,2005/01/21
210,210,210,2005/01/22
210,210,210,2005/01/24
210,210,210,2005/01/25
210,210,210,2005/01/27
210,210,210,2005/01/28
210,210,210,2005/01/29
210,210,210,2005/01/31
210,210,210,2005/02/01
210,210,210,2005/02/03
210,210,210,2005/02/04
210,210,210,2005/02/05
210,210,210,2005/02/07
210,210,210,2005/02/08
210,210,210,2005/02/09
210,210,210,2005/02/10
210,210,210,2005/02/11
210,210,210,2005/02/12
210,210,210,2005/02/14
210,210,210,2005/02/15
210,210,210,2005/02/16
210,210,210,2005/02/17
210,210,210,2005/02/18
210,210,210,2005/02/19
210,210,210,2005/02/21
210,210,210,2005/02/22
210,210,210,2005/02/23
210,210,210,2005/02/24
210,210,210,2005/02/25
210,210,210,2005/02/26
210,210,210,2005/02/28
210,210,210,2005/03/01
210,210,210,2005/03/02
210,210,210,2005/03/03
210,210,210,2005/03/04
210,210,210,2005/03/05
210,210,210,2005/03/07
210,210,210,2005/03/08
210,210,210,2005/03/09
210,210,210,2005/03/10
210,210,210,2005/03/11
210,210,210,2005/03/12
210,210,210,2005/03/14
210,210,210,2005/03/15
210,210,210,2005/03/16
210,210,210,2005/03/17
210,210,210,2005/03/18
210,210,210,2005/03/19
210,210,210,2005/03/21
210,210,210,2005/03/22
210,210,210,2005/03/23
210,210,210,2005/03/24
210,210,210,2005/03/25
210,210,210,2005/03/28
210,210,210,2005/03/29
210,210,210,2005/03/30
210,210,210,2005/03/31
210,210,210,2005/04/01
210,210,210,2005/04/02
210,210,210,2005/04/04
210,210,210,2005/04/05
210,210,210,2005/04/06
210,210,210,2005/04/07
210,210,210,2005/04/08
210,210,210,2005/04/09
210,210,210,2005/04/11
210,210,210,2005/04/12
210,210,210,2005/04/13
210,210,210,2005/04/15
210,210,210,2005/04/18
210,210,210,2005/04/19
210,210,210,2005/04/21
210,210,210,2005/04/22
210,210,210,2005/04/23
210,210,210,2005/04/25
210,210,210,2005/04/26
210,210,210,2005/04/27
210,210,210,2005/04/28
210,210,210,2005/04/29
210,210,210,2005/04/30
210,210,210,2005/05/02
210,210,210,2005/05/03
210,210,210,2005/05/04
210,210,210,2005/05/05
210,210,210,2005/05/06
210,210,210,2005/05/07
210,210,210,2005/05/09
210,210,210,2005/05/10
210,210,210,2005/05/11
210,210,210,2005/05/12
210,210,210,2005/05/13
210,210,210,2005/05/14
210,210,210,2005/05/16
210,210,210,2005/05/17
210,210,210,2005/05/18
210,210,210,2005/05/19
210,210,210,2005/05/20
210,210,210,2005/05/21
210,210,210,2005/05/23
210,210,210,2005/05/24
210,210,210,2005/05/25
210,210,210,2005/05/26
210,210,210,2005/05/27
210,210,210,2005/05/28
210,210,210,2005/05/30
210,210,210,2005/05/31
210,210,210,2005/06/01
210,210,210,2005/06/02
210,210,210,2005/06/03
210,210,210,2005/06/04
210,210,210,2005/06/06
210,210,210,2005/06/07
210,210,210,2005/06/08
210,210,210,2005/06/09
210,210,210,2005/06/10
210,210,210,2005/06/11
210,210,210,2005/06/13
210,210,210,2005/06/14
210,210,210,2005/06/15
210,210,210,2005/06/16
210,210,210,2005/06/17
210,210,210,2005/06/18
210,210,210,2005/06/20
210,210,210,2005/06/21
210,210,210,2005/06/22
210,210,210,2005/06/23
210,210,210,2005/06/24
210,210,210,2005/06/25
210,210,210,2005/06/27
210,210,210,2005/06/28
210,210,210,2005/06/29
210,210,210,2005/06/30
210,210,210,2005/07/01
210,210,210,2005/07/02
210,210,210,2005/07/04
1300,1800,1550,2005/07/05
210,210,210,2005/07/06
210,210,210,2005/07/07
210,210,210,2005/07/08
210,210,210,2005/07/09
210,210,210,2005/07/11
210,210,210,2005/07/12
210,210,210,2005/07/13
210,210,210,2005/07/14
210,210,210,2005/07/16
210,210,210,2005/07/18
210,210,210,2005/07/19
210,210,210,2005/07/20
210,210,210,2005/07/21
210,210,210,2005/07/22
210,210,210,2005/07/23
210,210,210,2005/07/25
210,210,210,2005/07/26
210,210,210,2005/07/27
210,210,210,2005/07/28
210,210,210,2005/07/29
210,210,210,2005/07/30
210,210,210,2005/08/01
210,210,210,2005/08/02
210,210,210,2005/08/04
210,210,210,2005/08/05
210,210,210,2005/08/06
210,210,210,2005/08/08
210,210,210,2005/08/09
210,210,210,2005/08/11
210,210,210,2005/08/12
210,210,210,2005/08/13
210,210,210,2005/08/16
210,210,210,2005/08/17
210,210,210,2005/08/18
210,210,210,2005/08/19
210,210,210,2005/08/20
210,210,210,2005/08/22
210,210,210,2005/08/23
210,210,210,2005/08/24
210,210,210,2005/08/25
210,210,210,2005/08/26
210,210,210,2005/08/27
210,210,210,2005/08/29
210,210,210,2005/08/30
210,210,210,2005/08/31
210,210,210,2005/09/01
210,210,210,2005/09/02
210,210,210,2005/09/03
210,210,210,2005/09/05
210,210,210,2005/09/06
210,210,210,2005/09/07
210,210,210,2005/09/08
210,210,210,2005/09/09
210,210,210,2005/09/10
210,210,210,2005/09/12
210,210,210,2005/09/13
210,210,210,2005/09/14
210,210,210,2005/09/15
210,210,210,2005/09/16
210,210,210,2005/09/17
210,210,210,2005/09/19
210,210,210,2005/09/20
210,210,210,2005/09/21
210,210,210,2005/09/22
210,210,210,2005/09/23
210,210,210,2005/09/24
210,210,210,2005/09/26
210,210,210,2005/09/27
210,210,210,2005/09/28
210,210,210,2005/09/29
300,300,300,2005/09/30
300,300,300,2005/10/01
300,300,300,2005/10/04
300,300,300,2005/10/05
300,300,300,2005/10/06
300,300,300,2005/10/07
300,300,300,2005/10/08
300,300,300,2005/10/10
300,300,300,2005/10/11
300,300,300,2005/10/13
300,300,300,2005/10/14
300,300,300,2005/10/15
300,300,300,2005/10/17
300,300,300,2005/10/18
300,300,300,2005/10/19
300,300,300,2005/10/20
310,310,310,2005/10/21
340,340,340,2005/10/22
340,340,340,2005/10/24
310,310,310,2005/10/25
320,320,320,2005/10/26
315,315,315,2005/10/27
310,310,310,2005/10/28
320,320,320,2005/10/29
315,315,315,2005/10/31
300,300,300,2005/11/01
300,300,300,2005/11/03
320,320,320,2005/11/04
310,310,310,2005/11/07
300,300,300,2005/11/08
310,310,310,2005/11/09
315,315,315,2005/11/10
315,315,315,2005/11/11
320,320,320,2005/11/12
310,310,310,2005/11/14
305,305,305,2005/11/15
320,320,320,2005/11/16
310,310,310,2005/11/17
310,310,310,2005/11/18
325,325,325,2005/11/19
310,310,310,2005/11/21
310,310,310,2005/11/22
315,315,315,2005/11/23
315,315,315,2005/11/24
330,330,330,2005/11/25
320,320,320,2005/11/26
310,310,310,2005/11/28
300,300,300,2005/11/29
310,310,310,2005/11/30
310,310,310,2005/12/01
315,315,315,2005/12/02
310,310,310,2005/12/03
305,305,305,2005/12/05
300,300,300,2005/12/06
310,310,310,2005/12/07
310,310,310,2005/12/08
310,310,310,2005/12/09
320,320,320,2005/12/10
310,310,310,2005/12/12
300,300,300,2005/12/13
305,305,305,2005/12/14
310,310,310,2005/12/15
310,310,310,2005/12/16
315,315,315,2005/12/17
305,305,305,2005/12/19
305,305,305,2005/12/20
310,310,310,2005/12/21
310,310,310,2005/12/22
305,305,305,2005/12/24
310,310,310,2005/12/26
305,305,305,2005/12/27
300,300,300,2005/12/28
305,305,305,2005/12/29
310,310,310,2005/12/30
300,300,300,2005/12/31
310,310,310,2006/01/02
300,300,300,2006/01/03
300,300,300,2006/01/04
300,300,300,2006/01/05
310,310,310,2006/01/06
310,310,310,2006/01/07
310,310,310,2006/01/09
300,300,300,2006/01/10
305,305,305,2006/01/11
305,305,305,2006/01/13
305,305,305,2006/01/14
300,300,300,2006/01/16
310,310,310,2006/01/17
305,305,305,2006/01/18
315,315,315,2006/01/19
310,310,310,2006/01/20
305,305,305,2006/01/21
305,305,305,2006/01/23
300,300,300,2006/01/24
900,1300,1100,2006/01/25
310,310,310,2006/01/27
305,305,305,2006/01/28
305,305,305,2006/01/30
305,305,305,2006/01/31
305,305,305,2006/02/01
310,310,310,2006/02/02
315,315,315,2006/02/03
310,310,310,2006/02/04
310,310,310,2006/02/06
310,310,310,2006/02/07
305,305,305,2006/02/08
320,320,320,2006/02/09
305,305,305,2006/02/10
310,310,310,2006/02/11
310,310,310,2006/02/13
300,300,300,2006/02/14
305,305,305,2006/02/15
310,310,310,2006/02/16
310,310,310,2006/02/17
320,320,320,2006/02/18
310,310,310,2006/02/20
305,305,305,2006/02/21
305,305,305,2006/02/22
300,300,300,2006/02/23
310,310,310,2006/02/24
300,300,300,2006/02/25
300,300,300,2006/02/27
305,305,305,2006/02/28
325,325,325,2006/03/01
310,310,310,2006/03/02
300,300,300,2006/03/03
310,310,310,2006/03/04
315,315,315,2006/03/06
300,300,300,2006/03/07
305,305,305,2006/03/08
310,310,310,2006/03/09
325,325,325,2006/03/10
300,300,300,2006/03/13
300,300,300,2006/03/14
300,300,300,2006/03/16
305,305,305,2006/03/17
305,305,305,2006/03/18
320,320,320,2006/03/20
300,300,300,2006/03/21
305,305,305,2006/03/22
310,310,310,2006/03/23
315,315,315,2006/03/24
315,315,315,2006/03/25
310,310,310,2006/03/27
300,300,300,2006/03/28
310,310,310,2006/03/29
310,310,310,2006/03/30
300,300,300,2006/03/31
310,310,310,2006/04/01
315,315,315,2006/04/03
300,300,300,2006/04/04
310,310,310,2006/04/05
310,310,310,2006/04/07
310,310,310,2006/04/08
320,320,320,2006/04/10
300,300,300,2006/04/11
330,330,330,2006/04/12
310,310,310,2006/04/13
305,305,305,2006/04/15
305,305,305,2006/04/17
310,310,310,2006/04/18
310,310,310,2006/04/19
300,300,300,2006/04/20
305,305,305,2006/04/21
305,305,305,2006/04/22
305,305,305,2006/04/24
300,300,300,2006/05/16
300,300,300,2006/05/17
300,300,300,2006/05/18
315,315,315,2006/05/19
350,350,350,2006/05/20
315,315,315,2006/05/22
310,310,310,2006/05/23
320,320,320,2006/05/24
300,300,300,2006/05/26
300,300,300,2006/05/27
330,330,330,2006/05/29
300,300,300,2006/05/30
350,350,350,2006/06/03
350,350,350,2006/06/05
325,350,337,2006/06/06
312,320,316,2006/06/07
320,320,320,2006/06/08
310,320,315,2006/06/09
310,310,310,2006/06/10
330,340,335,2006/06/12
300,310,305,2006/06/13
310,310,310,2006/06/14
320,330,325,2006/06/15
330,330,330,2006/06/16
325,340,333,2006/06/17
320,340,330,2006/06/19
305,305,305,2006/06/20
315,325,320,2006/06/21
305,320,312,2006/06/22
305,320,312,2006/06/23
300,340,320,2006/06/24
300,350,325,2006/06/26
300,310,305,2006/06/27
300,320,310,2006/06/28
300,316,308,2006/06/29
300,320,310,2006/06/30
310,330,320,2006/07/01
300,340,320,2006/07/15
300,350,325,2006/07/17
300,310,305,2006/07/18
300,320,310,2006/07/19
310,350,330,2006/07/20
310,350,330,2006/07/21
300,340,320,2006/07/22
300,340,320,2006/07/24
300,310,305,2006/07/25
300,340,320,2006/07/26
300,340,320,2006/07/27
300,350,325,2006/07/28
900,1300,1100,2006/07/29
300,340,320,2006/07/31
300,340,320,2006/08/01
300,340,320,2006/08/02
300,350,325,2006/08/03
300,350,325,2006/08/04
300,340,320,2006/08/05
300,350,325,2006/08/07
300,340,320,2006/08/09
300,350,325,2006/08/10
300,330,315,2006/08/11
320,360,340,2006/08/12
300,350,325,2006/08/14
300,340,320,2006/08/16
300,340,320,2006/08/17
300,350,325,2006/08/18
300,350,325,2006/08/19
300,350,325,2006/08/21
300,340,320,2006/08/22
300,340,320,2006/08/23
300,350,325,2006/08/25
300,350,325,2006/08/26
300,350,325,2006/08/28
1000,1300,1150,2006/08/29
300,340,320,2006/08/30
300,340,320,2006/08/31
300,350,325,2006/09/01
300,350,325,2006/09/02
300,350,325,2006/09/04
300,350,325,2006/09/05
300,340,320,2006/09/06
300,340,320,2006/09/07
310,350,330,2006/09/08
300,350,325,2006/09/09
300,340,320,2006/09/11
300,340,320,2006/09/12
300,350,325,2006/09/13
300,350,325,2006/09/14
300,350,325,2006/09/15
300,350,325,2006/09/16
300,350,325,2006/09/18
300,340,320,2006/09/19
300,350,325,2006/09/20
300,350,325,2006/09/21
300,350,325,2006/09/23
300,350,325,2006/09/25
300,325,312,2006/09/26
300,350,325,2006/09/27
300,350,325,2006/09/28
300,337,315,2006/09/30
300,350,325,2006/10/03
300,350,325,2006/10/04
300,350,325,2006/10/05
300,350,325,2006/10/06
300,350,325,2006/10/07
300,350,325,2006/10/09
300,350,325,2006/10/10
300,340,320,2006/10/11
300,350,325,2006/10/12
300,350,325,2006/10/13
300,330,315,2006/10/14
300,350,325,2006/10/16
300,325,312,2006/10/17
300,340,320,2006/10/18
300,350,325,2006/10/19
300,340,320,2006/10/20
300,320,310,2006/10/24
300,350,325,2006/10/26
300,340,320,2006/10/27
300,350,325,2006/10/28
300,350,325,2006/10/30
300,340,320,2006/10/31
300,350,325,2006/11/01
300,340,320,2006/11/02
300,340,320,2006/11/03
300,340,320,2006/11/04
300,350,325,2006/11/06
300,350,325,2006/11/07
300,350,325,2006/11/08
300,350,325,2006/11/09
300,350,325,2006/11/10
300,340,320,2006/11/11
300,350,325,2006/11/13
300,350,325,2006/11/14
300,340,320,2006/11/15
300,340,320,2006/11/16
300,350,325,2006/11/17
300,350,325,2006/11/18
300,350,325,2006/11/20
300,350,325,2006/11/28
300,350,325,2006/11/29
300,350,325,2006/11/30
300,340,320,2006/12/12
300,350,325,2006/12/13
300,340,320,2006/12/14
300,350,325,2006/12/18
300,340,320,2006/12/19
300,350,325,2006/12/20
300,350,325,2006/12/21
300,350,325,2006/12/22
300,350,325,2007/01/15
300,350,325,2007/01/16
300,350,325,2007/01/17
300,350,325,2007/01/18
300,350,325,2007/01/19
300,350,325,2007/01/20
300,350,325,2007/01/22
300,350,325,2007/01/23
300,350,325,2007/01/24
300,350,325,2007/01/25
300,350,325,2007/01/27
300,350,325,2007/01/29
300,350,325,2007/01/31
300,350,325,2007/02/05
300,350,325,2007/02/06
300,350,325,2007/02/07
300,350,325,2007/02/08
300,350,325,2007/02/09
300,350,325,2007/02/10
300,350,325,2007/02/12
300,350,325,2007/02/13
300,350,325,2007/02/14
300,350,325,2007/02/17
300,350,325,2007/02/19
300,350,325,2007/02/20
300,350,325,2007/02/21
300,350,325,2007/02/22
300,350,325,2007/02/23
300,350,325,2007/02/24
300,350,325,2007/02/26
300,350,325,2007/02/27
300,350,325,2007/02/28
300,350,325,2007/03/01
300,350,325,2007/03/02
300,350,325,2007/03/03
300,350,325,2007/03/05
300,350,325,2007/03/06
300,350,325,2007/03/08
300,350,325,2007/03/09
300,350,325,2007/03/10
300,350,325,2007/03/12
300,350,325,2007/03/13
300,350,325,2007/03/14
300,350,325,2007/03/20
300,350,325,2007/03/21
300,350,325,2007/03/22
300,350,325,2007/03/23
300,350,325,2007/03/24
300,350,325,2007/03/31
300,350,325,2007/04/02
300,350,325,2007/04/04
300,350,325,2007/04/05
300,350,325,2007/04/06
300,350,325,2007/04/07
300,350,325,2007/04/09
300,350,325,2007/04/10
300,350,325,2007/04/11
300,350,325,2007/04/13
300,350,325,2007/04/16
300,350,325,2007/04/17
300,350,325,2007/04/18
300,350,325,2007/04/19
300,350,325,2007/04/20
300,350,325,2007/04/21
300,350,325,2007/04/23
300,350,325,2007/04/24
300,350,325,2007/05/04
300,350,325,2007/05/05
300,350,325,2007/05/07
300,310,305,2007/05/08
300,350,325,2007/05/09
300,340,320,2007/05/10
300,350,325,2007/05/11
300,350,325,2007/05/12
300,350,325,2007/05/14
300,350,325,2007/05/15
300,350,325,2007/05/16
300,350,325,2007/05/17
300,350,325,2007/05/18
300,350,325,2007/05/19
300,350,325,2007/05/21
300,350,325,2007/05/22
300,350,325,2007/05/23
300,350,325,2007/05/24
300,350,325,2007/05/25
300,350,325,2007/05/26
300,350,325,2007/05/29
300,350,325,2007/05/31
300,350,325,2007/06/01
300,350,325,2007/06/02
300,350,325,2007/06/04
300,350,325,2007/06/05
300,350,325,2007/06/06
300,350,325,2007/06/07
300,350,325,2007/06/08
300,350,325,2007/06/11
300,350,325,2007/06/12
300,350,325,2007/06/13
300,350,325,2007/06/14
300,350,325,2007/07/02
300,350,325,2007/07/03
300,350,325,2007/07/04
300,350,325,2007/07/05
300,350,325,2007/07/06
300,350,325,2007/07/07
300,350,325,2007/07/09
300,350,325,2007/07/10
300,350,325,2007/07/11
300,350,325,2007/07/12
300,350,325,2007/07/13
300,350,325,2007/07/14
300,350,325,2007/07/20
300,350,325,2007/07/21
300,350,325,2007/07/23
300,350,325,2007/07/24
300,350,325,2007/07/25
300,350,325,2007/07/26
300,350,325,2007/07/27
300,350,325,2007/07/28
300,350,325,2007/07/30
300,350,325,2007/08/01
300,350,325,2007/08/02
300,350,325,2007/08/03
300,350,325,2007/08/06
300,350,325,2007/08/07
300,350,325,2007/08/08
300,350,325,2007/08/09
300,350,325,2007/08/10
300,350,325,2007/08/11
300,350,325,2007/08/13
300,350,325,2007/08/14
300,350,325,2007/08/16
300,350,325,2007/08/17
300,350,325,2007/08/18
300,350,325,2007/08/20
300,350,325,2007/08/23
300,350,325,2007/08/24
300,350,325,2007/08/25
300,350,325,2007/08/28
300,350,325,2007/08/29
300,350,325,2007/08/30
300,350,325,2007/08/31
300,350,325,2007/09/01
300,350,325,2007/09/03
300,350,325,2007/09/09
300,350,325,2007/09/10
300,350,325,2007/09/11
300,350,325,2007/09/12
300,350,325,2007/09/13
300,350,325,2007/09/14
300,350,325,2007/09/15
300,350,325,2007/09/17
300,350,325,2007/09/18
300,350,325,2007/09/19
300,350,325,2007/09/20
300,350,325,2007/09/21
300,350,325,2007/09/22
300,350,325,2007/09/24
300,350,325,2007/09/25
300,350,325,2007/09/26
300,350,325,2007/09/27
300,350,325,2007/09/28
300,350,325,2007/09/29
300,350,325,2007/10/01
300,350,325,2007/10/03
300,350,325,2007/10/04
300,350,325,2007/10/05
300,350,325,2007/10/06
300,350,325,2007/10/08
300,350,325,2007/10/09
300,350,325,2007/10/10
300,350,325,2007/10/11
300,350,325,2007/10/12
300,350,325,2007/10/13
300,350,325,2007/10/18
300,350,325,2007/10/19
300,350,325,2007/10/20
300,350,325,2007/10/21
300,350,325,2007/10/23
300,350,325,2007/10/24
300,350,325,2007/10/25
300,350,325,2007/10/26
300,350,325,2007/10/27
300,350,325,2007/10/29
300,350,325,2007/10/30
300,350,325,2007/10/31
300,350,325,2007/11/02
300,350,325,2007/11/03
300,350,325,2007/11/05
300,350,325,2007/11/06
300,350,325,2007/11/07
300,350,325,2007/11/08
300,350,325,2007/11/09
300,350,325,2007/11/10
300,350,325,2007/11/12
300,350,325,2007/11/13
300,350,325,2007/11/15
300,350,325,2007/11/16
300,350,325,2007/11/17
300,350,325,2007/11/19
300,350,325,2007/11/20
300,350,325,2007/11/23
300,350,325,2007/11/24
300,350,325,2007/11/26
300,350,325,2007/12/04
300,350,325,2007/12/05
300,350,325,2007/12/07
300,350,325,2007/12/08
300,350,325,2007/12/10
300,350,325,2007/12/11
300,350,325,2007/12/20
300,350,325,2007/12/21
300,350,325,2007/12/22
300,350,325,2007/12/24
300,350,325,2007/12/25
300,350,325,2007/12/26
300,350,325,2007/12/27
300,350,325,2007/12/28
300,350,325,2007/12/29
300,350,325,2007/12/31
300,350,325,2008/01/01
300,350,325,2008/01/02
300,350,325,2008/01/03
300,350,325,2008/01/05
300,350,325,2008/01/07
300,350,325,2008/01/08
300,350,325,2008/01/09
300,350,325,2008/01/10
300,350,325,2008/01/11
300,350,325,2008/01/12
300,350,325,2008/01/14
300,350,325,2008/01/15
300,350,325,2008/01/17
300,350,325,2008/01/18
300,350,325,2008/01/21
300,350,325,2008/01/22
300,350,325,2008/01/23
300,350,325,2008/01/24
300,350,325,2008/01/25
300,350,325,2008/01/28
300,350,325,2008/01/29
300,350,325,2008/01/30
300,350,325,2008/01/31
300,350,325,2008/02/01
300,350,325,2008/02/02
300,350,325,2008/02/11
300,350,325,2008/02/12
300,350,325,2008/02/13
300,350,325,2008/02/15
300,350,325,2008/02/18
300,350,325,2008/02/19
300,350,325,2008/02/20
300,350,325,2008/02/21
300,350,325,2008/02/22
300,350,325,2008/02/23
300,350,325,2008/02/25
300,350,325,2008/02/26
300,350,325,2008/02/27
300,350,325,2008/02/28
300,350,325,2008/02/29
300,350,325,2008/03/03
300,350,325,2008/03/04
300,350,325,2008/03/05
300,350,325,2008/03/06
300,350,325,2008/03/08
300,350,325,2008/03/13
300,350,325,2008/03/14
300,350,325,2008/03/15
300,350,325,2008/03/17
300,350,325,2008/03/18
300,350,325,2008/03/19
300,350,325,2008/03/20
300,350,325,2008/03/21
300,350,325,2008/03/24
300,350,325,2008/03/25
300,350,325,2008/03/26
300,350,325,2008/03/27
300,350,325,2008/03/28
300,350,325,2008/03/29
300,350,325,2008/03/31
300,350,325,2008/04/01
300,350,325,2008/04/02
1200,1600,1400,2008/04/03
300,350,325,2008/04/07
300,350,325,2008/04/08
300,350,325,2008/04/09
300,350,325,2008/04/14
300,350,325,2008/04/15
300,350,325,2008/04/16
300,350,325,2008/04/17
300,350,325,2008/04/18
300,350,325,2008/04/19
300,350,325,2008/04/21
300,350,325,2008/04/22
300,350,325,2008/04/23
300,350,325,2008/04/24
300,350,325,2008/04/25
300,350,325,2008/04/26
300,350,325,2008/04/28
300,350,325,2008/04/29
300,350,325,2008/04/30
300,350,325,2008/05/01
300,350,325,2008/05/02
300,350,325,2008/05/03
350,350,350,2008/05/05
300,350,325,2008/05/06
300,350,325,2008/05/07
300,350,325,2008/05/08
300,350,325,2008/05/09
300,350,325,2008/05/10
300,350,325,2008/05/12
300,350,325,2008/05/13
300,350,325,2008/05/14
300,350,325,2008/05/16
300,350,325,2008/05/17
300,350,325,2008/05/26
300,350,325,2008/05/27
300,350,325,2008/05/28
300,350,325,2008/05/29
300,350,325,2008/05/30
300,350,325,2008/05/31
300,350,325,2008/06/02
300,350,325,2008/06/03
300,350,325,2008/06/04
300,350,325,2008/06/05
300,350,325,2008/06/07
300,350,325,2008/06/09
300,350,325,2008/06/10
300,350,325,2008/06/11
300,350,325,2008/06/12
300,350,325,2008/06/13
300,350,325,2008/06/14
300,350,325,2008/06/16
300,350,325,2008/06/17
300,350,325,2008/06/18
300,350,325,2008/06/19
300,350,325,2008/06/20
300,350,325,2008/06/21
300,350,325,2008/06/23
300,350,325,2008/06/24
300,350,325,2008/06/25
300,350,325,2008/06/26
300,350,325,2008/06/27
300,350,325,2008/06/28
300,350,325,2008/06/30
300,350,325,2008/07/01
300,350,325,2008/07/02
300,350,325,2008/07/03
300,350,325,2008/07/04
300,350,325,2008/07/05
300,350,325,2008/07/07
300,350,325,2008/07/10
300,350,325,2008/07/11
300,350,325,2008/07/12
300,350,325,2008/07/14
300,350,325,2008/07/15
300,350,325,2008/07/16
300,350,325,2008/07/17
300,350,325,2008/07/18
300,350,325,2008/07/19
300,350,325,2008/07/21
300,350,325,2008/07/22
300,350,325,2008/07/23
300,350,325,2008/07/24
300,350,325,2008/07/25
300,350,325,2008/07/26
300,350,325,2008/07/28
300,350,325,2008/07/31
300,350,325,2008/08/01
300,350,325,2008/08/02
300,350,325,2008/08/04
300,350,325,2008/08/07
300,350,325,2008/08/08
300,350,325,2008/08/09
300,350,325,2008/08/25
300,350,325,2008/08/26
300,350,325,2008/08/27
300,350,325,2008/08/29
300,350,325,2008/08/30
300,350,325,2008/09/01
300,350,325,2008/09/06
300,350,325,2008/09/08
300,350,325,2008/09/09
300,350,325,2008/09/10
300,350,325,2008/09/11
300,350,325,2008/09/12
300,350,325,2008/09/13
300,350,325,2008/09/15
300,350,325,2008/09/16
300,350,325,2008/09/17
300,350,325,2008/09/18
300,350,325,2008/09/19
300,350,325,2008/09/20
300,350,325,2008/09/22
300,350,325,2008/09/23
300,350,325,2008/09/24
300,350,325,2008/09/25
300,350,325,2008/09/26
300,350,325,2008/09/27
300,350,325,2008/09/29
300,350,325,2008/09/30
300,350,325,2008/10/01
300,350,325,2008/10/02
300,350,325,2008/10/03
300,350,325,2008/10/04
300,350,325,2008/10/06
300,350,325,2008/10/07
300,350,325,2008/10/08
300,350,325,2008/10/10
300,350,325,2008/10/11
300,350,325,2008/10/23
300,350,325,2008/10/24
300,350,325,2008/10/25
300,350,325,2008/10/27
300,350,325,2008/10/28
300,350,325,2008/10/30
300,350,325,2008/10/31
300,350,325,2008/11/03
300,350,325,2008/11/04
300,350,325,2008/11/05
300,350,325,2008/11/06
300,350,325,2008/11/07
300,350,325,2008/11/08
300,350,325,2008/11/10
300,350,325,2008/11/11
300,350,325,2008/11/12
300,350,325,2008/11/13
300,350,325,2008/11/14
300,350,325,2008/11/15
300,350,325,2008/11/17
300,350,325,2008/11/18
300,350,325,2008/11/19
300,350,325,2008/11/20
300,350,325,2008/11/21
300,350,325,2008/11/22
300,350,325,2008/11/24
300,350,325,2008/11/25
300,350,325,2008/11/26
300,350,325,2008/11/27
300,350,325,2008/11/28
300,350,325,2008/11/29
300,350,325,2008/12/01
300,350,325,2008/12/02
300,350,325,2008/12/03
300,350,325,2008/12/04
300,350,325,2008/12/05
300,350,325,2008/12/06
300,350,325,2008/12/08
300,350,325,2008/12/10
300,350,325,2008/12/11
300,350,325,2008/12/12
300,350,325,2008/12/13
300,350,325,2008/12/15
300,350,325,2008/12/16
300,350,325,2008/12/17
300,350,325,2008/12/18
300,350,325,2008/12/19
300,350,325,2008/12/20
300,350,325,2008/12/22
300,350,325,2008/12/23
300,350,325,2008/12/24
300,350,325,2008/12/25
300,350,325,2008/12/26
300,350,325,2008/12/27
300,350,325,2008/12/29
300,350,325,2008/12/30
300,350,325,2008/12/31
300,350,325,2009/01/01
300,350,325,2009/01/02
300,350,325,2009/01/03
300,350,325,2009/01/05
300,350,325,2009/01/06
300,350,325,2009/01/07
300,350,325,2009/01/08
300,350,325,2009/01/09
300,350,325,2009/01/10
300,350,325,2009/01/27
300,350,325,2009/01/28
300,350,325,2009/01/29
300,350,325,2009/01/30
300,350,325,2009/01/31
300,350,325,2009/02/02
300,350,325,2009/02/03
300,350,325,2009/02/04
300,350,325,2009/02/05
300,350,325,2009/02/06
300,350,325,2009/02/07
300,350,325,2009/02/09
300,350,325,2009/02/10
300,350,325,2009/02/11
300,350,325,2009/02/12
300,350,325,2009/02/13
300,350,325,2009/02/14
300,350,325,2009/02/16
300,350,325,2009/02/17
300,350,325,2009/02/18
300,350,325,2009/02/19
300,350,325,2009/02/20
300,350,325,2009/02/21
300,350,325,2009/02/23
300,350,325,2009/02/24
300,350,325,2009/02/25
300,350,325,2009/02/26
300,350,325,2009/02/27
300,350,325,2009/02/28
300,350,325,2009/03/02
300,350,325,2009/03/03
300,350,325,2009/03/04
300,350,325,2009/03/05
300,350,325,2009/03/06
300,350,325,2009/03/07
300,350,325,2009/03/09
300,350,325,2009/03/10
300,350,325,2009/03/12
300,350,325,2009/03/13
300,350,325,2009/03/14
300,350,325,2009/03/16
300,350,325,2009/03/17
300,350,325,2009/03/18
300,350,325,2009/03/19
300,350,325,2009/03/20
300,350,325,2009/03/21
300,350,325,2009/03/23
300,350,325,2009/03/24
300,350,325,2009/03/25
300,350,325,2009/03/26
300,350,325,2009/03/27
300,350,325,2009/03/28
300,350,325,2009/03/30
300,350,325,2009/03/31
300,350,325,2009/04/01
300,350,325,2009/04/02
300,350,325,2009/04/03
300,350,325,2009/04/04
300,350,325,2009/04/06
300,350,325,2009/04/07
300,350,325,2009/04/08
300,350,325,2009/04/09
300,350,325,2009/04/10
300,350,325,2009/04/11
300,350,325,2009/04/13
300,350,325,2009/04/14
300,350,325,2009/04/15
300,350,325,2009/04/17
300,350,325,2009/04/18
300,350,325,2009/04/20
300,350,325,2009/04/21
300,350,325,2009/04/22
300,350,325,2009/04/23
300,350,325,2009/04/24
300,350,325,2009/04/25
300,350,325,2009/04/27
300,350,325,2009/04/28
300,350,325,2009/04/29
300,350,325,2009/04/30
300,350,325,2009/05/01
300,350,325,2009/05/02
310,350,330,2009/05/04
300,350,325,2009/05/05
300,350,325,2009/05/06
300,350,325,2009/05/07
300,350,325,2009/05/08
300,350,325,2009/05/09
300,350,325,2009/05/11
300,350,325,2009/05/12
300,350,325,2009/05/13
300,350,325,2009/05/14
300,350,325,2009/05/15
300,350,325,2009/05/19
300,350,325,2009/05/20
300,350,325,2009/05/21
300,350,325,2009/05/22
300,350,325,2009/05/23
300,350,325,2009/05/25
300,350,325,2009/05/26
300,350,325,2009/05/28
300,350,325,2009/05/29
300,350,325,2009/05/30
300,350,325,2009/06/01
300,350,325,2009/06/02
300,350,325,2009/06/03
300,350,325,2009/06/04
300,350,325,2009/06/05
300,350,325,2009/06/06
300,350,325,2009/06/08
300,350,325,2009/06/09
300,350,325,2009/06/10
300,350,325,2009/06/11
300,350,325,2009/06/12
300,350,325,2009/06/13
300,350,325,2009/06/15
300,350,325,2009/06/16
300,350,325,2009/06/17
300,350,325,2009/06/18
300,350,325,2009/06/19
300,350,325,2009/06/20
300,350,325,2009/06/22
300,350,325,2009/06/23
300,350,325,2009/06/24
300,350,325,2009/06/25
300,350,325,2009/06/26
300,350,325,2009/06/27
300,350,325,2009/06/29
300,350,325,2009/06/30
300,350,325,2009/07/01
300,350,325,2009/07/02
300,350,325,2009/07/03
300,350,325,2009/07/04
300,350,325,2009/07/06
300,350,325,2009/07/07
300,350,325,2009/07/08
300,350,325,2009/07/09
300,350,325,2009/07/10
300,350,325,2009/07/11
300,350,325,2009/07/13
300,350,325,2009/07/14
300,350,325,2009/07/15
300,350,325,2009/07/16
300,350,325,2009/07/17
300,350,325,2009/07/18
300,350,325,2009/07/20
300,350,325,2009/07/21
300,350,325,2009/07/22
300,350,325,2009/07/23
300,350,325,2009/07/24
300,350,325,2009/07/25
300,350,325,2009/07/27
300,350,325,2009/07/28
300,350,325,2009/07/29
300,350,325,2009/07/30
300,350,325,2009/07/31
300,350,325,2009/08/01
300,350,325,2009/08/03
300,350,325,2009/08/04
300,350,325,2009/08/05
300,350,325,2009/08/06
300,350,325,2009/08/07
300,350,325,2009/08/08
300,350,0,2009/08/10
300,350,0,2009/08/11
300,350,325,2009/08/12
300,350,325,2009/08/13
300,350,325,2009/08/14
300,350,325,2009/08/17
300,350,325,2009/08/18
300,350,325,2009/08/19
300,350,325,2009/08/20
300,350,325,2009/08/21
300,350,325,2009/08/22
300,350,325,2009/08/24
300,350,325,2009/08/25
300,350,325,2009/08/26
300,350,325,2009/08/27
300,350,325,2009/08/28
300,350,325,2009/08/29
300,350,325,2009/08/31
300,350,325,2009/09/01
300,350,325,2009/09/02
300,350,325,2009/09/03
300,350,325,2009/09/04
300,300,300,2009/09/05
300,350,325,2009/09/07
300,318,309,2009/09/08
300,350,325,2009/09/09
300,350,325,2009/09/10
300,350,325,2009/09/11
300,350,325,2009/09/12
300,350,325,2009/09/14
300,350,325,2009/09/15
300,304,302,2009/09/16
300,324,312,2009/09/17
300,344,322,2009/09/18
300,332,316,2009/09/19
300,348,324,2009/09/21
300,316,308,2009/09/22
300,308,304,2009/09/23
300,316,308,2009/09/24
300,350,325,2009/09/25
300,326,313,2009/09/26
300,350,325,2009/09/29
300,302,301,2009/09/30
300,316,308,2009/10/01
300,320,310,2009/10/02
300,322,311,2009/10/03
300,338,319,2009/10/05
300,304,302,2009/10/06
300,350,325,2009/10/07
300,350,325,2009/10/08
300,350,325,2009/10/09
300,350,325,2009/10/10
300,350,325,2009/10/12
300,350,325,2009/10/14
300,350,325,2009/10/15
300,350,325,2009/10/16
300,350,325,2009/10/17
300,350,325,2009/10/19
300,350,325,2009/10/20
300,350,325,2009/10/21
300,350,325,2009/10/22
300,350,325,2009/10/23
300,350,325,2009/10/24
300,350,325,2009/10/26
300,350,325,2009/10/27
300,350,325,2009/10/28
300,350,325,2009/11/02
300,350,325,2009/11/03
300,350,325,2009/11/04
300,350,325,2009/11/05
300,350,325,2009/11/06
300,350,325,2009/11/07
300,350,325,2009/11/09
300,350,325,2009/11/10
300,350,325,2009/11/11
300,350,325,2009/11/12
300,350,325,2009/11/13
300,350,325,2009/11/14
300,350,325,2009/11/16
300,350,325,2009/11/17
300,350,325,2009/11/18
300,350,325,2009/11/19
300,350,325,2009/11/20
300,350,325,2009/11/21
300,350,325,2009/11/23
300,350,325,2009/11/24
300,350,325,2009/11/25
300,350,325,2009/11/26
300,350,325,2009/11/27
300,350,325,2009/11/30
300,350,325,2009/12/01
300,350,325,2009/12/02
300,350,325,2009/12/03
300,350,325,2009/12/04
300,350,325,2009/12/05
450,500,475,2009/12/07
450,500,475,2009/12/08
450,550,500,2009/12/10
450,550,500,2009/12/11
450,550,500,2009/12/12
450,550,500,2009/12/14
450,500,475,2009/12/15
450,500,475,2009/12/16
450,500,475,2009/12/17
450,500,475,2009/12/18
450,500,475,2009/12/19
450,500,475,2009/12/21
450,500,475,2009/12/22
500,550,525,2009/12/23
500,550,525,2009/12/24
450,550,500,2009/12/25
450,550,500,2009/12/26
450,550,500,2009/12/28
450,550,500,2009/12/29
450,550,500,2009/12/30
450,550,500,2009/12/31
450,550,500,2010/01/01
450,550,500,2010/01/02
450,550,500,2010/01/04
450,550,500,2010/01/05
450,550,500,2010/01/06
450,550,500,2010/01/07
450,550,500,2010/01/08
450,550,500,2010/01/09
450,550,500,2010/01/11
450,550,500,2010/01/12
500,600,550,2010/01/13
500,600,550,2010/01/15
500,600,550,2010/01/16
500,600,550,2010/01/18
500,600,550,2010/01/19
450,550,500,2010/01/20
500,600,550,2010/01/22
450,550,500,2010/01/23
450,550,500,2010/01/25
500,600,550,2010/01/27
500,600,550,2010/01/28
450,550,500,2010/01/29
450,550,500,2010/01/30
500,600,550,2010/02/01
500,600,550,2010/02/02
500,600,550,2010/02/03
500,600,550,2010/02/04
500,600,550,2010/02/06
500,600,550,2010/02/08
500,600,550,2010/02/09
500,600,550,2010/02/10
500,600,550,2010/02/11
500,600,550,2010/02/12
500,600,550,2010/02/15
500,600,550,2010/02/16
500,600,550,2010/02/17
500,600,550,2010/02/18
500,600,550,2010/02/19
500,600,550,2010/02/20
500,600,550,2010/02/22
500,600,550,2010/02/23
500,600,550,2010/02/24
500,600,550,2010/02/25
500,600,550,2010/02/26
500,600,550,2010/03/02
500,600,550,2010/03/03
500,600,550,2010/03/04
500,600,550,2010/03/05
500,600,550,2010/03/06
500,600,550,2010/03/08
500,600,550,2010/03/09
500,600,550,2010/03/10
500,600,550,2010/03/11
500,600,550,2010/03/12
500,600,550,2010/03/13
500,600,550,2010/03/16
500,600,550,2010/03/17
500,600,550,2010/03/19
500,600,550,2010/03/20
500,600,550,2010/03/22
500,600,550,2010/03/23
500,600,550,2010/03/24
500,600,550,2010/03/25
500,600,550,2010/03/26
500,600,550,2010/03/27
500,600,550,2010/03/29
500,600,550,2010/03/30
500,600,550,2010/03/31
500,600,550,2010/04/01
500,600,550,2010/04/02
500,600,550,2010/04/03
400,500,450,2010/04/05
500,600,550,2010/04/06
500,600,550,2010/04/07
500,600,550,2010/04/08
500,600,550,2010/04/09
500,600,550,2010/04/10
500,600,550,2010/04/12
500,600,550,2010/04/13
500,600,550,2010/04/14
500,600,550,2010/04/15
500,600,550,2010/04/16
500,600,550,2010/04/17
500,600,550,2010/04/20
450,550,500,2010/04/21
500,600,550,2010/04/22
500,600,550,2010/04/23
500,600,550,2010/04/24
450,550,500,2010/04/26
450,550,500,2010/04/27
450,550,500,2010/04/28
450,550,500,2010/04/29
450,550,500,2010/04/30
450,550,500,2010/05/01
450,550,500,2010/05/03
450,550,500,2010/05/04
450,550,500,2010/05/05
450,550,500,2010/05/06
450,550,500,2010/05/07
450,550,500,2010/05/08
450,550,500,2010/05/10
450,550,500,2010/05/11
450,550,500,2010/05/12
450,550,500,2010/05/13
450,550,500,2010/05/14
450,550,500,2010/05/15
450,550,500,2010/05/17
450,550,500,2010/05/18
450,550,500,2010/05/19
450,550,500,2010/05/20
450,550,500,2010/05/24
450,550,500,2010/05/25
450,500,475,2010/05/26
450,500,475,2010/05/27
450,500,475,2010/05/28
450,550,500,2010/05/29
450,550,500,2010/05/31
450,550,500,2010/06/01
450,550,500,2010/06/02
450,550,500,2010/06/03
450,550,500,2010/06/04
450,550,500,2010/06/05
450,550,500,2010/06/07
500,550,525,2010/06/09
450,550,500,2010/06/10
450,550,500,2010/06/11
450,550,500,2010/06/14
450,550,500,2010/06/15
450,550,500,2010/06/16
450,550,500,2010/06/17
450,550,500,2010/06/19
450,550,500,2010/06/21
450,550,500,2010/06/22
450,550,500,2010/06/23
450,550,500,2010/06/25
450,550,500,2010/06/26
450,550,500,2010/06/28
450,550,500,2010/06/29
450,550,500,2010/06/30
450,550,500,2010/07/01
450,550,500,2010/07/02
450,550,500,2010/07/03
450,550,500,2010/07/05
450,550,500,2010/07/06
450,550,500,2010/07/07
450,550,500,2010/07/08
450,550,500,2010/07/09
450,550,500,2010/07/10
450,550,500,2010/07/12
450,550,500,2010/07/13
450,550,500,2010/07/14
450,550,500,2010/07/15
450,550,500,2010/07/16
450,550,500,2010/07/17
450,550,500,2010/07/19
450,550,500,2010/07/20
450,550,500,2010/07/21
450,550,500,2010/07/22
450,550,500,2010/07/23
450,550,500,2010/07/24
450,550,500,2010/07/26
450,550,500,2010/07/27
450,550,500,2010/07/28
450,550,500,2010/07/29
450,550,500,2010/07/30
450,550,500,2010/07/31
450,550,500,2010/08/02
450,550,500,2010/08/03
450,550,500,2010/08/04
450,550,500,2010/08/05
450,550,500,2010/08/07
450,550,500,2010/08/09
450,550,500,2010/08/10
450,550,500,2010/08/11
450,550,500,2010/08/12
450,550,500,2010/08/13
450,550,500,2010/08/16
450,550,500,2010/08/17
450,550,500,2010/08/18
450,550,500,2010/08/19
450,550,500,2010/08/20
450,550,500,2010/08/21
450,578,514,2010/08/23
450,552,501,2010/08/24
450,550,500,2010/08/25
450,550,500,2010/08/26
500,560,530,2010/08/27
450,550,500,2010/08/28
450,550,500,2010/08/30
450,550,500,2010/08/31
450,550,500,2010/09/01
450,550,500,2010/09/02
450,550,500,2010/09/03
450,550,500,2010/09/06
450,550,500,2010/09/07
450,550,500,2010/09/08
450,550,500,2010/09/09
450,450,450,2010/09/11
450,550,500,2010/09/13
450,550,500,2010/09/14
480,566,523,2010/09/15
450,550,500,2010/09/16
450,560,555,2010/09/17
480,600,540,2010/09/18
500,600,550,2010/09/20
500,600,550,2010/09/21
450,550,500,2010/09/22
450,550,500,2010/09/24
450,550,500,2010/09/27
450,550,500,2010/09/28
450,550,500,2010/09/29
450,550,500,2010/09/30
460,566,513,2010/10/01
460,568,514,2010/10/04
450,550,500,2010/10/05
450,550,500,2010/10/06
450,550,500,2010/10/07
450,550,500,2010/10/08
450,550,500,2010/10/09
450,550,500,2010/10/11
450,550,500,2010/10/12
450,550,500,2010/10/13
450,560,505,2010/10/14
450,550,500,2010/10/15
450,550,500,2010/10/16
450,550,500,2010/10/18
450,550,500,2010/10/20
450,550,500,2010/10/21
450,550,500,2010/10/22
450,550,500,2010/10/23
450,550,500,2010/10/25
450,550,500,2010/10/26
450,550,500,2010/10/27
450,550,500,2010/10/28
450,550,500,2010/10/29
450,550,500,2010/10/30
450,550,500,2010/11/01
450,550,500,2010/11/02
450,550,500,2010/11/03
450,550,500,2010/11/04
450,550,500,2010/11/05
450,550,500,2010/11/06
450,550,500,2010/11/08
450,550,500,2010/11/09
450,550,500,2010/11/11
450,552,501,2010/11/12
450,550,500,2010/11/13
450,550,500,2010/11/15
450,550,500,2010/11/16
450,550,500,2010/11/18
450,550,500,2010/11/19
450,550,500,2010/11/20
450,550,500,2010/11/22
450,550,500,2010/11/23
450,550,500,2010/11/24
450,550,500,2010/11/25
450,550,500,2010/11/26
450,550,500,2010/11/27
450,550,500,2010/11/29
450,550,500,2010/11/30
450,550,500,2010/12/01
450,550,500,2010/12/02
450,550,500,2010/12/03
450,550,500,2010/12/04
450,550,500,2010/12/06
450,550,500,2010/12/07
450,550,500,2010/12/08
450,550,500,2010/12/10
450,550,500,2010/12/11
450,550,500,2010/12/14
450,550,500,2010/12/15
450,550,500,2010/12/16
450,550,500,2010/12/20
450,550,500,2010/12/22
450,550,500,2010/12/25
450,550,500,2010/12/27
450,550,500,2010/12/28
450,550,500,2010/12/29
450,550,500,2010/12/30
450,550,500,2010/12/31
450,550,500,2011/01/01
450,550,500,2011/01/03
450,550,500,2011/01/04
450,550,500,2011/01/05
450,550,500,2011/01/07
450,550,500,2011/01/08
450,550,500,2011/01/10
450,550,500,2011/01/11
450,550,500,2011/01/12
450,550,500,2011/01/14
450,550,500,2011/01/15
450,550,500,2011/01/19
450,550,500,2011/01/20
450,550,500,2011/01/21
450,550,500,2011/01/22
450,550,500,2011/01/24
450,550,500,2011/01/25
450,560,510,2011/01/27
450,550,500,2011/01/28
450,550,500,2011/01/31
450,550,500,2011/02/01
450,550,500,2011/02/02
450,550,500,2011/02/05
450,550,500,2011/02/07
450,550,500,2011/02/08
450,550,500,2011/02/09
450,550,500,2011/02/10
450,550,500,2011/02/11
450,550,500,2011/02/14
450,490,470,2011/02/15
450,550,500,2011/02/17
450,550,500,2011/02/18
450,550,500,2011/02/21
450,550,500,2011/02/22
450,550,500,2011/02/23
450,550,500,2011/02/24
450,550,500,2011/02/26
450,550,500,2011/02/28
450,550,500,2011/03/01
450,550,500,2011/03/02
450,550,500,2011/03/04
450,550,500,2011/03/05
450,550,500,2011/03/07
450,550,500,2011/03/09
450,550,500,2011/03/10
450,550,500,2011/03/11
450,550,500,2011/03/12
450,550,500,2011/03/14
450,550,500,2011/03/15
450,550,500,2011/03/16
450,550,500,2011/03/18
1600,3000,2300,2011/03/19
450,500,475,2011/03/21
450,550,500,2011/03/23
450,550,500,2011/03/26
450,550,500,2011/03/29
450,550,500,2011/03/31
450,550,500,2011/04/04
450,550,500,2011/04/05
450,550,500,2011/04/08
450,550,500,2011/04/11
450,550,500,2011/04/14
450,560,455,2011/04/16
450,550,500,2011/04/22
450,450,450,2011/04/23
450,600,525,2011/04/26
450,550,500,2011/04/27
450,550,500,2011/05/03
450,580,515,2011/05/04
450,550,500,2011/05/09
300,350,325,2011/05/11
300,350,325,2011/05/12
450,450,450,2011/06/08
450,550,500,2011/06/10
450,550,500,2011/06/14
450,550,500,2011/06/15
450,550,500,2011/06/16
450,550,500,2011/06/17
450,550,500,2011/06/18
450,550,500,2011/06/20
450,550,500,2011/06/21
450,550,500,2011/06/22
450,550,500,2011/06/23
450,550,500,2011/06/24
450,550,500,2011/06/25
450,550,500,2011/06/28
450,550,500,2011/06/29
450,550,500,2011/06/30
450,550,500,2011/07/01
450,550,500,2011/07/02
450,550,500,2011/07/04
450,550,500,2011/07/05
450,550,500,2011/07/06
450,550,500,2011/07/07
450,550,500,2011/07/08
450,550,500,2011/07/09
450,550,500,2011/07/11
450,550,500,2011/07/12
450,550,500,2011/07/13
450,550,500,2011/07/14
450,560,505,2011/07/15
450,550,500,2011/07/16
450,560,510,2011/07/18
450,550,500,2011/07/19
450,550,500,2011/07/20
450,550,500,2011/07/21
450,550,500,2011/07/22
450,550,500,2011/07/23
450,550,500,2011/07/26
450,550,500,2011/07/27
450,450,450,2011/07/28
450,550,500,2011/07/29
450,550,500,2011/08/01
450,550,500,2011/08/02
450,550,500,2011/08/03
450,550,500,2011/08/19
450,550,500,2011/08/20
450,550,500,2011/08/22
450,550,500,2011/08/23
450,550,500,2011/08/24
450,550,500,2011/08/25
450,550,500,2011/08/26
450,550,500,2011/08/27
450,550,500,2011/08/29
450,550,500,2011/08/30
450,550,500,2011/09/01
450,550,500,2011/09/02
450,550,500,2011/09/03
450,550,500,2011/09/05
450,550,500,2011/09/06
450,550,500,2011/09/07
450,550,500,2011/09/08
450,550,500,2011/09/09
450,550,500,2011/09/10
450,550,500,2011/09/12
450,550,500,2011/09/13
450,550,500,2011/09/14
450,550,500,2011/09/15
450,550,500,2011/09/16
450,550,500,2011/09/17
450,550,500,2011/09/19
450,550,500,2011/09/20
450,550,500,2011/09/21
450,550,500,2011/09/22
450,500,475,2011/09/23
450,550,500,2011/09/24
450,550,500,2011/09/26
450,550,500,2011/09/27
450,550,500,2011/09/28
450,550,500,2011/09/30
450,550,500,2011/10/01
450,550,500,2011/10/03
450,550,500,2011/10/04
450,550,500,2011/10/05
450,550,500,2011/10/07
450,550,500,2011/10/10
450,550,500,2011/10/11
450,550,500,2011/10/12
450,500,475,2011/10/13
450,550,500,2011/10/14
450,550,500,2011/10/15
450,550,500,2011/10/17
450,550,500,2011/10/18
450,550,500,2011/10/19
450,450,450,2011/10/20
450,550,500,2011/10/21
450,550,500,2011/10/22
450,550,500,2011/10/25
450,550,500,2011/10/28
450,550,500,2011/10/29
450,550,500,2011/10/31
450,550,500,2011/11/01
450,550,500,2011/11/02
450,550,500,2011/11/03
450,550,500,2011/11/04
450,550,500,2011/11/05
450,550,500,2011/11/08
450,550,500,2011/11/21
450,550,500,2011/11/22
450,550,500,2011/11/23
450,550,500,2011/11/25
450,550,500,2011/11/26
450,550,500,2011/11/28
450,550,500,2011/11/29
450,550,500,2011/11/30
450,550,500,2011/12/01
450,550,500,2011/12/02
450,550,500,2011/12/03
450,550,500,2011/12/05
450,550,500,2011/12/06
450,550,500,2011/12/07
450,550,500,2011/12/08
450,550,500,2011/12/09
450,550,500,2011/12/10
450,550,500,2011/12/12
450,550,500,2011/12/13
450,550,500,2011/12/14
450,550,500,2011/12/15
450,550,500,2011/12/16
450,550,500,2011/12/17
450,550,500,2011/12/19
450,550,500,2011/12/20
450,550,500,2011/12/21
450,550,500,2011/12/22
450,500,475,2011/12/23
450,540,500,2011/12/24
450,550,500,2011/12/26
450,550,500,2011/12/27
450,550,500,2011/12/28
450,550,500,2011/12/29
450,550,500,2011/12/30
450,550,500,2011/12/31
450,550,500,2012/01/02
450,550,500,2012/01/03
450,550,500,2012/01/16
450,550,500,2012/01/18
450,550,500,2012/01/19
450,550,500,2012/01/20
450,550,500,2012/01/21
450,550,500,2012/01/23
450,550,500,2012/01/24
450,550,500,2012/01/25
450,550,500,2012/01/27
450,550,500,2012/01/28
450,550,500,2012/01/30
450,550,500,2012/01/31
450,550,500,2012/02/01
450,550,500,2012/02/02
450,550,500,2012/02/03
450,550,500,2012/02/04
450,550,500,2012/02/06
450,550,500,2012/02/07
450,550,500,2012/02/08
450,550,500,2012/02/10
450,550,500,2012/02/11
450,550,500,2012/02/13
450,550,500,2012/02/14
450,550,500,2012/02/15
450,550,500,2012/02/17
450,550,500,2012/02/18
450,550,500,2012/02/20
450,550,500,2012/02/21
450,550,500,2012/02/23
450,550,500,2012/02/24
450,550,500,2012/02/25
450,550,500,2012/02/27
450,550,500,2012/02/28
450,550,500,2012/02/29
450,550,500,2012/03/01
450,550,500,2012/03/03
450,550,500,2012/03/05
450,550,500,2012/03/06
450,550,500,2012/03/07
450,550,500,2012/03/09
450,550,500,2012/03/10
450,550,500,2012/03/12
450,550,500,2012/03/13
450,550,500,2012/03/14
450,550,500,2012/03/15
450,550,500,2012/03/20
450,550,500,2012/03/21
450,550,500,2012/03/22
450,550,500,2012/03/23
450,550,500,2012/03/24
450,550,500,2012/03/26
450,550,500,2012/03/27
450,550,500,2012/03/28
450,550,500,2012/03/29
450,550,500,2012/03/30
450,550,500,2012/03/31
450,550,500,2012/04/02
450,550,500,2012/04/03
450,550,500,2012/04/04
450,550,500,2012/04/05
450,550,500,2012/04/06
450,550,500,2012/04/07
450,550,500,2012/04/09
450,550,500,2012/04/10
450,550,500,2012/04/11
450,550,500,2012/04/12
450,550,500,2012/04/13
450,550,500,2012/04/14
450,550,500,2012/04/16
450,550,500,2012/04/17
450,550,500,2012/04/18
450,550,500,2012/04/19
450,550,500,2012/04/21
450,550,500,2012/04/23
450,550,500,2012/04/24
450,550,500,2012/04/25
450,550,500,2012/04/26
450,550,500,2012/04/27
450,550,500,2012/04/28
450,550,500,2012/04/30
450,550,500,2012/05/02
450,550,500,2012/05/03
450,550,500,2012/05/04
450,550,500,2012/05/05
450,550,500,2012/05/07
450,550,500,2012/05/08
450,550,500,2012/05/09
450,550,500,2012/05/10
450,550,500,2012/05/11
450,550,500,2012/05/12
450,550,500,2012/05/14
450,550,500,2012/05/15
450,550,500,2012/05/16
450,550,500,2012/05/17
450,550,500,2012/05/18
450,550,500,2012/05/19
450,550,500,2012/05/21
450,550,500,2012/05/22
450,550,500,2012/05/23
450,550,500,2012/05/24
450,550,500,2012/05/25
450,550,500,2012/05/26
450,550,500,2012/05/28
450,550,500,2012/05/29
450,550,500,2012/05/30
450,550,500,2012/05/31
450,550,500,2012/06/01
450,550,500,2012/06/02
450,550,500,2012/06/04
450,550,500,2012/06/05
450,550,500,2012/06/06
450,550,500,2012/06/07
450,550,500,2012/06/08
450,550,500,2012/06/09
450,550,500,2012/06/12
450,550,500,2012/06/14
450,550,500,2012/06/15
450,550,500,2012/06/16
450,550,500,2012/06/18
450,550,500,2012/06/19
450,550,500,2012/06/20
450,550,500,2012/06/21
450,550,500,2012/06/22
450,550,500,2012/06/23
450,550,500,2012/06/25
450,550,500,2012/06/26
450,550,500,2012/06/27
450,550,500,2012/06/28
450,550,500,2012/06/29
450,550,500,2012/06/30
450,550,500,2012/07/02
450,550,500,2012/07/03
450,550,500,2012/07/04
450,550,500,2012/07/05
450,550,500,2012/07/06
450,550,500,2012/07/07
450,550,500,2012/07/09
450,550,500,2012/07/10
450,550,500,2012/07/11
450,550,500,2012/07/12
450,550,500,2012/07/13
450,550,500,2012/07/14
450,550,500,2012/07/16
450,550,500,2012/07/17
450,550,500,2012/07/19
450,550,500,2012/07/20
450,550,500,2012/07/21
450,550,500,2012/07/23
450,550,500,2012/07/24
450,550,500,2012/07/25
450,550,500,2012/07/26
450,550,500,2012/08/06
450,550,500,2012/08/07
450,550,500,2012/08/08
450,550,500,2012/08/09
450,550,500,2012/08/10
450,550,500,2012/08/11
450,550,500,2012/08/13
450,550,500,2012/08/16
450,550,500,2012/08/17
450,550,500,2012/08/18
450,550,500,2012/08/21
450,550,500,2012/08/22
450,550,500,2012/08/23
450,550,500,2012/08/24
450,550,500,2012/08/25
450,550,500,2012/08/27
450,550,500,2012/08/28
450,550,500,2012/08/29
450,550,500,2012/08/30
450,550,500,2012/09/01
450,550,500,2012/09/03
450,550,500,2012/09/04
450,550,500,2012/09/05
450,550,500,2012/09/06
450,550,500,2012/09/07
450,550,500,2012/09/08
450,550,500,2012/09/10
450,550,500,2012/09/11
450,550,500,2012/09/12
450,550,500,2012/09/13
450,550,500,2012/09/14
450,500,500,2012/09/15
450,550,500,2012/09/17
450,550,500,2012/09/18
450,550,500,2012/09/19
450,550,500,2012/09/20
450,550,500,2012/09/21
450,550,500,2012/09/22
450,550,500,2012/09/24
450,550,500,2012/09/25
450,550,500,2012/09/26
450,550,500,2012/09/27
450,550,500,2012/09/28
450,550,500,2012/09/29
450,550,500,2012/10/01
450,550,500,2012/10/02
450,550,500,2012/10/03
450,550,500,2012/10/04
450,550,500,2012/10/05
450,550,500,2012/10/06
450,550,500,2012/10/08
450,550,500,2012/10/09
450,550,500,2012/10/10
450,550,500,2012/10/11
450,550,500,2012/10/12
450,550,500,2012/10/13
450,550,500,2012/10/15
450,550,500,2012/10/16
450,550,500,2012/10/17
450,550,500,2012/10/18
450,550,500,2012/10/19
450,550,500,2012/10/20
450,550,500,2012/10/22
450,550,500,2012/10/23
450,550,500,2012/10/26
450,550,500,2012/10/27
450,550,500,2012/10/29
450,550,500,2012/10/30
450,550,500,2012/10/31
450,550,500,2012/11/01
450,550,500,2012/11/02
450,550,500,2012/11/03
450,550,500,2012/11/05
450,550,500,2012/11/06
450,550,500,2012/11/07
450,550,500,2012/11/08
450,550,500,2012/11/09
450,550,500,2012/11/11
450,550,500,2012/11/12
450,550,500,2012/11/15
450,550,500,2012/11/16
450,550,500,2012/11/17
450,550,500,2012/11/19
450,550,500,2012/11/20
450,550,500,2012/11/21
450,550,500,2012/11/22
450,550,500,2012/11/23
450,550,500,2012/11/24
450,550,500,2012/11/26
450,550,500,2012/11/27
450,550,500,2012/11/28
450,550,500,2012/11/29
450,550,500,2012/11/30
450,550,500,2012/12/03
450,550,500,2012/12/04
450,550,500,2012/12/05
450,550,500,2012/12/06
450,550,500,2012/12/07
450,550,500,2012/12/08
450,550,500,2012/12/10
450,550,500,2012/12/11
450,550,500,2012/12/12
450,550,500,2012/12/13
450,550,500,2012/12/14
450,550,500,2012/12/15
450,550,500,2012/12/17
450,550,500,2012/12/18
450,550,500,2012/12/20
450,550,500,2012/12/21
450,550,500,2012/12/22
450,550,500,2012/12/24
450,550,500,2012/12/25
450,550,500,2012/12/26
450,550,500,2012/12/27
450,550,500,2012/12/28
450,550,500,2012/12/29
450,550,500,2012/12/31
450,550,500,2013/01/01
450,550,500,2013/01/02
450,550,500,2013/01/03
450,550,500,2013/01/04
450,550,500,2013/01/05
450,550,500,2013/01/07
450,550,500,2013/01/08
450,550,500,2013/01/09
450,550,500,2013/01/10
450,550,500,2013/01/11
450,550,500,2013/01/12
450,550,500,2013/01/14
450,550,500,2013/01/15
450,550,500,2013/01/17
450,550,500,2013/01/18
450,550,500,2013/01/19
450,550,500,2013/01/21
450,550,500,2013/01/22
450,550,500,2013/01/23
450,550,500,2013/01/24
450,550,500,2013/01/28
450,550,500,2013/01/30
450,550,500,2013/01/31
450,550,500,2013/02/01
450,550,500,2013/02/02
450,550,500,2013/02/14
450,550,500,2013/02/15
450,550,500,2013/02/16
450,550,500,2013/02/18
450,550,500,2013/02/19
450,550,500,2013/02/20
450,550,500,2013/02/21
450,550,500,2013/02/23
450,550,500,2013/02/25
450,550,500,2013/02/26
450,550,500,2013/02/27
450,550,500,2013/03/09
450,550,500,2013/03/11
450,550,500,2013/03/12
450,550,500,2013/03/13
450,550,500,2013/03/14
450,550,500,2013/03/15
450,550,500,2013/03/16
450,550,500,2013/03/18
450,550,500,2013/03/19
450,550,500,2013/03/21
450,550,500,2013/03/22
450,550,500,2013/03/23
450,550,500,2013/03/25
450,550,500,2013/03/26
450,550,500,2013/03/29
450,550,500,2013/03/30
450,550,500,2013/04/01
450,550,500,2013/04/02
450,550,500,2013/04/03
450,550,500,2013/04/04
450,550,500,2013/04/05
450,550,500,2013/04/09
450,550,500,2013/04/10
450,550,500,2013/04/11
450,550,500,2013/04/12
450,550,500,2013/04/13
450,550,500,2013/04/16
450,550,500,2013/04/17
450,550,500,2013/04/18
450,550,500,2013/04/19
450,550,500,2013/04/20
450,550,500,2013/05/02
450,550,500,2013/05/03
450,550,500,2013/05/04
450,550,500,2013/05/06
450,550,500,2013/05/07
450,550,500,2013/06/05
450,550,500,2013/06/06
450,550,500,2013/06/07
450,550,500,2013/06/08
450,550,500,2013/06/10
450,550,500,2013/06/11
450,550,500,2013/06/12
450,550,500,2013/06/13
450,550,500,2013/06/14
450,550,500,2013/06/15
450,550,500,2013/06/17
450,550,500,2013/06/18
450,550,500,2013/06/29
450,550,500,2013/07/01
450,550,500,2013/07/02
450,550,500,2013/07/03
450,550,500,2013/07/04
450,550,500,2013/07/05
450,550,500,2013/07/06
450,550,500,2013/07/08
450,550,500,2013/07/09
450,550,500,2013/07/10
450,550,500,2013/07/14
450,550,500,2013/07/15
450,550,500,2013/07/16
450,550,500,2013/07/17
450,550,500,2013/07/18
450,550,500,2013/07/19
450,550,500,2013/07/20
450,550,500,2013/07/22
450,550,500,2013/07/23
450,550,500,2013/07/24
450,550,500,2013/07/25
450,550,500,2013/07/26
450,550,500,2013/07/27
450,550,500,2013/07/29
450,550,500,2013/07/30
450,550,500,2013/07/31
450,550,500,2013/08/01
450,550,500,2013/08/02
450,550,500,2013/10/08
450,550,500,2013/10/09
450,550,500,2013/10/10
450,550,500,2013/10/15
450,550,500,2013/10/17
450,550,500,2013/10/21
450,550,500,2013/10/22
450,550,500,2013/10/23
450,550,500,2013/10/24
450,550,500,2013/10/25
450,550,500,2013/10/26
450,550,500,2013/10/28
450,550,500,2013/10/29
450,550,500,2013/10/30
450,550,500,2013/10/31
450,550,500,2013/11/01
450,550,500,2013/11/02
450,550,500,2013/11/05
450,550,500,2013/11/06
450,550,500,2013/11/07
450,550,500,2013/11/08
450,5550,500,2013/11/09
450,550,500,2013/11/11
450,550,500,2013/11/12
450,550,500,2013/11/13
450,550,500,2013/11/14
450,550,500,2013/11/15
450,550,500,2013/11/16
450,550,500,2013/11/18
450,550,500,2013/11/19
450,550,500,2013/11/20
450,550,500,2013/11/21
450,550,500,2013/11/22
450,550,500,2013/11/23
450,550,500,2013/11/30
450,550,500,2013/12/02
450,550,500,2013/12/03
450,550,500,2013/12/04
450,550,500,2013/12/05
450,550,500,2013/12/06
450,550,500,2013/12/14
450,550,500,2013/12/24
450,550,500,2013/12/25
450,550,500,2013/12/26
450,550,500,2013/12/28
450,550,500,2013/12/30
450,550,500,2014/01/01
450,550,500,2014/01/02
450,550,500,2014/01/03
450,550,500,2014/01/04
450,550,500,2014/01/06
450,550,500,2014/01/07
450,550,500,2014/01/08
450,550,500,2014/01/09
450,550,500,2014/01/13
450,550,500,2014/01/15
450,550,500,2014/01/16
450,550,500,2014/01/17
450,550,500,2014/01/18
450,550,500,2014/01/20
450,550,500,2014/01/21
450,550,500,2014/01/22
450,550,500,2014/01/23
450,550,500,2014/01/25
450,550,500,2014/01/27
450,550,500,2014/01/28
450,550,500,2014/01/29
450,550,500,2014/01/30
450,550,500,2014/01/31
450,550,500,2014/02/01
450,550,500,2014/02/03
450,550,500,2014/02/04
450,550,500,2014/02/05
450,550,500,2014/02/06
450,550,500,2014/02/07
450,550,500,2014/02/08
450,550,500,2014/02/10
450,550,500,2014/02/11
450,550,500,2014/02/12
450,550,500,2014/02/13
450,550,500,2014/02/14
450,550,500,2014/02/15
450,550,500,2014/02/17
450,550,500,2014/02/18
450,550,500,2014/02/19
450,550,500,2014/02/21
450,550,500,2014/02/22
450,550,500,2014/02/24
450,550,500,2014/02/25
450,550,500,2014/02/26
450,550,500,2014/03/01
450,550,500,2014/03/03
450,550,500,2014/03/05
450,550,500,2014/03/06
450,550,500,2014/03/07
450,550,500,2014/03/08
450,550,500,2014/03/10
450,550,500,2014/03/11
450,550,500,2014/03/12
450,550,500,2014/03/14
450,550,500,2014/03/15
450,550,500,2014/03/19
450,550,500,2014/03/20
450,550,500,2014/03/21
450,550,500,2014/03/24
450,550,500,2014/03/25
450,550,500,2014/03/26
450,550,500,2014/03/27
450,550,500,2014/03/28
450,550,500,2014/03/29
450,550,500,2014/04/01
450,550,500,2014/04/02
450,550,500,2014/04/03
450,550,500,2014/04/04
450,550,500,2014/04/05
450,550,500,2014/04/07
450,550,500,2014/04/08
450,550,500,2014/04/11
450,550,500,2014/04/12
450,550,500,2014/04/14
450,550,500,2014/04/15
450,550,500,2014/04/16
450,550,500,2014/04/17
450,550,500,2014/04/24
450,550,500,2014/04/25
450,550,500,2014/04/26
450,550,500,2014/04/28
450,550,500,2014/04/29
450,550,500,2014/04/30
450,550,500,2014/05/02
450,550,500,2014/05/05
450,550,500,2014/05/06
450,550,500,2014/05/07
450,550,500,2014/05/09
450,550,500,2014/05/10
450,550,500,2014/05/17
450,550,500,2014/05/19
450,550,500,2014/05/20
450,550,500,2014/05/21
450,550,500,2014/05/23
450,550,500,2014/05/24
450,550,500,2014/05/26
450,550,500,2014/05/27
450,550,500,2014/05/28
450,550,500,2014/05/29
450,550,500,2014/05/31
450,550,500,2014/06/02
450,550,500,2014/06/03
450,550,500,2014/06/04
450,550,500,2014/06/05
450,550,500,2014/06/06
450,550,500,2014/06/07
450,550,500,2014/06/09
450,550,500,2014/06/10
450,550,500,2014/06/11
450,550,500,2014/06/12
450,550,500,2014/06/13
450,550,500,2014/06/14
450,550,500,2014/06/16
450,550,500,2014/06/17
450,550,500,2014/06/18
450,550,500,2014/06/19
450,550,500,2014/06/20
450,550,500,2014/06/21
450,550,500,2014/06/23
450,550,500,2014/06/24
450,550,500,2014/06/25
450,550,500,2014/06/26
450,550,500,2014/06/27
450,550,500,2014/06/28
450,550,500,2014/06/30
450,550,500,2014/07/01
450,550,500,2014/07/02
450,550,500,2014/07/03
450,550,500,2014/07/05
450,550,500,2014/07/07
450,550,500,2014/07/08
450,550,500,2014/07/09
450,550,500,2014/07/10
450,550,500,2014/07/11
450,550,500,2014/07/12
450,550,500,2014/07/14
450,550,500,2014/07/15
450,550,500,2014/07/16
450,550,500,2014/07/17
450,550,500,2014/07/18
450,550,500,2014/07/19
450,550,500,2014/07/21
450,550,500,2014/07/22
450,550,500,2014/07/23
450,550,500,2014/07/24
450,550,500,2014/07/25
450,550,500,2014/07/26
450,550,500,2014/07/28
450,550,500,2014/07/30
450,550,500,2014/07/31
450,550,500,2014/08/02
450,550,500,2014/08/04
450,550,500,2014/08/05
450,550,500,2014/08/06
450,550,500,2014/08/07
450,550,500,2014/08/08
450,550,500,2014/08/09
450,550,500,2014/08/11
450,550,500,2014/08/12
450,550,500,2014/08/13
450,500,500,2014/08/14
450,550,500,2014/08/16
450,550,500,2014/08/18
450,550,500,2014/08/19
450,550,500,2014/08/20
450,550,500,2014/08/21
450,550,500,2014/08/22
450,550,500,2014/08/23
450,550,500,2014/08/25
450,550,500,2014/08/26
450,550,500,2014/08/27
450,550,500,2014/08/28
450,550,500,2014/08/29
450,550,500,2014/08/30
450,550,500,2014/09/01
450,550,500,2014/09/02
450,550,500,2014/09/03
450,550,500,2014/09/04
450,550,500,2014/09/05
450,550,500,2014/09/06
450,550,500,2014/09/08
450,550,500,2014/09/09
450,550,500,2014/09/10
450,550,500,2014/09/11
450,550,500,2014/09/12
450,550,500,2014/09/13
450,500,475,2014/09/15
450,550,500,2014/09/16
450,550,500,2014/09/17
450,550,500,2014/09/18
450,550,500,2014/09/19
450,550,500,2014/09/20
450,550,500,2014/09/22
450,550,500,2014/09/23
450,550,500,2014/09/24
450,550,500,2014/09/25
450,550,500,2014/09/26
450,550,500,2014/09/27
450,550,500,2014/09/29
450,550,500,2014/09/30
450,550,500,2014/10/01
450,550,500,2014/10/02
450,550,500,2014/10/04
450,550,500,2014/10/08
450,550,500,2014/10/09
450,550,500,2014/10/10
450,550,500,2014/10/11
450,550,500,2014/10/13
450,550,500,2014/10/14
450,550,500,2014/10/16
450,550,500,2014/10/17
450,550,500,2014/10/18
450,550,500,2014/10/20
450,550,500,2014/10/21
450,550,500,2014/10/22
450,550,500,2014/10/25
450,550,500,2014/10/27
450,550,500,2014/10/28
450,550,500,2014/10/29
450,550,500,2014/10/30
450,550,500,2014/10/31
450,550,500,2014/11/01
450,550,500,2014/11/03
450,550,500,2014/11/04
450,550,500,2014/11/05
450,550,500,2014/11/07
450,550,500,2014/11/08
450,550,500,2014/11/10
450,550,500,2014/11/11
450,550,500,2014/11/12
450,550,500,2014/11/13
450,550,500,2014/11/14
450,550,500,2014/11/15
450,550,500,2014/11/17
450,550,500,2014/11/18
450,550,500,2014/11/19
450,550,500,2014/11/20
450,550,500,2014/11/21
450,550,500,2014/11/22
450,550,500,2014/11/24
450,550,500,2014/11/25
450,550,500,2014/11/26
450,550,500,2014/11/27
450,550,500,2014/11/28
450,550,500,2014/11/29
450,550,500,2014/12/01
450,550,500,2014/12/02
450,550,500,2014/12/03
450,550,500,2014/12/04
450,550,500,2014/12/05
450,550,500,2014/12/06
450,550,500,2014/12/08
450,550,500,2014/12/09
450,550,500,2014/12/10
450,550,500,2014/12/11
450,550,500,2014/12/12
450,550,500,2014/12/13
450,550,500,2014/12/15
450,550,500,2014/12/16
450,550,500,2014/12/17
450,550,500,2014/12/18
450,550,500,2014/12/19
450,550,500,2014/12/20
450,550,500,2014/12/22
450,550,500,2014/12/23
450,550,500,2014/12/24
450,550,500,2014/12/25
450,550,500,2014/12/26
450,550,500,2014/12/27
450,550,500,2014/12/29
450,550,500,2014/12/30
450,550,500,2014/12/31
450,550,500,2015/01/01
450,550,500,2015/01/02
450,550,500,2015/01/03
450,550,500,2015/01/05
450,550,500,2015/01/06
450,550,500,2015/01/07
450,550,500,2015/01/08
450,550,500,2015/01/09
450,550,500,2015/01/10
450,550,500,2015/01/12
450,550,500,2015/01/12
450,550,500,2015/01/13
450,550,500,2015/01/13
450,550,500,2015/01/14
450,550,500,2015/01/14
450,550,500,2015/01/15
450,550,500,2015/01/15
450,550,500,2015/01/16
450,550,500,2015/01/16
450,550,500,2015/01/17
450,550,500,2015/01/17
450,550,500,2015/01/19
450,550,500,2015/01/20
450,550,500,2015/01/21
450,550,500,2015/01/22
450,550,500,2015/01/23
450,550,500,2015/01/24
450,550,500,2015/01/27
450,550,500,2015/01/28
450,550,500,2015/01/29
450,550,500,2015/01/30
450,550,500,2015/01/31
450,550,500,2015/02/02
450,550,500,2015/02/03
450,550,500,2015/02/04
450,550,500,2015/02/05
450,550,500,2015/02/06
450,550,500,2015/02/07
450,550,500,2015/02/09
450,550,500,2015/02/10
450,550,500,2015/02/11
450,550,500,2015/02/12
450,550,500,2015/02/13
450,550,500,2015/02/14
450,550,500,2015/02/16
450,550,500,2015/02/17
450,550,500,2015/02/18
450,550,500,2015/02/23
450,550,500,2015/02/25
450,550,500,2015/02/27
450,550,500,2015/02/28
450,550,500,2015/03/02
450,550,500,2015/03/03
450,550,500,2015/03/04
450,550,500,2015/03/05
450,550,500,2015/03/07
450,550,500,2015/03/09
450,550,500,2015/03/10
450,550,500,2015/03/11
450,550,500,2015/03/12
450,550,500,2015/03/13
450,550,500,2015/03/14
450,550,500,2015/03/16
450,550,500,2015/03/17
450,550,500,2015/03/18
450,550,500,2015/03/19
450,550,500,2015/03/20
450,550,500,2015/03/21
450,550,500,2015/03/23
450,550,500,2015/03/24
450,550,500,2015/03/25
450,550,500,2015/03/26
450,550,500,2015/03/27
450,550,500,2015/03/28
450,550,500,2015/03/30
450,550,500,2015/03/31
450,550,500,2015/04/01
450,550,500,2015/04/02
450,550,500,2015/04/03
450,550,500,2015/04/04
450,550,500,2015/04/06
450,550,500,2015/04/07
450,550,500,2015/04/08
450,550,500,2015/04/09
450,550,500,2015/04/10
450,550,500,2015/04/11
450,550,500,2015/04/13
450,550,500,2015/04/14
450,550,500,2015/04/15
450,550,500,2015/04/16
450,550,500,2015/04/17
450,550,500,2015/04/18
450,550,500,2015/04/20
450,550,500,2015/04/21
450,550,500,2015/04/22
450,550,500,2015/04/23
450,550,500,2015/04/24
450,550,500,2015/04/25
450,550,500,2015/04/27
450,550,500,2015/04/28
450,550,500,2015/04/29
450,550,500,2015/04/30
450,550,500,2015/05/02
450,550,500,2015/05/05
450,550,500,2015/05/06
450,550,500,2015/05/07
450,550,500,2015/05/08
450,550,500,2015/05/09
450,550,500,2015/05/11
450,550,500,2015/05/12
450,550,500,2015/05/13
450,550,500,2015/05/14
450,550,500,2015/05/15
450,550,500,2015/05/16
450,550,500,2015/05/18
450,550,500,2015/05/19
450,550,500,2015/05/20
450,550,500,2015/05/21
450,550,500,2015/05/22
450,550,500,2015/05/25
450,550,500,2015/05/26
450,550,500,2015/05/27
450,550,500,2015/05/28
450,550,500,2015/05/29
450,550,500,2015/05/30
450,550,500,2015/06/01
450,550,500,2015/06/02
450,550,500,2015/06/03
450,550,500,2015/06/04
450,550,500,2015/06/05
450,550,500,2015/06/06
450,550,500,2015/06/08
450,550,500,2015/06/09
450,550,500,2015/06/10
450,550,500,2015/06/11
450,550,500,2015/06/12
450,550,500,2015/06/13
450,550,500,2015/06/15
450,550,500,2015/06/16
450,550,500,2015/06/17
450,550,525,2015/06/18
450,550,525,2015/06/19
450,550,525,2015/06/20
450,550,525,2015/06/22
450,550,525,2015/06/23
450,550,525,2015/06/24
450,550,525,2015/06/25
450,550,525,2015/06/26
450,550,525,2015/06/27
450,550,525,2015/06/29
450,550,525,2015/06/30
450,550,525,2015/07/01
450,550,525,2015/07/02
450,550,525,2015/07/03
450,550,525,2015/07/04
450,550,525,2015/07/06
450,550,525,2015/07/07
450,550,525,2015/07/08
450,550,525,2015/07/09
450,550,525,2015/07/10
450,550,525,2015/07/11
450,550,525,2015/07/13
450,550,525,2015/07/14
450,550,525,2015/07/15
450,550,525,2015/07/16
450,550,525,2015/07/17
450,550,525,2015/07/18
450,550,525,2015/07/20
450,550,525,2015/07/21
450,550,525,2015/07/22
450,550,525,2015/07/23
450,550,525,2015/07/24
450,550,525,2015/07/25
450,550,525,2015/07/27
450,550,525,2015/07/28
450,550,525,2015/07/29
450,550,525,2015/07/30
450,550,525,2015/07/31
450,550,525,2015/08/01
450,550,525,2015/08/03
450,550,525,2015/08/04
450,550,525,2015/08/05
450,550,525,2015/08/06
450,550,525,2015/08/07
450,550,525,2015/08/08
450,550,525,2015/08/10
450,550,525,2015/08/11
450,550,525,2015/08/12
450,550,525,2015/08/13
450,550,525,2015/08/14
450,550,525,2015/08/17
450,550,525,2015/08/18
450,550,525,2015/08/19
450,550,525,2015/08/20
450,550,525,2015/08/21
450,550,525,2015/08/22
450,550,525,2015/08/24
450,550,525,2015/08/25
450,550,525,2015/08/26
450,550,525,2015/08/27
450,550,525,2015/08/28
450,550,525,2015/08/29
450,550,525,2015/08/31
450,550,525,2015/09/01
450,550,525,2015/09/02
450,550,525,2015/09/03
450,550,525,2015/09/04
450,550,525,2015/09/05
450,550,525,2015/09/07
450,550,525,2015/09/08
450,550,525,2015/09/09
450,550,525,2015/09/10
450,550,525,2015/09/11
450,550,525,2015/09/12
450,550,525,2015/09/14
450,550,525,2015/09/15
450,550,525,2015/09/16
450,5500,525,2015/09/17
450,550,525,2015/09/18
450,550,525,2015/09/19
450,550,525,2015/09/21
450,550,525,2015/09/22
450,550,525,2015/09/23
450,550,525,2015/09/24
450,550,525,2015/09/25
450,550,525,2015/09/26
450,550,525,2015/09/28
450,550,525,2015/09/29
450,550,525,2015/09/30
450,550,525,2015/10/02
450,550,525,2015/10/03
450,550,525,2015/10/05
450,550,525,2015/10/06
450,550,525,2015/10/07
450,550,525,2015/10/08
450,550,525,2015/10/09
450,550,525,2015/10/10
450,550,525,2015/10/12
450,550,525,2015/10/13
450,550,525,2015/10/14
450,550,525,2015/10/15
450,550,525,2015/10/16
450,550,525,2015/10/17
450,550,525,2015/10/19
450,550,525,2015/10/20
450,550,525,2015/10/21
450,550,525,2015/10/23
450,550,525,2015/10/26
450,550,525,2015/10/27
450,550,525,2015/10/28
450,550,525,2015/10/29
450,550,525,2015/10/30
450,550,525,2015/10/31
450,550,525,2015/11/02
450,550,525,2015/11/03
450,550,525,2015/11/04
450,550,525,2015/11/05
450,550,525,2015/11/06
450,550,525,2015/11/07
450,550,525,2015/11/09
450,550,525,2015/11/10
450,550,525,2015/11/12
450,550,525,2015/11/13
450,550,525,2015/11/14
450,550,525,2015/11/16
450,550,525,2015/11/17
450,550,525,2015/11/18
450,550,525,2015/11/19
450,550,525,2015/11/20
450,550,525,2015/11/21
450,550,525,2015/11/23
450,550,525,2015/11/24
450,550,525,2015/11/25
450,550,525,2015/11/27
450,550,525,2015/11/28
450,550,525,2015/11/30
