"","Date","PetrolPrice"
"973",2005-01-01,43.23
"974",2005-01-02,43.23
"975",2005-01-03,43.23
"976",2005-01-04,43.23
"977",2005-01-05,43.23
"978",2005-01-06,43.23
"979",2005-01-07,43.23
"980",2005-01-08,43.23
"981",2005-01-09,43.23
"982",2005-01-10,43.23
"983",2005-01-11,43.23
"984",2005-01-12,43.23
"985",2005-01-13,43.23
"986",2005-01-14,43.23
"987",2005-01-15,43.23
"988",2005-01-16,43.23
"989",2005-01-17,43.23
"990",2005-01-18,43.23
"991",2005-01-19,43.23
"992",2005-01-20,43.23
"993",2005-01-21,43.23
"994",2005-01-22,43.23
"995",2005-01-23,43.23
"996",2005-01-24,43.23
"997",2005-01-25,43.23
"998",2005-01-26,43.23
"999",2005-01-27,43.23
"1000",2005-01-28,43.23
"1001",2005-01-29,43.23
"1002",2005-01-30,43.23
"1003",2005-01-31,43.23
"1004",2005-02-01,43.23
"1005",2005-02-02,43.23
"1006",2005-02-03,43.23
"1007",2005-02-04,43.23
"1008",2005-02-05,43.23
"1009",2005-02-06,43.23
"1010",2005-02-07,43.23
"1011",2005-02-08,43.23
"1012",2005-02-09,43.23
"1013",2005-02-10,43.23
"1014",2005-02-11,43.23
"1015",2005-02-12,43.23
"1016",2005-02-13,43.23
"1017",2005-02-14,43.23
"1018",2005-02-15,43.23
"1019",2005-02-16,43.23
"1020",2005-02-17,43.23
"1021",2005-02-18,43.23
"1022",2005-02-19,43.23
"1023",2005-02-20,43.23
"1024",2005-02-21,43.23
"1025",2005-02-22,43.23
"1026",2005-02-23,43.23
"1027",2005-02-24,43.23
"1028",2005-02-25,43.23
"1029",2005-02-26,43.23
"1030",2005-02-27,43.23
"1031",2005-02-28,43.23
"1032",2005-03-01,43.23
"1033",2005-03-02,43.23
"1034",2005-03-03,43.23
"1035",2005-03-04,43.23
"1036",2005-03-05,43.23
"1037",2005-03-06,43.23
"1038",2005-03-07,43.23
"1039",2005-03-08,43.23
"1040",2005-03-09,43.23
"1041",2005-03-10,43.23
"1042",2005-03-11,43.23
"1043",2005-03-12,43.23
"1044",2005-03-13,43.23
"1045",2005-03-14,43.23
"1046",2005-03-15,43.23
"1047",2005-03-16,43.23
"1048",2005-03-17,43.23
"1049",2005-03-18,43.23
"1050",2005-03-19,43.23
"1051",2005-03-20,43.23
"1052",2005-03-21,43.23
"1053",2005-03-22,43.23
"1054",2005-03-23,43.23
"1055",2005-03-24,43.23
"1056",2005-03-25,43.23
"1057",2005-03-26,43.23
"1058",2005-03-27,43.23
"1059",2005-03-28,43.23
"1060",2005-03-29,43.23
"1061",2005-03-30,43.23
"1062",2005-03-31,43.23
"1063",2005-04-01,43.23
"1064",2005-04-01,43.23
"1065",2005-04-02,43.23
"1066",2005-04-03,43.23
"1067",2005-04-04,43.23
"1068",2005-04-05,43.23
"1069",2005-04-05,43.23
"1070",2005-04-06,43.23
"1071",2005-04-07,43.23
"1072",2005-04-08,43.23
"1073",2005-04-09,43.23
"1074",2005-04-10,43.23
"1075",2005-04-11,43.23
"1076",2005-04-12,43.23
"1077",2005-04-13,43.23
"1078",2005-04-14,43.23
"1079",2005-04-15,43.23
"1080",2005-04-16,43.23
"1081",2005-04-17,43.23
"1082",2005-04-18,43.23
"1083",2005-04-19,43.23
"1084",2005-04-20,43.23
"1085",2005-04-21,43.23
"1086",2005-04-22,43.23
"1087",2005-04-23,43.23
"1088",2005-04-24,43.23
"1089",2005-04-25,43.23
"1090",2005-04-26,43.23
"1091",2005-04-27,43.23
"1092",2005-04-28,43.23
"1093",2005-04-29,43.23
"1094",2005-04-30,43.23
"1095",2005-05-01,43.23
"1096",2005-05-02,43.23
"1097",2005-05-03,43.23
"1098",2005-05-04,43.23
"1099",2005-05-05,43.23
"1100",2005-05-06,43.23
"1101",2005-05-07,43.23
"1102",2005-05-08,43.23
"1103",2005-05-09,43.23
"1104",2005-05-10,43.23
"1105",2005-05-11,43.23
"1106",2005-05-12,43.23
"1107",2005-05-13,43.23
"1108",2005-05-14,43.23
"1109",2005-05-15,43.23
"1110",2005-05-16,43.23
"1111",2005-05-17,43.23
"1112",2005-05-18,43.23
"1113",2005-05-19,43.23
"1114",2005-05-20,43.23
"1115",2005-05-21,43.23
"1116",2005-05-22,43.23
"1117",2005-05-23,43.23
"1118",2005-05-24,43.23
"1119",2005-05-25,43.23
"1120",2005-05-26,43.23
"1121",2005-05-27,43.23
"1122",2005-05-28,43.23
"1123",2005-05-29,43.23
"1124",2005-05-30,43.23
"1125",2005-05-31,43.23
"1126",2005-06-01,43.23
"1127",2005-06-02,43.23
"1128",2005-06-03,43.23
"1129",2005-06-04,43.23
"1130",2005-06-05,43.23
"1131",2005-06-06,43.23
"1132",2005-06-07,43.23
"1133",2005-06-08,43.23
"1134",2005-06-09,43.23
"1135",2005-06-10,43.23
"1136",2005-06-11,43.23
"1137",2005-06-12,43.23
"1138",2005-06-13,43.23
"1139",2005-06-14,43.23
"1140",2005-06-15,43.23
"1141",2005-06-16,43.23
"1142",2005-06-17,43.23
"1143",2005-06-18,43.23
"1144",2005-06-19,43.23
"1145",2005-06-20,45.93
"1146",2005-06-20,45.93
"1147",2005-06-21,45.93
"1148",2005-06-22,45.93
"1149",2005-06-23,45.93
"1150",2005-06-24,45.93
"1151",2005-06-25,45.93
"1152",2005-06-26,45.93
"1153",2005-06-27,45.93
"1154",2005-06-28,45.93
"1155",2005-06-29,45.93
"1156",2005-06-30,45.93
"1157",2005-07-01,45.93
"1158",2005-07-02,45.93
"1159",2005-07-03,45.93
"1160",2005-07-04,45.93
"1161",2005-07-05,45.93
"1162",2005-07-06,45.93
"1163",2005-07-07,45.93
"1164",2005-07-08,45.93
"1165",2005-07-09,45.93
"1166",2005-07-10,45.93
"1167",2005-07-11,45.93
"1168",2005-07-12,45.93
"1169",2005-07-13,45.93
"1170",2005-07-14,45.93
"1171",2005-07-15,45.93
"1172",2005-07-16,45.93
"1173",2005-07-17,45.93
"1174",2005-07-18,45.93
"1175",2005-07-19,45.93
"1176",2005-07-20,45.93
"1177",2005-07-21,45.93
"1178",2005-07-22,45.93
"1179",2005-07-23,45.93
"1180",2005-07-24,45.93
"1181",2005-07-25,45.93
"1182",2005-07-26,45.93
"1183",2005-07-27,45.93
"1184",2005-07-28,45.93
"1185",2005-07-29,45.93
"1186",2005-07-30,45.93
"1187",2005-07-31,45.93
"1188",2005-08-01,45.93
"1189",2005-08-02,45.93
"1190",2005-08-03,45.93
"1191",2005-08-04,45.93
"1192",2005-08-05,45.93
"1193",2005-08-06,45.93
"1194",2005-08-07,45.93
"1195",2005-08-08,45.93
"1196",2005-08-09,45.93
"1197",2005-08-10,45.93
"1198",2005-08-11,45.93
"1199",2005-08-12,45.93
"1200",2005-08-13,45.93
"1201",2005-08-14,45.93
"1202",2005-08-15,45.93
"1203",2005-08-16,45.93
"1204",2005-08-17,45.93
"1205",2005-08-18,45.93
"1206",2005-08-19,45.93
"1207",2005-08-20,45.93
"1208",2005-08-21,45.93
"1209",2005-08-22,45.93
"1210",2005-08-23,45.93
"1211",2005-08-24,45.93
"1212",2005-08-25,45.93
"1213",2005-08-26,45.93
"1214",2005-08-27,45.93
"1215",2005-08-28,45.93
"1216",2005-08-29,45.93
"1217",2005-08-30,45.93
"1218",2005-08-31,45.93
"1219",2005-09-01,45.93
"1220",2005-09-02,45.93
"1221",2005-09-03,45.93
"1222",2005-09-04,45.93
"1223",2005-09-05,45.93
"1224",2005-09-06,49.16
"1225",2005-09-06,49.16
"1226",2005-09-07,49.16
"1227",2005-09-08,49.16
"1228",2005-09-09,49.16
"1229",2005-09-10,49.16
"1230",2005-09-11,49.16
"1231",2005-09-12,49.16
"1232",2005-09-13,49.16
"1233",2005-09-14,49.16
"1234",2005-09-15,49.16
"1235",2005-09-16,49.16
"1236",2005-09-17,49.16
"1237",2005-09-18,49.16
"1238",2005-09-19,49.16
"1239",2005-09-20,49.16
"1240",2005-09-21,49.16
"1241",2005-09-22,49.16
"1242",2005-09-23,49.16
"1243",2005-09-24,49.16
"1244",2005-09-25,49.16
"1245",2005-09-26,49.16
"1246",2005-09-27,49.16
"1247",2005-09-28,49.16
"1248",2005-09-29,49.16
"1249",2005-09-30,49.16
"1250",2005-10-01,49.16
"1251",2005-10-02,49.16
"1252",2005-10-03,49.16
"1253",2005-10-04,49.16
"1254",2005-10-05,49.16
"1255",2005-10-06,49.16
"1256",2005-10-07,49.16
"1257",2005-10-08,49.16
"1258",2005-10-09,49.16
"1259",2005-10-10,49.16
"1260",2005-10-11,49.16
"1261",2005-10-12,49.16
"1262",2005-10-13,49.16
"1263",2005-10-14,49.16
"1264",2005-10-15,49.16
"1265",2005-10-16,49.16
"1266",2005-10-17,49.16
"1267",2005-10-18,49.16
"1268",2005-10-19,49.16
"1269",2005-10-20,49.16
"1270",2005-10-21,49.16
"1271",2005-10-22,49.16
"1272",2005-10-23,49.16
"1273",2005-10-24,49.16
"1274",2005-10-25,49.16
"1275",2005-10-26,49.16
"1276",2005-10-27,49.16
"1277",2005-10-28,49.16
"1278",2005-10-29,49.16
"1279",2005-10-30,49.16
"1280",2005-10-31,49.16
"1281",2005-11-01,49.16
"1282",2005-11-02,49.16
"1283",2005-11-03,49.16
"1284",2005-11-04,49.16
"1285",2005-11-05,49.16
"1286",2005-11-06,49.16
"1287",2005-11-07,49.16
"1288",2005-11-08,49.16
"1289",2005-11-09,49.16
"1290",2005-11-10,49.16
"1291",2005-11-11,49.16
"1292",2005-11-12,49.16
"1293",2005-11-13,49.16
"1294",2005-11-14,49.16
"1295",2005-11-15,49.16
"1296",2005-11-16,49.16
"1297",2005-11-17,49.16
"1298",2005-11-18,49.16
"1299",2005-11-19,49.16
"1300",2005-11-20,49.16
"1301",2005-11-21,49.16
"1302",2005-11-22,49.16
"1303",2005-11-23,49.16
"1304",2005-11-24,49.16
"1305",2005-11-25,49.16
"1306",2005-11-26,49.16
"1307",2005-11-27,49.16
"1308",2005-11-28,49.16
"1309",2005-11-29,49.16
"1310",2005-11-30,49.16
"1311",2005-12-01,49.16
"1312",2005-12-02,49.16
"1313",2005-12-03,49.16
"1314",2005-12-04,49.16
"1315",2005-12-05,49.16
"1316",2005-12-06,49.16
"1317",2005-12-07,49.16
"1318",2005-12-08,49.16
"1319",2005-12-09,49.16
"1320",2005-12-10,49.16
"1321",2005-12-11,49.16
"1322",2005-12-12,49.16
"1323",2005-12-13,49.16
"1324",2005-12-14,49.16
"1325",2005-12-15,49.16
"1326",2005-12-16,49.16
"1327",2005-12-17,49.16
"1328",2005-12-18,49.16
"1329",2005-12-19,49.16
"1330",2005-12-20,49.16
"1331",2005-12-21,49.16
"1332",2005-12-22,49.16
"1333",2005-12-23,49.16
"1334",2005-12-24,49.16
"1335",2005-12-25,49.16
"1336",2005-12-26,49.16
"1337",2005-12-27,49.16
"1338",2005-12-28,49.16
"1339",2005-12-29,49.16
"1340",2005-12-30,49.16
"1341",2005-12-31,49.16
"1342",2006-01-01,49.16
"1343",2006-01-02,49.16
"1344",2006-01-03,49.16
"1345",2006-01-04,49.16
"1346",2006-01-05,49.16
"1347",2006-01-06,49.16
"1348",2006-01-07,49.16
"1349",2006-01-08,49.16
"1350",2006-01-09,49.16
"1351",2006-01-10,49.16
"1352",2006-01-11,49.16
"1353",2006-01-12,49.16
"1354",2006-01-13,49.16
"1355",2006-01-14,49.16
"1356",2006-01-15,49.16
"1357",2006-01-16,49.16
"1358",2006-01-17,49.16
"1359",2006-01-18,49.16
"1360",2006-01-19,49.16
"1361",2006-01-20,49.16
"1362",2006-01-21,49.16
"1363",2006-01-22,49.16
"1364",2006-01-23,49.16
"1365",2006-01-24,49.16
"1366",2006-01-25,49.16
"1367",2006-01-26,49.16
"1368",2006-01-27,49.16
"1369",2006-01-28,49.16
"1370",2006-01-29,49.16
"1371",2006-01-30,49.16
"1372",2006-01-31,49.16
"1373",2006-02-01,49.16
"1374",2006-02-02,49.16
"1375",2006-02-03,49.16
"1376",2006-02-04,49.16
"1377",2006-02-05,49.16
"1378",2006-02-06,49.16
"1379",2006-02-07,49.16
"1380",2006-02-08,49.16
"1381",2006-02-09,49.16
"1382",2006-02-10,49.16
"1383",2006-02-11,49.16
"1384",2006-02-12,49.16
"1385",2006-02-13,49.16
"1386",2006-02-14,49.16
"1387",2006-02-15,49.16
"1388",2006-02-16,49.16
"1389",2006-02-17,49.16
"1390",2006-02-18,49.16
"1391",2006-02-19,49.16
"1392",2006-02-20,49.16
"1393",2006-02-21,49.16
"1394",2006-02-22,49.16
"1395",2006-02-23,49.16
"1396",2006-02-24,49.16
"1397",2006-02-25,49.16
"1398",2006-02-26,49.16
"1399",2006-02-27,49.16
"1400",2006-02-28,49.16
"1401",2006-03-01,49.16
"1402",2006-03-02,49.16
"1403",2006-03-03,49.16
"1404",2006-03-04,49.16
"1405",2006-03-05,49.16
"1406",2006-03-06,49.16
"1407",2006-03-07,49.16
"1408",2006-03-08,49.16
"1409",2006-03-09,49.16
"1410",2006-03-10,49.16
"1411",2006-03-11,49.16
"1412",2006-03-12,49.16
"1413",2006-03-13,49.16
"1414",2006-03-14,49.16
"1415",2006-03-15,49.16
"1416",2006-03-16,49.16
"1417",2006-03-17,49.16
"1418",2006-03-18,49.16
"1419",2006-03-19,49.16
"1420",2006-03-20,49.16
"1421",2006-03-21,49.16
"1422",2006-03-22,49.16
"1423",2006-03-23,49.16
"1424",2006-03-24,49.16
"1425",2006-03-25,49.16
"1426",2006-03-26,49.16
"1427",2006-03-27,49.16
"1428",2006-03-28,49.16
"1429",2006-03-29,49.16
"1430",2006-03-30,49.16
"1431",2006-03-31,49.16
"1432",2006-04-01,49.16
"1433",2006-04-02,49.16
"1434",2006-04-03,49.16
"1435",2006-04-04,49.16
"1436",2006-04-05,49.16
"1437",2006-04-06,49.16
"1438",2006-04-07,49.16
"1439",2006-04-08,49.16
"1440",2006-04-09,49.16
"1441",2006-04-10,49.16
"1442",2006-04-11,49.16
"1443",2006-04-12,49.16
"1444",2006-04-13,49.16
"1445",2006-04-14,49.16
"1446",2006-04-15,49.16
"1447",2006-04-16,49.16
"1448",2006-04-17,49.16
"1449",2006-04-18,49.16
"1450",2006-04-19,49.16
"1451",2006-04-20,49.16
"1452",2006-04-21,49.16
"1453",2006-04-22,49.16
"1454",2006-04-23,49.16
"1455",2006-04-24,49.16
"1456",2006-04-25,49.16
"1457",2006-04-26,49.16
"1458",2006-04-27,49.16
"1459",2006-04-28,49.16
"1460",2006-04-29,49.16
"1461",2006-04-30,49.16
"1462",2006-05-01,49.16
"1463",2006-05-02,49.16
"1464",2006-05-03,49.16
"1465",2006-05-04,49.16
"1466",2006-05-05,49.16
"1467",2006-05-06,49.16
"1468",2006-05-07,49.16
"1469",2006-05-08,49.16
"1470",2006-05-09,49.16
"1471",2006-05-10,49.16
"1472",2006-05-11,49.16
"1473",2006-05-12,49.16
"1474",2006-05-13,49.16
"1475",2006-05-14,49.16
"1476",2006-05-15,49.16
"1477",2006-05-16,49.16
"1478",2006-05-17,49.16
"1479",2006-05-18,49.16
"1480",2006-05-19,49.16
"1481",2006-05-20,49.16
"1482",2006-05-21,49.16
"1483",2006-05-22,49.16
"1484",2006-05-23,49.16
"1485",2006-05-24,49.16
"1486",2006-05-25,49.16
"1487",2006-05-26,49.16
"1488",2006-05-27,49.16
"1489",2006-05-28,49.16
"1490",2006-05-29,49.16
"1491",2006-05-30,49.16
"1492",2006-05-31,49.16
"1493",2006-06-01,49.16
"1494",2006-06-02,49.16
"1495",2006-06-03,49.16
"1496",2006-06-04,49.16
"1497",2006-06-05,53.5
"1498",2006-06-05,53.5
"1499",2006-06-06,53.5
"1500",2006-06-07,53.5
"1501",2006-06-08,53.5
"1502",2006-06-09,53.5
"1503",2006-06-10,53.5
"1504",2006-06-11,53.5
"1505",2006-06-12,53.5
"1506",2006-06-13,53.5
"1507",2006-06-14,53.5
"1508",2006-06-15,53.5
"1509",2006-06-16,53.5
"1510",2006-06-17,53.5
"1511",2006-06-18,53.5
"1512",2006-06-19,53.5
"1513",2006-06-20,52.71
"1514",2006-06-20,52.71
"1515",2006-06-21,52.71
"1516",2006-06-22,52.71
"1517",2006-06-23,52.71
"1518",2006-06-24,52.71
"1519",2006-06-25,52.71
"1520",2006-06-26,52.71
"1521",2006-06-27,52.71
"1522",2006-06-28,52.71
"1523",2006-06-29,52.71
"1524",2006-06-30,52.71
"1525",2006-07-01,52.71
"1526",2006-07-02,52.71
"1527",2006-07-03,52.71
"1528",2006-07-04,52.71
"1529",2006-07-05,52.71
"1530",2006-07-06,52.71
"1531",2006-07-07,52.71
"1532",2006-07-08,52.71
"1533",2006-07-09,52.71
"1534",2006-07-10,52.71
"1535",2006-07-11,52.71
"1536",2006-07-12,52.71
"1537",2006-07-13,52.71
"1538",2006-07-14,52.71
"1539",2006-07-15,52.71
"1540",2006-07-16,52.71
"1541",2006-07-17,52.71
"1542",2006-07-18,52.71
"1543",2006-07-19,52.71
"1544",2006-07-20,52.71
"1545",2006-07-21,52.71
"1546",2006-07-22,52.71
"1547",2006-07-23,52.71
"1548",2006-07-24,52.71
"1549",2006-07-25,52.71
"1550",2006-07-26,52.71
"1551",2006-07-27,52.71
"1552",2006-07-28,52.71
"1553",2006-07-29,52.71
"1554",2006-07-30,52.71
"1555",2006-07-31,52.71
"1556",2006-08-01,52.71
"1557",2006-08-02,52.71
"1558",2006-08-03,52.71
"1559",2006-08-04,52.71
"1560",2006-08-05,52.71
"1561",2006-08-06,52.71
"1562",2006-08-07,52.71
"1563",2006-08-08,52.71
"1564",2006-08-09,52.71
"1565",2006-08-10,52.71
"1566",2006-08-11,52.71
"1567",2006-08-12,52.71
"1568",2006-08-13,52.71
"1569",2006-08-14,52.71
"1570",2006-08-15,52.71
"1571",2006-08-16,52.71
"1572",2006-08-17,52.71
"1573",2006-08-18,52.71
"1574",2006-08-19,52.71
"1575",2006-08-20,52.71
"1576",2006-08-21,52.71
"1577",2006-08-22,52.71
"1578",2006-08-23,52.71
"1579",2006-08-24,52.71
"1580",2006-08-25,52.71
"1581",2006-08-26,52.71
"1582",2006-08-27,52.71
"1583",2006-08-28,52.71
"1584",2006-08-29,52.71
"1585",2006-08-30,52.71
"1586",2006-08-31,52.71
"1587",2006-09-01,52.71
"1588",2006-09-02,52.71
"1589",2006-09-03,52.71
"1590",2006-09-04,52.71
"1591",2006-09-05,52.71
"1592",2006-09-06,52.71
"1593",2006-09-07,52.71
"1594",2006-09-08,52.71
"1595",2006-09-09,52.71
"1596",2006-09-10,52.71
"1597",2006-09-11,52.71
"1598",2006-09-12,52.71
"1599",2006-09-13,52.71
"1600",2006-09-14,52.71
"1601",2006-09-15,52.71
"1602",2006-09-16,52.71
"1603",2006-09-17,52.71
"1604",2006-09-18,52.71
"1605",2006-09-19,52.71
"1606",2006-09-20,52.71
"1607",2006-09-21,52.71
"1608",2006-09-22,52.71
"1609",2006-09-23,52.71
"1610",2006-09-24,52.71
"1611",2006-09-25,52.71
"1612",2006-09-26,52.71
"1613",2006-09-27,52.71
"1614",2006-09-28,52.71
"1615",2006-09-29,52.71
"1616",2006-09-30,52.71
"1617",2006-10-01,52.71
"1618",2006-10-02,52.71
"1619",2006-10-03,52.71
"1620",2006-10-04,52.71
"1621",2006-10-05,52.71
"1622",2006-10-06,52.71
"1623",2006-10-07,52.71
"1624",2006-10-08,52.71
"1625",2006-10-09,52.71
"1626",2006-10-10,52.71
"1627",2006-10-11,52.71
"1628",2006-10-12,52.71
"1629",2006-10-13,52.71
"1630",2006-10-14,52.71
"1631",2006-10-15,52.71
"1632",2006-10-16,52.71
"1633",2006-10-17,52.71
"1634",2006-10-18,52.71
"1635",2006-10-19,52.71
"1636",2006-10-20,52.71
"1637",2006-10-21,52.71
"1638",2006-10-22,52.71
"1639",2006-10-23,52.71
"1640",2006-10-24,52.71
"1641",2006-10-25,52.71
"1642",2006-10-26,52.71
"1643",2006-10-27,52.71
"1644",2006-10-28,52.71
"1645",2006-10-29,52.71
"1646",2006-10-30,52.71
"1647",2006-10-31,52.71
"1648",2006-11-01,52.71
"1649",2006-11-02,52.71
"1650",2006-11-03,52.71
"1651",2006-11-04,52.71
"1652",2006-11-05,52.71
"1653",2006-11-06,52.71
"1654",2006-11-07,52.71
"1655",2006-11-08,52.71
"1656",2006-11-09,52.71
"1657",2006-11-10,52.71
"1658",2006-11-11,52.71
"1659",2006-11-12,52.71
"1660",2006-11-13,52.71
"1661",2006-11-14,52.71
"1662",2006-11-15,52.71
"1663",2006-11-16,52.71
"1664",2006-11-17,52.71
"1665",2006-11-18,52.71
"1666",2006-11-19,52.71
"1667",2006-11-20,52.71
"1668",2006-11-21,52.71
"1669",2006-11-22,52.71
"1670",2006-11-23,52.71
"1671",2006-11-24,52.71
"1672",2006-11-25,52.71
"1673",2006-11-26,52.71
"1674",2006-11-27,52.71
"1675",2006-11-28,52.71
"1676",2006-11-29,52.71
"1677",2006-11-30,50.58
"1678",2006-11-30,50.58
"1679",2006-12-01,50.58
"1680",2006-12-02,50.58
"1681",2006-12-03,50.58
"1682",2006-12-04,50.58
"1683",2006-12-05,50.58
"1684",2006-12-06,50.58
"1685",2006-12-07,50.58
"1686",2006-12-08,50.58
"1687",2006-12-09,50.58
"1688",2006-12-10,50.58
"1689",2006-12-11,50.58
"1690",2006-12-12,50.58
"1691",2006-12-13,50.58
"1692",2006-12-14,50.58
"1693",2006-12-15,50.58
"1694",2006-12-16,50.58
"1695",2006-12-17,50.58
"1696",2006-12-18,50.58
"1697",2006-12-19,50.58
"1698",2006-12-20,50.58
"1699",2006-12-21,50.58
"1700",2006-12-22,50.58
"1701",2006-12-23,50.58
"1702",2006-12-24,50.58
"1703",2006-12-25,50.58
"1704",2006-12-26,50.58
"1705",2006-12-27,50.58
"1706",2006-12-28,50.58
"1707",2006-12-29,50.58
"1708",2006-12-30,50.58
"1709",2006-12-31,50.58
"1710",2007-01-01,50.58
"1711",2007-01-02,50.58
"1712",2007-01-03,50.58
"1713",2007-01-04,50.58
"1714",2007-01-05,50.58
"1715",2007-01-06,50.58
"1716",2007-01-07,50.58
"1717",2007-01-08,50.58
"1718",2007-01-09,50.58
"1719",2007-01-10,50.58
"1720",2007-01-11,50.58
"1721",2007-01-12,50.58
"1722",2007-01-13,50.58
"1723",2007-01-14,50.58
"1724",2007-01-15,50.58
"1725",2007-01-16,50.58
"1726",2007-01-17,50.58
"1727",2007-01-18,50.58
"1728",2007-01-19,50.58
"1729",2007-01-20,50.58
"1730",2007-01-21,50.58
"1731",2007-01-22,50.58
"1732",2007-01-23,50.58
"1733",2007-01-24,50.58
"1734",2007-01-25,50.58
"1735",2007-01-26,50.58
"1736",2007-01-27,50.58
"1737",2007-01-28,50.58
"1738",2007-01-29,50.58
"1739",2007-01-30,50.58
"1740",2007-01-31,50.58
"1741",2007-02-01,50.58
"1742",2007-02-02,50.58
"1743",2007-02-03,50.58
"1744",2007-02-04,50.58
"1745",2007-02-05,50.58
"1746",2007-02-06,50.58
"1747",2007-02-07,50.58
"1748",2007-02-08,50.58
"1749",2007-02-09,50.58
"1750",2007-02-10,50.58
"1751",2007-02-11,50.58
"1752",2007-02-12,50.58
"1753",2007-02-13,50.58
"1754",2007-02-14,50.58
"1755",2007-02-15,50.58
"1756",2007-02-16,48.45
"1757",2007-02-16,48.45
"1758",2007-02-17,48.45
"1759",2007-02-18,48.45
"1760",2007-02-19,48.45
"1761",2007-02-20,48.45
"1762",2007-02-21,48.45
"1763",2007-02-22,48.45
"1764",2007-02-23,48.45
"1765",2007-02-24,48.45
"1766",2007-02-25,48.45
"1767",2007-02-26,48.45
"1768",2007-02-27,48.45
"1769",2007-02-28,48.45
"1770",2007-03-01,48.41
"1771",2007-03-01,48.41
"1772",2007-03-02,48.41
"1773",2007-03-03,48.41
"1774",2007-03-04,48.41
"1775",2007-03-05,48.41
"1776",2007-03-06,48.41
"1777",2007-03-07,48.41
"1778",2007-03-08,48.41
"1779",2007-03-09,48.41
"1780",2007-03-10,48.41
"1781",2007-03-11,48.41
"1782",2007-03-12,48.41
"1783",2007-03-13,48.41
"1784",2007-03-14,48.41
"1785",2007-03-15,48.41
"1786",2007-03-16,48.41
"1787",2007-03-17,48.41
"1788",2007-03-18,48.41
"1789",2007-03-19,48.41
"1790",2007-03-20,48.41
"1791",2007-03-21,48.41
"1792",2007-03-22,48.41
"1793",2007-03-23,48.41
"1794",2007-03-24,48.41
"1795",2007-03-25,48.41
"1796",2007-03-26,48.41
"1797",2007-03-27,48.41
"1798",2007-03-28,48.41
"1799",2007-03-29,48.41
"1800",2007-03-30,48.41
"1801",2007-03-31,48.41
"1802",2007-04-01,48.41
"1803",2007-04-02,48.41
"1804",2007-04-03,48.41
"1805",2007-04-04,48.41
"1806",2007-04-05,48.41
"1807",2007-04-06,48.41
"1808",2007-04-07,48.41
"1809",2007-04-08,48.41
"1810",2007-04-09,48.41
"1811",2007-04-10,48.41
"1812",2007-04-11,48.41
"1813",2007-04-12,48.41
"1814",2007-04-13,48.41
"1815",2007-04-14,48.41
"1816",2007-04-15,48.41
"1817",2007-04-16,48.41
"1818",2007-04-17,48.41
"1819",2007-04-18,48.41
"1820",2007-04-19,48.41
"1821",2007-04-20,48.41
"1822",2007-04-21,48.41
"1823",2007-04-22,48.41
"1824",2007-04-23,48.41
"1825",2007-04-24,48.41
"1826",2007-04-25,48.41
"1827",2007-04-26,48.41
"1828",2007-04-27,48.41
"1829",2007-04-28,48.41
"1830",2007-04-29,48.41
"1831",2007-04-30,48.41
"1832",2007-05-01,48.41
"1833",2007-05-02,48.41
"1834",2007-05-03,48.41
"1835",2007-05-04,48.41
"1836",2007-05-05,48.41
"1837",2007-05-06,48.41
"1838",2007-05-07,48.41
"1839",2007-05-08,48.41
"1840",2007-05-09,48.41
"1841",2007-05-10,48.41
"1842",2007-05-11,48.41
"1843",2007-05-12,48.41
"1844",2007-05-13,48.41
"1845",2007-05-14,48.41
"1846",2007-05-15,48.41
"1847",2007-05-16,48.38
"1848",2007-05-16,48.38
"1849",2007-05-17,48.38
"1850",2007-05-18,48.38
"1851",2007-05-19,48.38
"1852",2007-05-20,48.38
"1853",2007-05-21,48.38
"1854",2007-05-22,48.38
"1855",2007-05-23,48.38
"1856",2007-05-24,48.38
"1857",2007-05-25,48.38
"1858",2007-05-26,48.38
"1859",2007-05-27,48.38
"1860",2007-05-28,48.38
"1861",2007-05-29,48.38
"1862",2007-05-30,48.38
"1863",2007-05-31,48.38
"1864",2007-06-01,48.38
"1865",2007-06-02,48.38
"1866",2007-06-03,48.38
"1867",2007-06-04,48.38
"1868",2007-06-05,48.38
"1869",2007-06-06,48.38
"1870",2007-06-06,48.38
"1871",2007-06-07,48.38
"1872",2007-06-08,48.38
"1873",2007-06-09,48.38
"1874",2007-06-10,48.38
"1875",2007-06-11,48.38
"1876",2007-06-12,48.38
"1877",2007-06-13,48.38
"1878",2007-06-14,48.38
"1879",2007-06-15,48.38
"1880",2007-06-16,48.38
"1881",2007-06-17,48.38
"1882",2007-06-18,48.38
"1883",2007-06-19,48.38
"1884",2007-06-20,48.38
"1885",2007-06-21,48.38
"1886",2007-06-22,48.38
"1887",2007-06-23,48.38
"1888",2007-06-24,48.38
"1889",2007-06-25,48.38
"1890",2007-06-26,48.38
"1891",2007-06-27,48.38
"1892",2007-06-28,48.38
"1893",2007-06-29,48.38
"1894",2007-06-30,48.38
"1895",2007-07-01,48.38
"1896",2007-07-02,48.38
"1897",2007-07-03,48.38
"1898",2007-07-04,48.38
"1899",2007-07-05,48.38
"1900",2007-07-06,48.38
"1901",2007-07-07,48.38
"1902",2007-07-08,48.38
"1903",2007-07-09,48.38
"1904",2007-07-10,48.38
"1905",2007-07-11,48.38
"1906",2007-07-12,48.38
"1907",2007-07-13,48.38
"1908",2007-07-14,48.38
"1909",2007-07-15,48.38
"1910",2007-07-16,48.38
"1911",2007-07-17,48.38
"1912",2007-07-18,48.38
"1913",2007-07-19,48.38
"1914",2007-07-20,48.38
"1915",2007-07-21,48.38
"1916",2007-07-22,48.38
"1917",2007-07-23,48.38
"1918",2007-07-24,48.38
"1919",2007-07-25,48.38
"1920",2007-07-26,48.38
"1921",2007-07-27,48.38
"1922",2007-07-28,48.38
"1923",2007-07-29,48.38
"1924",2007-07-30,48.38
"1925",2007-07-31,48.38
"1926",2007-08-01,48.38
"1927",2007-08-02,48.38
"1928",2007-08-03,48.38
"1929",2007-08-04,48.38
"1930",2007-08-05,48.38
"1931",2007-08-06,48.38
"1932",2007-08-07,48.38
"1933",2007-08-08,48.38
"1934",2007-08-09,48.38
"1935",2007-08-10,48.38
"1936",2007-08-11,48.38
"1937",2007-08-12,48.38
"1938",2007-08-13,48.38
"1939",2007-08-14,48.38
"1940",2007-08-15,48.38
"1941",2007-08-16,48.38
"1942",2007-08-17,48.38
"1943",2007-08-18,48.38
"1944",2007-08-19,48.38
"1945",2007-08-20,48.38
"1946",2007-08-21,48.38
"1947",2007-08-22,48.38
"1948",2007-08-23,48.38
"1949",2007-08-24,48.38
"1950",2007-08-25,48.38
"1951",2007-08-26,48.38
"1952",2007-08-27,48.38
"1953",2007-08-28,48.38
"1954",2007-08-29,48.38
"1955",2007-08-30,48.38
"1956",2007-08-31,48.38
"1957",2007-09-01,48.38
"1958",2007-09-02,48.38
"1959",2007-09-03,48.38
"1960",2007-09-04,48.38
"1961",2007-09-05,48.38
"1962",2007-09-06,48.38
"1963",2007-09-07,48.38
"1964",2007-09-08,48.38
"1965",2007-09-09,48.38
"1966",2007-09-10,48.38
"1967",2007-09-11,48.38
"1968",2007-09-12,48.38
"1969",2007-09-13,48.38
"1970",2007-09-14,48.38
"1971",2007-09-15,48.38
"1972",2007-09-16,48.38
"1973",2007-09-17,48.38
"1974",2007-09-18,48.38
"1975",2007-09-19,48.38
"1976",2007-09-20,48.38
"1977",2007-09-21,48.38
"1978",2007-09-22,48.38
"1979",2007-09-23,48.38
"1980",2007-09-24,48.38
"1981",2007-09-25,48.38
"1982",2007-09-26,48.38
"1983",2007-09-27,48.38
"1984",2007-09-28,48.38
"1985",2007-09-29,48.38
"1986",2007-09-30,48.38
"1987",2007-10-01,48.38
"1988",2007-10-02,48.38
"1989",2007-10-03,48.38
"1990",2007-10-04,48.38
"1991",2007-10-05,48.38
"1992",2007-10-06,48.38
"1993",2007-10-07,48.38
"1994",2007-10-08,48.38
"1995",2007-10-09,48.38
"1996",2007-10-10,48.38
"1997",2007-10-11,48.38
"1998",2007-10-12,48.38
"1999",2007-10-13,48.38
"2000",2007-10-14,48.38
"2001",2007-10-15,48.38
"2002",2007-10-16,48.38
"2003",2007-10-17,48.38
"2004",2007-10-18,48.38
"2005",2007-10-19,48.38
"2006",2007-10-20,48.38
"2007",2007-10-21,48.38
"2008",2007-10-22,48.38
"2009",2007-10-23,48.38
"2010",2007-10-24,48.38
"2011",2007-10-25,48.38
"2012",2007-10-26,48.38
"2013",2007-10-27,48.38
"2014",2007-10-28,48.38
"2015",2007-10-29,48.38
"2016",2007-10-30,48.38
"2017",2007-10-31,48.38
"2018",2007-11-01,48.38
"2019",2007-11-02,48.38
"2020",2007-11-03,48.38
"2021",2007-11-04,48.38
"2022",2007-11-05,48.38
"2023",2007-11-06,48.38
"2024",2007-11-07,48.38
"2025",2007-11-08,48.38
"2026",2007-11-09,48.38
"2027",2007-11-10,48.38
"2028",2007-11-11,48.38
"2029",2007-11-12,48.38
"2030",2007-11-13,48.38
"2031",2007-11-14,48.38
"2032",2007-11-15,48.38
"2033",2007-11-16,48.38
"2034",2007-11-17,48.38
"2035",2007-11-18,48.38
"2036",2007-11-19,48.38
"2037",2007-11-20,48.38
"2038",2007-11-21,48.38
"2039",2007-11-22,48.38
"2040",2007-11-23,48.38
"2041",2007-11-24,48.38
"2042",2007-11-25,48.38
"2043",2007-11-26,48.38
"2044",2007-11-27,48.38
"2045",2007-11-28,48.38
"2046",2007-11-29,48.38
"2047",2007-11-30,48.38
"2048",2007-12-01,48.38
"2049",2007-12-02,48.38
"2050",2007-12-03,48.38
"2051",2007-12-04,48.38
"2052",2007-12-05,48.38
"2053",2007-12-06,48.38
"2054",2007-12-07,48.38
"2055",2007-12-08,48.38
"2056",2007-12-09,48.38
"2057",2007-12-10,48.38
"2058",2007-12-11,48.38
"2059",2007-12-12,48.38
"2060",2007-12-13,48.38
"2061",2007-12-14,48.38
"2062",2007-12-15,48.38
"2063",2007-12-16,48.38
"2064",2007-12-17,48.38
"2065",2007-12-18,48.38
"2066",2007-12-19,48.38
"2067",2007-12-20,48.38
"2068",2007-12-21,48.38
"2069",2007-12-22,48.38
"2070",2007-12-23,48.38
"2071",2007-12-24,48.38
"2072",2007-12-25,48.38
"2073",2007-12-26,48.38
"2074",2007-12-27,48.38
"2075",2007-12-28,48.38
"2076",2007-12-29,48.38
"2077",2007-12-30,48.38
"2078",2007-12-31,48.38
"2079",2008-01-01,48.38
"2080",2008-01-02,48.38
"2081",2008-01-03,48.38
"2082",2008-01-04,48.38
"2083",2008-01-05,48.38
"2084",2008-01-06,48.38
"2085",2008-01-07,48.38
"2086",2008-01-08,48.38
"2087",2008-01-09,48.38
"2088",2008-01-10,48.38
"2089",2008-01-11,48.38
"2090",2008-01-12,48.38
"2091",2008-01-13,48.38
"2092",2008-01-14,48.38
"2093",2008-01-15,48.38
"2094",2008-01-16,48.38
"2095",2008-01-17,48.38
"2096",2008-01-18,48.38
"2097",2008-01-19,48.38
"2098",2008-01-20,48.38
"2099",2008-01-21,48.38
"2100",2008-01-22,48.38
"2101",2008-01-23,48.38
"2102",2008-01-24,48.38
"2103",2008-01-25,48.38
"2104",2008-01-26,48.38
"2105",2008-01-27,48.38
"2106",2008-01-28,48.38
"2107",2008-01-29,48.38
"2108",2008-01-30,48.38
"2109",2008-01-31,48.38
"2110",2008-02-01,48.38
"2111",2008-02-02,48.38
"2112",2008-02-03,48.38
"2113",2008-02-04,48.38
"2114",2008-02-05,48.38
"2115",2008-02-06,48.38
"2116",2008-02-07,48.38
"2117",2008-02-08,48.38
"2118",2008-02-09,48.38
"2119",2008-02-10,48.38
"2120",2008-02-11,48.38
"2121",2008-02-12,48.38
"2122",2008-02-13,48.38
"2123",2008-02-14,48.38
"2124",2008-02-15,50.51
"2125",2008-02-15,50.51
"2126",2008-02-16,50.51
"2127",2008-02-17,50.51
"2128",2008-02-18,50.51
"2129",2008-02-19,50.51
"2130",2008-02-20,50.51
"2131",2008-02-21,50.51
"2132",2008-02-22,50.51
"2133",2008-02-23,50.51
"2134",2008-02-24,50.51
"2135",2008-02-25,50.51
"2136",2008-02-26,50.51
"2137",2008-02-27,50.51
"2138",2008-02-28,50.51
"2139",2008-02-29,50.51
"2140",2008-03-01,50.51
"2141",2008-03-02,50.51
"2142",2008-03-03,50.51
"2143",2008-03-04,50.51
"2144",2008-03-05,50.51
"2145",2008-03-06,50.51
"2146",2008-03-07,50.51
"2147",2008-03-08,50.51
"2148",2008-03-09,50.51
"2149",2008-03-10,50.51
"2150",2008-03-11,50.51
"2151",2008-03-12,50.51
"2152",2008-03-13,50.51
"2153",2008-03-14,50.51
"2154",2008-03-15,50.51
"2155",2008-03-16,50.51
"2156",2008-03-17,50.51
"2157",2008-03-18,50.51
"2158",2008-03-19,50.51
"2159",2008-03-20,50.51
"2160",2008-03-21,50.51
"2161",2008-03-22,50.51
"2162",2008-03-23,50.51
"2163",2008-03-24,50.51
"2164",2008-03-25,50.51
"2165",2008-03-26,50.51
"2166",2008-03-27,50.51
"2167",2008-03-28,50.51
"2168",2008-03-29,50.51
"2169",2008-03-30,50.51
"2170",2008-03-31,50.51
"2171",2008-04-01,50.51
"2172",2008-04-02,50.51
"2173",2008-04-03,50.51
"2174",2008-04-04,50.51
"2175",2008-04-05,50.51
"2176",2008-04-06,50.51
"2177",2008-04-07,50.51
"2178",2008-04-08,50.51
"2179",2008-04-09,50.51
"2180",2008-04-10,50.51
"2181",2008-04-11,50.51
"2182",2008-04-12,50.51
"2183",2008-04-13,50.51
"2184",2008-04-14,50.51
"2185",2008-04-15,50.51
"2186",2008-04-16,50.51
"2187",2008-04-17,50.51
"2188",2008-04-18,50.51
"2189",2008-04-19,50.51
"2190",2008-04-20,50.51
"2191",2008-04-21,50.51
"2192",2008-04-22,50.51
"2193",2008-04-23,50.51
"2194",2008-04-24,50.51
"2195",2008-04-25,50.51
"2196",2008-04-26,50.51
"2197",2008-04-27,50.51
"2198",2008-04-28,50.51
"2199",2008-04-29,50.51
"2200",2008-04-30,50.51
"2201",2008-05-01,50.51
"2202",2008-05-02,50.51
"2203",2008-05-03,50.51
"2204",2008-05-04,50.51
"2205",2008-05-05,50.51
"2206",2008-05-06,50.51
"2207",2008-05-07,50.51
"2208",2008-05-08,50.51
"2209",2008-05-09,50.51
"2210",2008-05-10,50.51
"2211",2008-05-11,50.51
"2212",2008-05-12,50.51
"2213",2008-05-13,50.51
"2214",2008-05-14,50.51
"2215",2008-05-15,50.51
"2216",2008-05-16,50.51
"2217",2008-05-17,50.51
"2218",2008-05-18,50.51
"2219",2008-05-19,50.51
"2220",2008-05-20,50.51
"2221",2008-05-21,50.51
"2222",2008-05-22,50.51
"2223",2008-05-23,50.51
"2224",2008-05-24,50.54
"2225",2008-05-24,50.54
"2226",2008-05-25,50.54
"2227",2008-05-26,50.54
"2228",2008-05-27,50.54
"2229",2008-05-28,50.54
"2230",2008-05-29,50.54
"2231",2008-05-30,50.54
"2232",2008-05-31,50.54
"2233",2008-06-01,50.54
"2234",2008-06-02,50.54
"2235",2008-06-03,50.54
"2236",2008-06-04,50.54
"2237",2008-06-05,50.54
"2238",2008-06-06,55.88
"2239",2008-06-06,55.88
"2240",2008-06-07,55.88
"2241",2008-06-08,55.88
"2242",2008-06-09,55.88
"2243",2008-06-10,55.88
"2244",2008-06-11,55.88
"2245",2008-06-12,55.88
"2246",2008-06-13,55.88
"2247",2008-06-14,55.88
"2248",2008-06-15,55.88
"2249",2008-06-16,55.88
"2250",2008-06-17,55.88
"2251",2008-06-18,55.88
"2252",2008-06-19,55.88
"2253",2008-06-20,55.88
"2254",2008-06-21,55.88
"2255",2008-06-22,55.88
"2256",2008-06-23,55.88
"2257",2008-06-24,55.88
"2258",2008-06-25,55.88
"2259",2008-06-26,55.88
"2260",2008-06-27,55.88
"2261",2008-06-28,55.88
"2262",2008-06-29,55.88
"2263",2008-06-30,55.88
"2264",2008-07-01,55.88
"2265",2008-07-02,55.88
"2266",2008-07-03,55.88
"2267",2008-07-04,55.88
"2268",2008-07-05,55.88
"2269",2008-07-06,55.88
"2270",2008-07-07,55.88
"2271",2008-07-08,55.88
"2272",2008-07-09,55.88
"2273",2008-07-10,55.88
"2274",2008-07-11,55.88
"2275",2008-07-12,55.88
"2276",2008-07-13,55.88
"2277",2008-07-14,55.88
"2278",2008-07-15,55.88
"2279",2008-07-16,55.04
"2280",2008-07-16,55.04
"2281",2008-07-17,55.04
"2282",2008-07-18,55.04
"2283",2008-07-19,55.04
"2284",2008-07-20,55.04
"2285",2008-07-21,55.04
"2286",2008-07-22,55.04
"2287",2008-07-23,55.04
"2288",2008-07-24,55.04
"2289",2008-07-25,55.04
"2290",2008-07-26,55.04
"2291",2008-07-27,55.04
"2292",2008-07-28,55.04
"2293",2008-07-29,55.04
"2294",2008-07-30,55.04
"2295",2008-07-31,55.04
"2296",2008-08-01,55.04
"2297",2008-08-02,55.04
"2298",2008-08-03,55.04
"2299",2008-08-04,55.04
"2300",2008-08-05,55.04
"2301",2008-08-06,55.04
"2302",2008-08-07,55.04
"2303",2008-08-08,55.04
"2304",2008-08-09,55.04
"2305",2008-08-10,55.04
"2306",2008-08-11,55.04
"2307",2008-08-12,55.04
"2308",2008-08-13,55.04
"2309",2008-08-14,55.04
"2310",2008-08-15,55.04
"2311",2008-08-16,55.04
"2312",2008-08-17,55.04
"2313",2008-08-18,55.04
"2314",2008-08-19,55.04
"2315",2008-08-20,55.04
"2316",2008-08-21,55.04
"2317",2008-08-22,55.04
"2318",2008-08-23,55.04
"2319",2008-08-24,55.04
"2320",2008-08-25,55.04
"2321",2008-08-26,55.04
"2322",2008-08-27,55.04
"2323",2008-08-28,55.04
"2324",2008-08-29,55.04
"2325",2008-08-30,55.04
"2326",2008-08-31,55.04
"2327",2008-09-01,55.04
"2328",2008-09-02,55.04
"2329",2008-09-03,55.04
"2330",2008-09-04,55.04
"2331",2008-09-05,55.04
"2332",2008-09-06,55.04
"2333",2008-09-07,55.04
"2334",2008-09-08,55.04
"2335",2008-09-09,55.04
"2336",2008-09-10,55.04
"2337",2008-09-11,55.04
"2338",2008-09-12,55.04
"2339",2008-09-13,55.04
"2340",2008-09-14,55.04
"2341",2008-09-15,55.04
"2342",2008-09-16,55.04
"2343",2008-09-17,55.04
"2344",2008-09-18,55.04
"2345",2008-09-19,55.04
"2346",2008-09-20,55.04
"2347",2008-09-21,55.04
"2348",2008-09-22,55.04
"2349",2008-09-23,55.04
"2350",2008-09-24,55.04
"2351",2008-09-25,55.04
"2352",2008-09-26,55.04
"2353",2008-09-27,55.04
"2354",2008-09-28,55.04
"2355",2008-09-29,55.04
"2356",2008-09-30,55.04
"2357",2008-10-01,55.04
"2358",2008-10-02,55.04
"2359",2008-10-03,55.04
"2360",2008-10-04,55.04
"2361",2008-10-05,55.04
"2362",2008-10-06,55.04
"2363",2008-10-07,55.04
"2364",2008-10-08,55.04
"2365",2008-10-09,55.04
"2366",2008-10-10,55.04
"2367",2008-10-11,55.04
"2368",2008-10-12,55.04
"2369",2008-10-13,55.04
"2370",2008-10-14,55.04
"2371",2008-10-15,55.04
"2372",2008-10-16,55.04
"2373",2008-10-17,55.04
"2374",2008-10-18,55.04
"2375",2008-10-19,55.04
"2376",2008-10-20,55.04
"2377",2008-10-21,55.04
"2378",2008-10-22,55.04
"2379",2008-10-23,55.04
"2380",2008-10-24,55.04
"2381",2008-10-25,55.04
"2382",2008-10-26,55.04
"2383",2008-10-27,55.04
"2384",2008-10-28,55.04
"2385",2008-10-29,55.04
"2386",2008-10-30,55.04
"2387",2008-10-31,55.04
"2388",2008-11-01,55.04
"2389",2008-11-02,55.04
"2390",2008-11-03,55.04
"2391",2008-11-04,55.04
"2392",2008-11-05,55.04
"2393",2008-11-06,55.04
"2394",2008-11-06,55.04
"2395",2008-11-07,55.04
"2396",2008-11-08,55.04
"2397",2008-11-09,55.04
"2398",2008-11-10,55.04
"2399",2008-11-11,55.04
"2400",2008-11-12,55.04
"2401",2008-11-13,55.04
"2402",2008-11-14,55.04
"2403",2008-11-15,55.04
"2404",2008-11-16,55.04
"2405",2008-11-17,55.04
"2406",2008-11-18,55.04
"2407",2008-11-19,55.04
"2408",2008-11-20,55.04
"2409",2008-11-21,55.04
"2410",2008-11-22,55.04
"2411",2008-11-23,55.04
"2412",2008-11-24,55.04
"2413",2008-11-25,55.04
"2414",2008-11-26,55.04
"2415",2008-11-27,55.04
"2416",2008-11-28,55.04
"2417",2008-11-29,55.04
"2418",2008-11-30,55.04
"2419",2008-12-01,55.04
"2420",2008-12-02,55.04
"2421",2008-12-03,55.04
"2422",2008-12-04,55.04
"2423",2008-12-05,55.04
"2424",2008-12-06,49.8
"2425",2008-12-06,49.8
"2426",2008-12-07,49.8
"2427",2008-12-08,49.8
"2428",2008-12-09,49.8
"2429",2008-12-10,49.8
"2430",2008-12-11,49.8
"2431",2008-12-12,49.8
"2432",2008-12-13,49.8
"2433",2008-12-14,49.8
"2434",2008-12-15,49.8
"2435",2008-12-16,49.8
"2436",2008-12-17,49.8
"2437",2008-12-18,49.8
"2438",2008-12-19,49.8
"2439",2008-12-20,49.8
"2440",2008-12-21,49.8
"2441",2008-12-22,49.8
"2442",2008-12-23,49.8
"2443",2008-12-24,49.8
"2444",2008-12-25,49.8
"2445",2008-12-26,49.8
"2446",2008-12-27,49.8
"2447",2008-12-28,49.8
"2448",2008-12-29,49.8
"2449",2008-12-30,49.8
"2450",2008-12-31,49.8
"2451",2009-01-01,49.8
"2452",2009-01-02,49.8
"2453",2009-01-03,49.8
"2454",2009-01-04,49.8
"2455",2009-01-05,49.8
"2456",2009-01-06,49.8
"2457",2009-01-07,49.8
"2458",2009-01-08,49.8
"2459",2009-01-09,49.8
"2460",2009-01-10,49.8
"2461",2009-01-11,49.8
"2462",2009-01-12,49.8
"2463",2009-01-13,49.8
"2464",2009-01-14,49.8
"2465",2009-01-15,49.8
"2466",2009-01-16,49.8
"2467",2009-01-17,49.8
"2468",2009-01-18,49.8
"2469",2009-01-19,49.8
"2470",2009-01-20,49.8
"2471",2009-01-21,49.8
"2472",2009-01-22,49.8
"2473",2009-01-23,49.8
"2474",2009-01-24,49.8
"2475",2009-01-25,49.8
"2476",2009-01-26,49.8
"2477",2009-01-27,49.8
"2478",2009-01-28,49.8
"2479",2009-01-29,44.55
"2480",2009-01-29,44.55
"2481",2009-01-30,44.55
"2482",2009-01-31,44.55
"2483",2009-02-01,44.55
"2484",2009-02-02,44.55
"2485",2009-02-03,44.55
"2486",2009-02-04,44.55
"2487",2009-02-05,44.55
"2488",2009-02-06,44.55
"2489",2009-02-07,44.55
"2490",2009-02-08,44.55
"2491",2009-02-09,44.55
"2492",2009-02-10,44.55
"2493",2009-02-11,44.55
"2494",2009-02-12,44.55
"2495",2009-02-13,44.55
"2496",2009-02-14,44.55
"2497",2009-02-15,44.55
"2498",2009-02-16,44.55
"2499",2009-02-17,44.55
"2500",2009-02-18,44.55
"2501",2009-02-19,44.55
"2502",2009-02-20,44.55
"2503",2009-02-21,44.55
"2504",2009-02-22,44.55
"2505",2009-02-23,44.55
"2506",2009-02-24,44.55
"2507",2009-02-25,44.55
"2508",2009-02-26,44.55
"2509",2009-02-27,44.55
"2510",2009-02-28,44.55
"2511",2009-03-01,44.55
"2512",2009-03-02,44.55
"2513",2009-03-03,44.55
"2514",2009-03-04,44.55
"2515",2009-03-05,44.55
"2516",2009-03-06,44.55
"2517",2009-03-07,44.55
"2518",2009-03-08,44.55
"2519",2009-03-09,44.55
"2520",2009-03-10,44.55
"2521",2009-03-11,44.55
"2522",2009-03-12,44.55
"2523",2009-03-13,44.55
"2524",2009-03-14,44.55
"2525",2009-03-15,44.55
"2526",2009-03-16,44.55
"2527",2009-03-17,44.55
"2528",2009-03-18,44.55
"2529",2009-03-19,44.55
"2530",2009-03-20,44.55
"2531",2009-03-21,44.55
"2532",2009-03-22,44.55
"2533",2009-03-23,44.55
"2534",2009-03-24,44.55
"2535",2009-03-25,44.55
"2536",2009-03-26,44.55
"2537",2009-03-27,44.55
"2538",2009-03-28,44.55
"2539",2009-03-29,44.55
"2540",2009-03-30,44.55
"2541",2009-03-31,44.55
"2542",2009-04-01,44.55
"2543",2009-04-02,44.55
"2544",2009-04-03,44.55
"2545",2009-04-04,44.55
"2546",2009-04-05,44.55
"2547",2009-04-06,44.55
"2548",2009-04-07,44.55
"2549",2009-04-08,44.55
"2550",2009-04-09,44.55
"2551",2009-04-10,44.55
"2552",2009-04-11,44.55
"2553",2009-04-12,44.55
"2554",2009-04-13,44.55
"2555",2009-04-14,44.55
"2556",2009-04-15,44.55
"2557",2009-04-16,44.55
"2558",2009-04-17,44.55
"2559",2009-04-18,44.55
"2560",2009-04-19,44.55
"2561",2009-04-20,44.55
"2562",2009-04-21,44.55
"2563",2009-04-22,44.55
"2564",2009-04-23,44.55
"2565",2009-04-24,44.55
"2566",2009-04-25,44.55
"2567",2009-04-26,44.55
"2568",2009-04-27,44.55
"2569",2009-04-28,44.55
"2570",2009-04-29,44.55
"2571",2009-04-30,44.55
"2572",2009-05-01,44.55
"2573",2009-05-02,44.55
"2574",2009-05-03,44.55
"2575",2009-05-04,44.55
"2576",2009-05-05,44.55
"2577",2009-05-06,44.55
"2578",2009-05-07,44.55
"2579",2009-05-08,44.55
"2580",2009-05-09,44.55
"2581",2009-05-10,44.55
"2582",2009-05-11,44.55
"2583",2009-05-12,44.55
"2584",2009-05-13,44.55
"2585",2009-05-14,44.55
"2586",2009-05-15,44.55
"2587",2009-05-16,44.55
"2588",2009-05-17,44.55
"2589",2009-05-18,44.55
"2590",2009-05-19,44.55
"2591",2009-05-20,44.55
"2592",2009-05-21,44.55
"2593",2009-05-22,44.55
"2594",2009-05-23,44.55
"2595",2009-05-24,44.55
"2596",2009-05-25,44.55
"2597",2009-05-26,44.55
"2598",2009-05-27,44.55
"2599",2009-05-28,44.55
"2600",2009-05-29,44.55
"2601",2009-05-30,44.55
"2602",2009-05-31,44.55
"2603",2009-06-01,44.55
"2604",2009-06-02,44.55
"2605",2009-06-03,44.55
"2606",2009-06-04,44.55
"2607",2009-06-05,44.55
"2608",2009-06-06,44.55
"2609",2009-06-07,44.55
"2610",2009-06-08,44.55
"2611",2009-06-09,44.55
"2612",2009-06-10,44.55
"2613",2009-06-11,44.55
"2614",2009-06-12,44.55
"2615",2009-06-13,44.55
"2616",2009-06-14,44.55
"2617",2009-06-15,44.55
"2618",2009-06-16,44.55
"2619",2009-06-17,44.55
"2620",2009-06-18,44.55
"2621",2009-06-19,44.55
"2622",2009-06-20,44.55
"2623",2009-06-21,44.55
"2624",2009-06-22,44.55
"2625",2009-06-23,44.55
"2626",2009-06-24,44.55
"2627",2009-06-25,44.55
"2628",2009-06-26,44.55
"2629",2009-06-27,44.55
"2630",2009-06-28,44.55
"2631",2009-06-29,44.55
"2632",2009-06-30,44.55
"2633",2009-07-01,44.55
"2634",2009-07-02,48.76
"2635",2009-07-02,48.76
"2636",2009-07-03,48.76
"2637",2009-07-04,48.76
"2638",2009-07-05,48.76
"2639",2009-07-06,48.76
"2640",2009-07-07,48.76
"2641",2009-07-08,48.76
"2642",2009-07-09,48.76
"2643",2009-07-10,48.76
"2644",2009-07-11,48.76
"2645",2009-07-12,48.76
"2646",2009-07-13,48.76
"2647",2009-07-14,48.76
"2648",2009-07-15,48.76
"2649",2009-07-16,48.76
"2650",2009-07-17,48.76
"2651",2009-07-18,48.76
"2652",2009-07-19,48.76
"2653",2009-07-20,48.76
"2654",2009-07-21,48.76
"2655",2009-07-22,48.76
"2656",2009-07-23,48.76
"2657",2009-07-24,48.76
"2658",2009-07-25,48.76
"2659",2009-07-26,48.76
"2660",2009-07-27,48.76
"2661",2009-07-28,48.76
"2662",2009-07-29,48.76
"2663",2009-07-30,48.76
"2664",2009-07-31,48.76
"2665",2009-08-01,48.76
"2666",2009-08-02,48.76
"2667",2009-08-03,48.76
"2668",2009-08-04,48.76
"2669",2009-08-05,48.76
"2670",2009-08-06,48.76
"2671",2009-08-07,48.76
"2672",2009-08-08,48.76
"2673",2009-08-09,48.76
"2674",2009-08-10,48.76
"2675",2009-08-11,48.76
"2676",2009-08-12,48.76
"2677",2009-08-13,48.76
"2678",2009-08-14,48.76
"2679",2009-08-15,48.76
"2680",2009-08-16,48.76
"2681",2009-08-17,48.76
"2682",2009-08-18,48.76
"2683",2009-08-19,48.76
"2684",2009-08-20,48.76
"2685",2009-08-21,48.76
"2686",2009-08-22,48.76
"2687",2009-08-23,48.76
"2688",2009-08-24,48.76
"2689",2009-08-25,48.76
"2690",2009-08-26,48.76
"2691",2009-08-27,48.76
"2692",2009-08-28,48.76
"2693",2009-08-29,48.76
"2694",2009-08-30,48.76
"2695",2009-08-31,48.76
"2696",2009-09-01,48.76
"2697",2009-09-02,48.76
"2698",2009-09-03,48.76
"2699",2009-09-04,48.76
"2700",2009-09-05,48.76
"2701",2009-09-06,48.76
"2702",2009-09-07,48.76
"2703",2009-09-08,48.76
"2704",2009-09-09,48.76
"2705",2009-09-10,48.76
"2706",2009-09-11,48.76
"2707",2009-09-12,48.76
"2708",2009-09-13,48.76
"2709",2009-09-14,48.76
"2710",2009-09-15,48.76
"2711",2009-09-16,48.76
"2712",2009-09-17,48.76
"2713",2009-09-18,48.76
"2714",2009-09-19,48.76
"2715",2009-09-20,48.76
"2716",2009-09-21,48.76
"2717",2009-09-22,48.76
"2718",2009-09-23,48.76
"2719",2009-09-24,48.76
"2720",2009-09-25,48.76
"2721",2009-09-26,48.76
"2722",2009-09-27,48.76
"2723",2009-09-28,48.76
"2724",2009-09-29,48.76
"2725",2009-09-30,48.76
"2726",2009-10-01,48.76
"2727",2009-10-02,48.76
"2728",2009-10-03,48.76
"2729",2009-10-04,48.76
"2730",2009-10-05,48.76
"2731",2009-10-06,48.76
"2732",2009-10-07,48.76
"2733",2009-10-08,48.76
"2734",2009-10-09,48.76
"2735",2009-10-10,48.76
"2736",2009-10-11,48.76
"2737",2009-10-12,48.76
"2738",2009-10-13,48.76
"2739",2009-10-14,48.76
"2740",2009-10-15,48.76
"2741",2009-10-16,48.76
"2742",2009-10-17,48.76
"2743",2009-10-18,48.76
"2744",2009-10-19,48.76
"2745",2009-10-20,48.76
"2746",2009-10-21,48.76
"2747",2009-10-22,48.76
"2748",2009-10-23,48.76
"2749",2009-10-24,48.76
"2750",2009-10-25,48.76
"2751",2009-10-26,48.76
"2752",2009-10-27,48.76
"2753",2009-10-28,48.76
"2754",2009-10-29,48.76
"2755",2009-10-30,48.76
"2756",2009-10-31,48.76
"2757",2009-11-01,48.76
"2758",2009-11-02,48.76
"2759",2009-11-03,48.76
"2760",2009-11-04,48.76
"2761",2009-11-05,48.76
"2762",2009-11-06,48.76
"2763",2009-11-07,48.76
"2764",2009-11-08,48.76
"2765",2009-11-09,48.76
"2766",2009-11-10,48.76
"2767",2009-11-11,48.76
"2768",2009-11-12,48.76
"2769",2009-11-13,48.76
"2770",2009-11-14,48.76
"2771",2009-11-15,48.76
"2772",2009-11-16,48.76
"2773",2009-11-17,48.76
"2774",2009-11-18,48.76
"2775",2009-11-19,48.76
"2776",2009-11-20,48.76
"2777",2009-11-21,48.76
"2778",2009-11-22,48.76
"2779",2009-11-23,48.76
"2780",2009-11-24,48.76
"2781",2009-11-25,48.76
"2782",2009-11-26,48.76
"2783",2009-11-27,48.76
"2784",2009-11-28,48.76
"2785",2009-11-29,48.76
"2786",2009-11-30,48.76
"2787",2009-12-01,48.76
"2788",2009-12-02,48.76
"2789",2009-12-03,48.76
"2790",2009-12-04,48.76
"2791",2009-12-05,48.76
"2792",2009-12-06,48.76
"2793",2009-12-07,48.76
"2794",2009-12-08,48.76
"2795",2009-12-09,48.76
"2796",2009-12-10,48.76
"2797",2009-12-11,48.76
"2798",2009-12-12,48.76
"2799",2009-12-13,48.76
"2800",2009-12-14,48.76
"2801",2009-12-15,48.76
"2802",2009-12-16,48.76
"2803",2009-12-17,48.76
"2804",2009-12-18,48.76
"2805",2009-12-19,48.76
"2806",2009-12-20,48.76
"2807",2009-12-21,48.76
"2808",2009-12-22,48.76
"2809",2009-12-23,48.76
"2810",2009-12-24,48.76
"2811",2009-12-25,48.76
"2812",2009-12-26,48.76
"2813",2009-12-27,48.76
"2814",2009-12-28,48.76
"2815",2009-12-29,48.76
"2816",2009-12-30,48.76
"2817",2009-12-31,48.76
"2818",2010-01-01,48.76
"2819",2010-01-02,48.76
"2820",2010-01-03,48.76
"2821",2010-01-04,48.76
"2822",2010-01-05,48.76
"2823",2010-01-06,48.76
"2824",2010-01-07,48.76
"2825",2010-01-08,48.76
"2826",2010-01-09,48.76
"2827",2010-01-10,48.76
"2828",2010-01-11,48.76
"2829",2010-01-12,48.76
"2830",2010-01-13,48.76
"2831",2010-01-14,48.76
"2832",2010-01-15,48.76
"2833",2010-01-16,48.76
"2834",2010-01-17,48.76
"2835",2010-01-18,48.76
"2836",2010-01-19,48.76
"2837",2010-01-20,48.76
"2838",2010-01-21,48.76
"2839",2010-01-22,48.76
"2840",2010-01-23,48.76
"2841",2010-01-24,48.76
"2842",2010-01-25,48.76
"2843",2010-01-26,48.76
"2844",2010-01-27,48.76
"2845",2010-01-28,48.76
"2846",2010-01-29,48.76
"2847",2010-01-30,48.76
"2848",2010-01-31,48.76
"2849",2010-02-01,48.76
"2850",2010-02-02,48.76
"2851",2010-02-03,48.76
"2852",2010-02-04,48.76
"2853",2010-02-05,48.76
"2854",2010-02-06,48.76
"2855",2010-02-07,48.76
"2856",2010-02-08,48.76
"2857",2010-02-09,48.76
"2858",2010-02-10,48.76
"2859",2010-02-11,48.76
"2860",2010-02-12,48.76
"2861",2010-02-13,48.76
"2862",2010-02-14,48.76
"2863",2010-02-15,48.76
"2864",2010-02-16,48.76
"2865",2010-02-17,48.76
"2866",2010-02-18,48.76
"2867",2010-02-19,48.76
"2868",2010-02-20,48.76
"2869",2010-02-21,48.76
"2870",2010-02-22,48.76
"2871",2010-02-23,48.76
"2872",2010-02-24,48.76
"2873",2010-02-25,48.76
"2874",2010-02-26,48.76
"2875",2010-02-27,51.68
"2876",2010-02-27,51.68
"2877",2010-02-28,51.68
"2878",2010-03-01,51.68
"2879",2010-03-02,51.68
"2880",2010-03-03,51.68
"2881",2010-03-04,51.68
"2882",2010-03-05,51.68
"2883",2010-03-06,51.68
"2884",2010-03-07,51.68
"2885",2010-03-08,51.68
"2886",2010-03-09,51.68
"2887",2010-03-10,51.68
"2888",2010-03-11,51.68
"2889",2010-03-12,51.68
"2890",2010-03-13,51.68
"2891",2010-03-14,51.68
"2892",2010-03-15,51.68
"2893",2010-03-16,51.68
"2894",2010-03-17,51.68
"2895",2010-03-18,51.68
"2896",2010-03-19,51.68
"2897",2010-03-20,51.68
"2898",2010-03-21,51.68
"2899",2010-03-22,51.68
"2900",2010-03-23,51.68
"2901",2010-03-24,51.68
"2902",2010-03-25,51.68
"2903",2010-03-26,51.68
"2904",2010-03-27,51.68
"2905",2010-03-28,51.68
"2906",2010-03-29,51.68
"2907",2010-03-30,51.68
"2908",2010-03-31,51.68
"2909",2010-04-01,52.2
"2910",2010-04-01,52.2
"2911",2010-04-02,52.2
"2912",2010-04-03,52.2
"2913",2010-04-04,52.2
"2914",2010-04-05,52.2
"2915",2010-04-06,52.2
"2916",2010-04-07,52.2
"2917",2010-04-08,52.2
"2918",2010-04-09,52.2
"2919",2010-04-10,52.2
"2920",2010-04-11,52.2
"2921",2010-04-12,52.2
"2922",2010-04-13,52.2
"2923",2010-04-14,52.2
"2924",2010-04-15,52.2
"2925",2010-04-16,52.2
"2926",2010-04-17,52.2
"2927",2010-04-18,52.2
"2928",2010-04-19,52.2
"2929",2010-04-20,52.2
"2930",2010-04-21,52.2
"2931",2010-04-22,52.2
"2932",2010-04-23,52.2
"2933",2010-04-24,52.2
"2934",2010-04-25,52.2
"2935",2010-04-26,52.2
"2936",2010-04-27,52.2
"2937",2010-04-28,52.2
"2938",2010-04-29,52.2
"2939",2010-04-30,52.2
"2940",2010-05-01,52.2
"2941",2010-05-02,52.2
"2942",2010-05-03,52.2
"2943",2010-05-04,52.2
"2944",2010-05-05,52.2
"2945",2010-05-06,52.2
"2946",2010-05-07,52.2
"2947",2010-05-08,52.2
"2948",2010-05-09,52.2
"2949",2010-05-10,52.2
"2950",2010-05-11,52.2
"2951",2010-05-12,52.2
"2952",2010-05-13,52.2
"2953",2010-05-14,52.2
"2954",2010-05-15,52.2
"2955",2010-05-16,52.2
"2956",2010-05-17,52.2
"2957",2010-05-18,52.2
"2958",2010-05-19,52.2
"2959",2010-05-20,52.2
"2960",2010-05-21,52.2
"2961",2010-05-22,52.2
"2962",2010-05-23,52.2
"2963",2010-05-24,52.2
"2964",2010-05-25,52.2
"2965",2010-05-26,52.2
"2966",2010-05-27,52.2
"2967",2010-05-28,52.2
"2968",2010-05-29,52.2
"2969",2010-05-30,52.2
"2970",2010-05-31,52.2
"2971",2010-06-01,52.2
"2972",2010-06-02,52.2
"2973",2010-06-03,52.2
"2974",2010-06-04,52.2
"2975",2010-06-05,52.2
"2976",2010-06-06,52.2
"2977",2010-06-07,52.2
"2978",2010-06-08,52.2
"2979",2010-06-09,52.2
"2980",2010-06-10,52.2
"2981",2010-06-11,52.2
"2982",2010-06-12,52.2
"2983",2010-06-13,52.2
"2984",2010-06-14,52.2
"2985",2010-06-15,52.2
"2986",2010-06-16,52.2
"2987",2010-06-17,52.2
"2988",2010-06-18,52.2
"2989",2010-06-19,52.2
"2990",2010-06-20,52.2
"2991",2010-06-21,52.2
"2992",2010-06-22,52.2
"2993",2010-06-23,52.2
"2994",2010-06-24,52.2
"2995",2010-06-25,52.2
"2996",2010-06-26,55.88
"2997",2010-06-26,55.88
"2998",2010-06-27,55.88
"2999",2010-06-28,55.88
"3000",2010-06-29,55.88
"3001",2010-06-30,55.88
"3002",2010-07-01,55.88
"3003",2010-07-02,55.88
"3004",2010-07-03,55.88
"3005",2010-07-04,55.88
"3006",2010-07-05,55.88
"3007",2010-07-06,55.88
"3008",2010-07-07,55.88
"3009",2010-07-08,55.88
"3010",2010-07-09,55.88
"3011",2010-07-10,55.88
"3012",2010-07-11,55.88
"3013",2010-07-12,55.88
"3014",2010-07-13,55.88
"3015",2010-07-14,55.88
"3016",2010-07-15,55.88
"3017",2010-07-16,55.88
"3018",2010-07-17,55.88
"3019",2010-07-18,55.88
"3020",2010-07-19,55.88
"3021",2010-07-20,55.88
"3022",2010-07-21,55.88
"3023",2010-07-22,55.88
"3024",2010-07-23,55.88
"3025",2010-07-24,55.88
"3026",2010-07-25,55.88
"3027",2010-07-26,55.88
"3028",2010-07-27,55.88
"3029",2010-07-28,55.88
"3030",2010-07-29,55.88
"3031",2010-07-30,55.88
"3032",2010-07-31,55.88
"3033",2010-08-01,55.88
"3034",2010-08-02,55.88
"3035",2010-08-03,55.88
"3036",2010-08-04,55.88
"3037",2010-08-05,55.88
"3038",2010-08-06,55.88
"3039",2010-08-07,55.88
"3040",2010-08-08,55.88
"3041",2010-08-09,55.88
"3042",2010-08-10,55.88
"3043",2010-08-11,55.88
"3044",2010-08-12,55.88
"3045",2010-08-13,55.88
"3046",2010-08-14,55.88
"3047",2010-08-15,55.88
"3048",2010-08-16,55.88
"3049",2010-08-17,55.88
"3050",2010-08-18,55.88
"3051",2010-08-19,55.88
"3052",2010-08-20,55.88
"3053",2010-08-21,55.88
"3054",2010-08-22,55.88
"3055",2010-08-23,55.88
"3056",2010-08-24,55.88
"3057",2010-08-25,55.88
"3058",2010-08-26,55.88
"3059",2010-08-27,55.88
"3060",2010-08-28,55.88
"3061",2010-08-29,55.88
"3062",2010-08-30,55.88
"3063",2010-08-31,55.88
"3064",2010-09-01,55.88
"3065",2010-09-02,55.88
"3066",2010-09-03,55.88
"3067",2010-09-04,55.88
"3068",2010-09-05,55.88
"3069",2010-09-06,55.88
"3070",2010-09-07,55.88
"3071",2010-09-08,55.97
"3072",2010-09-08,55.97
"3073",2010-09-09,55.97
"3074",2010-09-10,55.97
"3075",2010-09-11,55.97
"3076",2010-09-12,55.97
"3077",2010-09-13,55.97
"3078",2010-09-14,55.97
"3079",2010-09-15,55.97
"3080",2010-09-16,55.97
"3081",2010-09-17,55.97
"3082",2010-09-18,55.97
"3083",2010-09-19,55.97
"3084",2010-09-20,55.97
"3085",2010-09-21,56.25
"3086",2010-09-21,56.25
"3087",2010-09-22,56.25
"3088",2010-09-23,56.25
"3089",2010-09-24,56.25
"3090",2010-09-25,56.25
"3091",2010-09-26,56.25
"3092",2010-09-27,56.25
"3093",2010-09-28,56.25
"3094",2010-09-29,56.25
"3095",2010-09-30,56.25
"3096",2010-10-01,56.25
"3097",2010-10-02,56.25
"3098",2010-10-03,56.25
"3099",2010-10-04,56.25
"3100",2010-10-05,56.25
"3101",2010-10-06,56.25
"3102",2010-10-07,56.25
"3103",2010-10-08,56.25
"3104",2010-10-09,56.25
"3105",2010-10-10,56.25
"3106",2010-10-11,56.25
"3107",2010-10-12,56.25
"3108",2010-10-13,56.25
"3109",2010-10-14,56.25
"3110",2010-10-15,56.25
"3111",2010-10-16,56.25
"3112",2010-10-17,57.01
"3113",2010-10-17,57.01
"3114",2010-10-18,57.01
"3115",2010-10-19,57.01
"3116",2010-10-20,57.01
"3117",2010-10-21,57.01
"3118",2010-10-22,57.01
"3119",2010-10-23,57.01
"3120",2010-10-24,57.01
"3121",2010-10-25,57.01
"3122",2010-10-26,57.01
"3123",2010-10-27,57.01
"3124",2010-10-28,57.01
"3125",2010-10-29,57.01
"3126",2010-10-30,57.01
"3127",2010-10-31,57.01
"3128",2010-11-01,57.01
"3129",2010-11-02,57.01
"3130",2010-11-02,57.01
"3131",2010-11-03,57.01
"3132",2010-11-04,57.01
"3133",2010-11-05,57.01
"3134",2010-11-06,57.01
"3135",2010-11-07,57.01
"3136",2010-11-08,57.01
"3137",2010-11-09,57.35
"3138",2010-11-09,57.35
"3139",2010-11-10,57.35
"3140",2010-11-11,57.35
"3141",2010-11-12,57.35
"3142",2010-11-13,57.35
"3143",2010-11-14,57.35
"3144",2010-11-15,57.35
"3145",2010-11-16,57.35
"3146",2010-11-17,57.35
"3147",2010-11-18,57.35
"3148",2010-11-19,57.35
"3149",2010-11-20,57.35
"3150",2010-11-21,57.35
"3151",2010-11-22,57.35
"3152",2010-11-23,57.35
"3153",2010-11-24,57.35
"3154",2010-11-25,57.35
"3155",2010-11-26,57.35
"3156",2010-11-27,57.35
"3157",2010-11-28,57.35
"3158",2010-11-29,57.35
"3159",2010-11-30,57.35
"3160",2010-12-01,57.35
"3161",2010-12-02,57.35
"3162",2010-12-03,57.35
"3163",2010-12-04,57.35
"3164",2010-12-05,57.35
"3165",2010-12-06,57.35
"3166",2010-12-07,57.35
"3167",2010-12-08,57.35
"3168",2010-12-09,57.35
"3169",2010-12-10,57.35
"3170",2010-12-11,57.35
"3171",2010-12-12,57.35
"3172",2010-12-13,57.35
"3173",2010-12-14,57.35
"3174",2010-12-15,57.35
"3175",2010-12-16,60.46
"3176",2010-12-16,60.46
"3177",2010-12-17,60.46
"3178",2010-12-18,60.46
"3179",2010-12-19,60.46
"3180",2010-12-20,60.46
"3181",2010-12-21,60.46
"3182",2010-12-22,60.46
"3183",2010-12-23,60.46
"3184",2010-12-24,60.46
"3185",2010-12-25,60.46
"3186",2010-12-26,60.46
"3187",2010-12-27,60.46
"3188",2010-12-28,60.46
"3189",2010-12-29,60.46
"3190",2010-12-30,60.46
"3191",2010-12-31,60.46
"3192",2011-01-01,60.46
"3193",2011-01-02,60.46
"3194",2011-01-03,60.46
"3195",2011-01-04,60.46
"3196",2011-01-05,60.46
"3197",2011-01-06,60.46
"3198",2011-01-07,60.46
"3199",2011-01-08,60.46
"3200",2011-01-09,60.46
"3201",2011-01-10,60.46
"3202",2011-01-11,60.46
"3203",2011-01-12,60.46
"3204",2011-01-13,60.46
"3205",2011-01-14,60.46
"3206",2011-01-15,60.46
"3207",2011-01-16,63.08
"3208",2011-01-16,63.08
"3209",2011-01-17,63.08
"3210",2011-01-18,63.08
"3211",2011-01-19,63.08
"3212",2011-01-20,63.08
"3213",2011-01-21,63.08
"3214",2011-01-22,63.08
"3215",2011-01-23,63.08
"3216",2011-01-24,63.08
"3217",2011-01-25,63.08
"3218",2011-01-26,63.08
"3219",2011-01-27,63.08
"3220",2011-01-28,63.08
"3221",2011-01-29,63.08
"3222",2011-01-30,63.08
"3223",2011-01-31,63.08
"3224",2011-02-01,63.08
"3225",2011-02-02,63.08
"3226",2011-02-03,63.08
"3227",2011-02-04,63.08
"3228",2011-02-05,63.08
"3229",2011-02-06,63.08
"3230",2011-02-07,63.08
"3231",2011-02-08,63.08
"3232",2011-02-09,63.08
"3233",2011-02-10,63.08
"3234",2011-02-11,63.08
"3235",2011-02-12,63.08
"3236",2011-02-13,63.08
"3237",2011-02-14,63.08
"3238",2011-02-15,63.08
"3239",2011-02-16,63.08
"3240",2011-02-17,63.08
"3241",2011-02-18,63.08
"3242",2011-02-19,63.08
"3243",2011-02-20,63.08
"3244",2011-02-21,63.08
"3245",2011-02-22,63.08
"3246",2011-02-23,63.08
"3247",2011-02-24,63.08
"3248",2011-02-25,63.08
"3249",2011-02-26,63.08
"3250",2011-02-27,63.08
"3251",2011-02-28,63.08
"3252",2011-03-01,63.08
"3253",2011-03-02,63.08
"3254",2011-03-02,63.08
"3255",2011-03-03,63.08
"3256",2011-03-04,63.08
"3257",2011-03-05,63.08
"3258",2011-03-06,63.08
"3259",2011-03-07,63.08
"3260",2011-03-08,63.08
"3261",2011-03-09,63.08
"3262",2011-03-10,63.08
"3263",2011-03-11,63.08
"3264",2011-03-12,63.08
"3265",2011-03-13,63.08
"3266",2011-03-14,63.08
"3267",2011-03-15,63.08
"3268",2011-03-16,63.08
"3269",2011-03-17,63.08
"3270",2011-03-18,63.08
"3271",2011-03-19,63.08
"3272",2011-03-20,63.08
"3273",2011-03-21,63.08
"3274",2011-03-22,63.08
"3275",2011-03-23,63.08
"3276",2011-03-24,63.08
"3277",2011-03-25,63.08
"3278",2011-03-26,63.08
"3279",2011-03-27,63.08
"3280",2011-03-28,63.08
"3281",2011-03-29,63.08
"3282",2011-03-30,63.08
"3283",2011-03-31,63.08
"3284",2011-04-01,63.08
"3285",2011-04-02,63.08
"3286",2011-04-03,63.08
"3287",2011-04-04,63.08
"3288",2011-04-05,63.08
"3289",2011-04-06,63.08
"3290",2011-04-07,63.08
"3291",2011-04-08,63.08
"3292",2011-04-09,63.08
"3293",2011-04-10,63.08
"3294",2011-04-11,63.08
"3295",2011-04-12,63.08
"3296",2011-04-13,63.08
"3297",2011-04-14,63.08
"3298",2011-04-15,63.08
"3299",2011-04-16,63.08
"3300",2011-04-17,63.08
"3301",2011-04-18,63.08
"3302",2011-04-19,63.08
"3303",2011-04-20,63.08
"3304",2011-04-21,63.08
"3305",2011-04-22,63.08
"3306",2011-04-23,63.08
"3307",2011-04-24,63.08
"3308",2011-04-25,63.08
"3309",2011-04-26,63.08
"3310",2011-04-27,63.08
"3311",2011-04-28,63.08
"3312",2011-04-29,63.08
"3313",2011-04-30,63.08
"3314",2011-05-01,63.08
"3315",2011-05-02,63.08
"3316",2011-05-03,63.08
"3317",2011-05-04,63.08
"3318",2011-05-05,63.08
"3319",2011-05-06,63.08
"3320",2011-05-07,63.08
"3321",2011-05-08,63.08
"3322",2011-05-09,63.08
"3323",2011-05-10,63.08
"3324",2011-05-11,63.08
"3325",2011-05-12,63.08
"3326",2011-05-13,63.08
"3327",2011-05-14,63.08
"3328",2011-05-15,68.33
"3329",2011-05-15,68.33
"3330",2011-05-16,68.33
"3331",2011-05-17,68.33
"3332",2011-05-18,68.33
"3333",2011-05-19,68.33
"3334",2011-05-20,68.33
"3335",2011-05-21,68.33
"3336",2011-05-22,68.33
"3337",2011-05-23,68.33
"3338",2011-05-24,68.33
"3339",2011-05-25,68.33
"3340",2011-05-26,68.33
"3341",2011-05-27,68.33
"3342",2011-05-28,68.33
"3343",2011-05-29,68.33
"3344",2011-05-30,68.33
"3345",2011-05-31,68.33
"3346",2011-06-01,68.33
"3347",2011-06-02,68.33
"3348",2011-06-03,68.33
"3349",2011-06-04,68.33
"3350",2011-06-05,68.33
"3351",2011-06-06,68.33
"3352",2011-06-07,68.33
"3353",2011-06-08,68.33
"3354",2011-06-09,68.33
"3355",2011-06-10,68.33
"3356",2011-06-11,68.33
"3357",2011-06-12,68.33
"3358",2011-06-13,68.33
"3359",2011-06-14,68.33
"3360",2011-06-15,68.33
"3361",2011-06-16,68.33
"3362",2011-06-17,68.33
"3363",2011-06-18,68.33
"3364",2011-06-19,68.33
"3365",2011-06-20,68.33
"3366",2011-06-21,68.33
"3367",2011-06-22,68.33
"3368",2011-06-23,68.33
"3369",2011-06-24,68.33
"3370",2011-06-25,68.33
"3371",2011-06-26,68.33
"3372",2011-06-27,68.33
"3373",2011-06-28,68.33
"3374",2011-06-29,68.33
"3375",2011-06-30,68.33
"3376",2011-07-01,68.62
"3377",2011-07-01,68.62
"3378",2011-07-02,68.62
"3379",2011-07-03,68.62
"3380",2011-07-04,68.62
"3381",2011-07-05,68.62
"3382",2011-07-06,68.62
"3383",2011-07-07,68.62
"3384",2011-07-08,68.62
"3385",2011-07-09,68.62
"3386",2011-07-10,68.62
"3387",2011-07-11,68.62
"3388",2011-07-12,68.62
"3389",2011-07-13,68.62
"3390",2011-07-14,68.62
"3391",2011-07-15,68.62
"3392",2011-07-16,68.62
"3393",2011-07-17,68.62
"3394",2011-07-18,68.62
"3395",2011-07-19,68.62
"3396",2011-07-20,68.62
"3397",2011-07-21,68.62
"3398",2011-07-22,68.62
"3399",2011-07-23,68.62
"3400",2011-07-24,68.62
"3401",2011-07-25,68.62
"3402",2011-07-26,68.62
"3403",2011-07-27,68.62
"3404",2011-07-28,68.62
"3405",2011-07-29,68.62
"3406",2011-07-30,68.62
"3407",2011-07-31,68.62
"3408",2011-08-01,68.62
"3409",2011-08-02,68.62
"3410",2011-08-03,68.62
"3411",2011-08-04,68.62
"3412",2011-08-05,68.62
"3413",2011-08-06,68.62
"3414",2011-08-07,68.62
"3415",2011-08-08,68.62
"3416",2011-08-09,68.62
"3417",2011-08-10,68.62
"3418",2011-08-11,68.62
"3419",2011-08-12,68.62
"3420",2011-08-13,68.62
"3421",2011-08-14,68.62
"3422",2011-08-15,68.62
"3423",2011-08-16,68.62
"3424",2011-08-17,68.62
"3425",2011-08-18,68.62
"3426",2011-08-19,68.62
"3427",2011-08-20,68.62
"3428",2011-08-21,68.62
"3429",2011-08-22,68.62
"3430",2011-08-23,68.62
"3431",2011-08-24,68.62
"3432",2011-08-25,68.62
"3433",2011-08-26,68.62
"3434",2011-08-27,68.62
"3435",2011-08-28,68.62
"3436",2011-08-29,68.62
"3437",2011-08-30,68.62
"3438",2011-08-31,68.62
"3439",2011-09-01,68.62
"3440",2011-09-02,68.62
"3441",2011-09-03,68.62
"3442",2011-09-04,68.62
"3443",2011-09-05,68.62
"3444",2011-09-06,68.62
"3445",2011-09-07,68.62
"3446",2011-09-08,68.62
"3447",2011-09-09,68.62
"3448",2011-09-10,68.62
"3449",2011-09-11,68.62
"3450",2011-09-12,68.62
"3451",2011-09-13,68.62
"3452",2011-09-14,68.62
"3453",2011-09-15,68.62
"3454",2011-09-16,71.91
"3455",2011-09-16,71.91
"3456",2011-09-17,71.91
"3457",2011-09-18,71.91
"3458",2011-09-19,71.91
"3459",2011-09-20,71.91
"3460",2011-09-21,71.91
"3461",2011-09-22,71.91
"3462",2011-09-23,71.91
"3463",2011-09-24,71.91
"3464",2011-09-25,71.91
"3465",2011-09-26,71.91
"3466",2011-09-27,71.91
"3467",2011-09-28,71.91
"3468",2011-09-29,71.91
"3469",2011-09-30,71.91
"3470",2011-10-01,71.91
"3471",2011-10-02,71.91
"3472",2011-10-03,71.91
"3473",2011-10-04,71.91
"3474",2011-10-05,71.91
"3475",2011-10-06,71.91
"3476",2011-10-07,71.91
"3477",2011-10-08,71.91
"3478",2011-10-09,71.91
"3479",2011-10-10,71.91
"3480",2011-10-11,71.91
"3481",2011-10-12,71.91
"3482",2011-10-13,71.91
"3483",2011-10-14,71.91
"3484",2011-10-15,71.91
"3485",2011-10-16,71.91
"3486",2011-10-17,71.91
"3487",2011-10-18,71.91
"3488",2011-10-19,71.91
"3489",2011-10-20,71.91
"3490",2011-10-21,71.91
"3491",2011-10-22,71.91
"3492",2011-10-23,71.91
"3493",2011-10-24,71.91
"3494",2011-10-25,71.91
"3495",2011-10-26,71.91
"3496",2011-10-27,71.91
"3497",2011-10-28,71.91
"3498",2011-10-29,71.91
"3499",2011-10-30,71.91
"3500",2011-10-31,71.91
"3501",2011-11-01,71.91
"3502",2011-11-02,71.91
"3503",2011-11-03,71.91
"3504",2011-11-04,73.81
"3505",2011-11-04,73.81
"3506",2011-11-05,73.81
"3507",2011-11-06,73.81
"3508",2011-11-07,73.81
"3509",2011-11-08,73.81
"3510",2011-11-09,73.81
"3511",2011-11-10,73.81
"3512",2011-11-11,73.81
"3513",2011-11-12,73.81
"3514",2011-11-13,73.81
"3515",2011-11-14,73.81
"3516",2011-11-15,73.81
"3517",2011-11-16,71.47
"3518",2011-11-16,71.47
"3519",2011-11-17,71.47
"3520",2011-11-18,71.47
"3521",2011-11-19,71.47
"3522",2011-11-20,71.47
"3523",2011-11-21,71.47
"3524",2011-11-22,71.47
"3525",2011-11-23,71.47
"3526",2011-11-24,71.47
"3527",2011-11-25,71.47
"3528",2011-11-26,71.47
"3529",2011-11-27,71.47
"3530",2011-11-28,71.47
"3531",2011-11-29,71.47
"3532",2011-11-30,71.47
"3533",2011-12-01,70.66
"3534",2011-12-01,70.66
"3535",2011-12-02,70.66
"3536",2011-12-03,70.66
"3537",2011-12-04,70.66
"3538",2011-12-05,70.66
"3539",2011-12-06,70.66
"3540",2011-12-07,70.66
"3541",2011-12-08,70.66
"3542",2011-12-09,70.66
"3543",2011-12-10,70.66
"3544",2011-12-11,70.66
"3545",2011-12-12,70.66
"3546",2011-12-13,70.66
"3547",2011-12-14,70.66
"3548",2011-12-15,70.66
"3549",2011-12-16,70.66
"3550",2011-12-17,70.66
"3551",2011-12-18,70.66
"3552",2011-12-19,70.66
"3553",2011-12-20,70.66
"3554",2011-12-21,70.66
"3555",2011-12-22,70.66
"3556",2011-12-23,70.66
"3557",2011-12-24,70.66
"3558",2011-12-25,70.66
"3559",2011-12-26,70.66
"3560",2011-12-27,70.66
"3561",2011-12-28,70.66
"3562",2011-12-29,70.66
"3563",2011-12-30,70.66
"3564",2011-12-31,70.66
"3565",2012-01-01,70.66
"3566",2012-01-02,70.66
"3567",2012-01-03,70.66
"3568",2012-01-04,70.66
"3569",2012-01-05,70.66
"3570",2012-01-06,70.66
"3571",2012-01-07,70.66
"3572",2012-01-08,70.66
"3573",2012-01-09,70.66
"3574",2012-01-10,70.66
"3575",2012-01-11,70.66
"3576",2012-01-12,70.66
"3577",2012-01-13,70.66
"3578",2012-01-14,70.66
"3579",2012-01-15,70.66
"3580",2012-01-16,70.66
"3581",2012-01-17,70.66
"3582",2012-01-18,70.66
"3583",2012-01-19,70.66
"3584",2012-01-20,70.66
"3585",2012-01-21,70.66
"3586",2012-01-22,70.66
"3587",2012-01-23,70.66
"3588",2012-01-24,70.66
"3589",2012-01-25,70.66
"3590",2012-01-26,70.66
"3591",2012-01-27,70.66
"3592",2012-01-28,70.66
"3593",2012-01-29,70.66
"3594",2012-01-30,70.66
"3595",2012-01-31,70.66
"3596",2012-02-01,70.66
"3597",2012-02-02,70.66
"3598",2012-02-03,70.66
"3599",2012-02-04,70.66
"3600",2012-02-05,70.66
"3601",2012-02-06,70.66
"3602",2012-02-07,70.66
"3603",2012-02-08,70.66
"3604",2012-02-09,70.66
"3605",2012-02-10,70.66
"3606",2012-02-11,70.66
"3607",2012-02-12,70.66
"3608",2012-02-13,70.66
"3609",2012-02-14,70.66
"3610",2012-02-15,70.66
"3611",2012-02-16,70.66
"3612",2012-02-17,70.66
"3613",2012-02-18,70.66
"3614",2012-02-19,70.66
"3615",2012-02-20,70.66
"3616",2012-02-21,70.66
"3617",2012-02-22,70.66
"3618",2012-02-23,70.66
"3619",2012-02-24,70.66
"3620",2012-02-25,70.66
"3621",2012-02-26,70.66
"3622",2012-02-27,70.66
"3623",2012-02-28,70.66
"3624",2012-02-29,70.66
"3625",2012-03-01,70.66
"3626",2012-03-02,70.66
"3627",2012-03-03,70.66
"3628",2012-03-04,70.66
"3629",2012-03-05,70.66
"3630",2012-03-06,70.66
"3631",2012-03-07,70.66
"3632",2012-03-08,70.66
"3633",2012-03-09,70.66
"3634",2012-03-10,70.66
"3635",2012-03-11,70.66
"3636",2012-03-12,70.66
"3637",2012-03-13,70.66
"3638",2012-03-14,70.66
"3639",2012-03-15,70.66
"3640",2012-03-16,70.66
"3641",2012-03-17,70.66
"3642",2012-03-18,70.66
"3643",2012-03-19,70.66
"3644",2012-03-20,70.66
"3645",2012-03-21,70.66
"3646",2012-03-22,70.66
"3647",2012-03-23,70.66
"3648",2012-03-24,70.66
"3649",2012-03-25,70.66
"3650",2012-03-26,70.66
"3651",2012-03-27,70.66
"3652",2012-03-28,70.66
"3653",2012-03-29,70.66
"3654",2012-03-30,70.66
"3655",2012-03-31,70.66
"3656",2012-04-01,70.66
"3657",2012-04-02,70.66
"3658",2012-04-03,70.66
"3659",2012-04-04,70.66
"3660",2012-04-05,70.66
"3661",2012-04-06,70.66
"3662",2012-04-07,70.66
"3663",2012-04-08,70.66
"3664",2012-04-09,70.66
"3665",2012-04-10,70.66
"3666",2012-04-11,70.66
"3667",2012-04-12,70.66
"3668",2012-04-13,70.66
"3669",2012-04-14,70.66
"3670",2012-04-15,70.66
"3671",2012-04-16,70.66
"3672",2012-04-17,70.66
"3673",2012-04-18,70.66
"3674",2012-04-19,70.66
"3675",2012-04-20,70.66
"3676",2012-04-21,70.66
"3677",2012-04-22,70.66
"3678",2012-04-23,70.66
"3679",2012-04-24,70.66
"3680",2012-04-25,70.66
"3681",2012-04-26,70.66
"3682",2012-04-27,70.66
"3683",2012-04-28,70.66
"3684",2012-04-29,70.66
"3685",2012-04-30,70.66
"3686",2012-05-01,70.66
"3687",2012-05-02,70.66
"3688",2012-05-03,70.66
"3689",2012-05-04,70.66
"3690",2012-05-05,70.66
"3691",2012-05-06,70.66
"3692",2012-05-07,70.66
"3693",2012-05-08,70.66
"3694",2012-05-09,70.66
"3695",2012-05-10,70.66
"3696",2012-05-11,70.66
"3697",2012-05-12,70.66
"3698",2012-05-13,70.66
"3699",2012-05-14,70.66
"3700",2012-05-15,70.66
"3701",2012-05-16,70.66
"3702",2012-05-17,70.66
"3703",2012-05-18,70.66
"3704",2012-05-19,70.66
"3705",2012-05-20,70.66
"3706",2012-05-21,70.66
"3707",2012-05-22,70.66
"3708",2012-05-23,70.66
"3709",2012-05-24,78.57
"3710",2012-05-24,78.57
"3711",2012-05-25,78.57
"3712",2012-05-26,78.57
"3713",2012-05-27,78.57
"3714",2012-05-28,78.57
"3715",2012-05-29,78.57
"3716",2012-05-30,78.57
"3717",2012-05-31,78.57
"3718",2012-06-01,78.57
"3719",2012-06-02,78.57
"3720",2012-06-03,76.45
"3721",2012-06-03,76.45
"3722",2012-06-04,76.45
"3723",2012-06-05,76.45
"3724",2012-06-06,76.45
"3725",2012-06-07,76.45
"3726",2012-06-08,76.45
"3727",2012-06-09,76.45
"3728",2012-06-10,76.45
"3729",2012-06-11,76.45
"3730",2012-06-12,76.45
"3731",2012-06-13,76.45
"3732",2012-06-14,76.45
"3733",2012-06-15,76.45
"3734",2012-06-16,76.45
"3735",2012-06-17,76.45
"3736",2012-06-18,76.45
"3737",2012-06-18,76.45
"3738",2012-06-19,76.45
"3739",2012-06-20,76.45
"3740",2012-06-21,76.45
"3741",2012-06-22,76.45
"3742",2012-06-23,76.45
"3743",2012-06-24,76.45
"3744",2012-06-25,76.45
"3745",2012-06-26,76.45
"3746",2012-06-27,76.45
"3747",2012-06-28,76.45
"3748",2012-06-29,73.35
"3749",2012-06-29,73.35
"3750",2012-06-30,73.35
"3751",2012-07-01,73.35
"3752",2012-07-02,73.35
"3753",2012-07-03,73.35
"3754",2012-07-04,73.35
"3755",2012-07-05,73.35
"3756",2012-07-06,73.35
"3757",2012-07-07,73.35
"3758",2012-07-08,73.35
"3759",2012-07-09,73.35
"3760",2012-07-10,73.35
"3761",2012-07-11,73.35
"3762",2012-07-12,73.35
"3763",2012-07-13,73.35
"3764",2012-07-14,73.35
"3765",2012-07-15,73.35
"3766",2012-07-16,73.35
"3767",2012-07-17,73.35
"3768",2012-07-18,73.35
"3769",2012-07-19,73.35
"3770",2012-07-20,73.35
"3771",2012-07-21,73.35
"3772",2012-07-22,73.35
"3773",2012-07-23,73.35
"3774",2012-07-24,74.23
"3775",2012-07-24,74.23
"3776",2012-07-25,75.14
"3777",2012-07-25,75.14
"3778",2012-07-26,75.14
"3779",2012-07-27,75.14
"3780",2012-07-28,75.14
"3781",2012-07-29,75.14
"3782",2012-07-30,75.14
"3783",2012-07-31,75.14
"3784",2012-08-01,75.14
"3785",2012-08-01,75.14
"3786",2012-08-02,75.14
"3787",2012-08-03,75.14
"3788",2012-08-04,75.14
"3789",2012-08-05,75.14
"3790",2012-08-06,75.14
"3791",2012-08-07,75.14
"3792",2012-08-08,75.14
"3793",2012-08-09,75.14
"3794",2012-08-10,75.14
"3795",2012-08-11,75.14
"3796",2012-08-12,75.14
"3797",2012-08-13,75.14
"3798",2012-08-14,75.14
"3799",2012-08-15,75.14
"3800",2012-08-16,75.14
"3801",2012-08-17,75.14
"3802",2012-08-18,75.14
"3803",2012-08-19,75.14
"3804",2012-08-20,75.14
"3805",2012-08-21,75.14
"3806",2012-08-22,75.14
"3807",2012-08-23,75.14
"3808",2012-08-24,75.14
"3809",2012-08-25,75.14
"3810",2012-08-26,75.14
"3811",2012-08-27,75.14
"3812",2012-08-28,75.14
"3813",2012-08-29,75.14
"3814",2012-08-30,75.14
"3815",2012-08-31,75.14
"3816",2012-09-01,75.14
"3817",2012-09-02,75.14
"3818",2012-09-03,75.14
"3819",2012-09-04,75.14
"3820",2012-09-05,75.14
"3821",2012-09-06,75.14
"3822",2012-09-07,75.14
"3823",2012-09-08,75.14
"3824",2012-09-09,75.14
"3825",2012-09-10,75.14
"3826",2012-09-11,75.14
"3827",2012-09-12,75.14
"3828",2012-09-13,75.14
"3829",2012-09-14,75.14
"3830",2012-09-15,75.14
"3831",2012-09-16,75.14
"3832",2012-09-17,75.14
"3833",2012-09-18,75.14
"3834",2012-09-19,75.14
"3835",2012-09-20,75.14
"3836",2012-09-21,75.14
"3837",2012-09-22,75.14
"3838",2012-09-23,75.14
"3839",2012-09-24,75.14
"3840",2012-09-25,75.14
"3841",2012-09-26,75.14
"3842",2012-09-27,75.14
"3843",2012-09-28,75.14
"3844",2012-09-29,75.14
"3845",2012-09-30,75.14
"3846",2012-10-01,75.14
"3847",2012-10-02,75.14
"3848",2012-10-03,75.14
"3849",2012-10-04,75.14
"3850",2012-10-05,75.14
"3851",2012-10-06,75.14
"3852",2012-10-07,75.14
"3853",2012-10-08,75.14
"3854",2012-10-09,74.43
"3855",2012-10-09,74.43
"3856",2012-10-10,74.43
"3857",2012-10-11,74.43
"3858",2012-10-12,74.43
"3859",2012-10-13,74.43
"3860",2012-10-14,74.43
"3861",2012-10-15,74.43
"3862",2012-10-16,74.43
"3863",2012-10-17,74.43
"3864",2012-10-18,74.43
"3865",2012-10-19,74.43
"3866",2012-10-20,74.43
"3867",2012-10-21,74.43
"3868",2012-10-22,74.43
"3869",2012-10-23,74.43
"3870",2012-10-24,74.43
"3871",2012-10-25,74.43
"3872",2012-10-26,74.43
"3873",2012-10-27,74.73
"3874",2012-10-27,74.73
"3875",2012-10-28,74.73
"3876",2012-10-29,74.73
"3877",2012-10-30,74.73
"3878",2012-10-31,74.73
"3879",2012-11-01,74.73
"3880",2012-11-02,74.73
"3881",2012-11-03,74.73
"3882",2012-11-04,74.73
"3883",2012-11-05,74.73
"3884",2012-11-06,74.73
"3885",2012-11-07,74.73
"3886",2012-11-08,74.73
"3887",2012-11-09,74.73
"3888",2012-11-10,74.73
"3889",2012-11-11,74.73
"3890",2012-11-12,74.73
"3891",2012-11-13,74.73
"3892",2012-11-14,74.73
"3893",2012-11-15,74.73
"3894",2012-11-16,73.53
"3895",2012-11-16,73.53
"3896",2012-11-17,73.53
"3897",2012-11-18,73.53
"3898",2012-11-19,73.53
"3899",2012-11-20,73.53
"3900",2012-11-21,73.53
"3901",2012-11-22,73.53
"3902",2012-11-23,73.53
"3903",2012-11-24,73.53
"3904",2012-11-25,73.53
"3905",2012-11-26,73.53
"3906",2012-11-27,73.53
"3907",2012-11-28,73.53
"3908",2012-11-29,73.53
"3909",2012-11-30,73.53
"3910",2012-12-01,73.53
"3911",2012-12-02,73.53
"3912",2012-12-03,73.53
"3913",2012-12-04,73.53
"3914",2012-12-05,73.53
"3915",2012-12-06,73.53
"3916",2012-12-07,73.53
"3917",2012-12-08,73.53
"3918",2012-12-09,73.53
"3919",2012-12-10,73.53
"3920",2012-12-11,73.53
"3921",2012-12-12,73.53
"3922",2012-12-13,73.53
"3923",2012-12-14,73.53
"3924",2012-12-15,73.53
"3925",2012-12-16,73.53
"3926",2012-12-17,73.53
"3927",2012-12-18,73.53
"3928",2012-12-19,73.53
"3929",2012-12-20,73.53
"3930",2012-12-21,73.53
"3931",2012-12-22,73.53
"3932",2012-12-23,73.53
"3933",2012-12-24,73.53
"3934",2012-12-25,73.53
"3935",2012-12-26,73.53
"3936",2012-12-27,73.53
"3937",2012-12-28,73.53
"3938",2012-12-29,73.53
"3939",2012-12-30,73.53
"3940",2012-12-31,73.53
"3941",2013-01-01,74.32
"3942",2013-01-01,74.32
"3943",2013-01-02,74.32
"3944",2013-01-03,74.32
"3945",2013-01-04,74.32
"3946",2013-01-05,74.32
"3947",2013-01-06,74.32
"3948",2013-01-07,74.32
"3949",2013-01-08,74.32
"3950",2013-01-09,74.32
"3951",2013-01-10,74.32
"3952",2013-01-11,74.32
"3953",2013-01-12,74.32
"3954",2013-01-13,74.32
"3955",2013-01-14,74.32
"3956",2013-01-15,74.32
"3957",2013-01-16,74.32
"3958",2013-01-16,74.32
"3959",2013-01-17,74.32
"3960",2013-01-18,74
"3961",2013-01-18,74
"3962",2013-01-19,74
"3963",2013-01-20,74
"3964",2013-01-21,74
"3965",2013-01-22,74
"3966",2013-01-23,74
"3967",2013-01-24,74
"3968",2013-01-25,74
"3969",2013-01-26,74
"3970",2013-01-27,74
"3971",2013-01-28,74
"3972",2013-01-29,74
"3973",2013-01-30,74
"3974",2013-01-31,74
"3975",2013-02-01,74
"3976",2013-02-02,74
"3977",2013-02-03,74
"3978",2013-02-04,74
"3979",2013-02-05,74
"3980",2013-02-06,74
"3981",2013-02-07,74
"3982",2013-02-08,74
"3983",2013-02-09,74
"3984",2013-02-10,74
"3985",2013-02-11,74
"3986",2013-02-12,74
"3987",2013-02-13,74
"3988",2013-02-14,74
"3989",2013-02-15,74
"3990",2013-02-16,75.89
"3991",2013-02-16,75.89
"3992",2013-02-17,75.89
"3993",2013-02-18,75.89
"3994",2013-02-19,75.89
"3995",2013-02-20,75.89
"3996",2013-02-21,75.89
"3997",2013-02-22,75.89
"3998",2013-02-23,75.89
"3999",2013-02-24,75.89
"4000",2013-02-25,75.89
"4001",2013-02-26,75.89
"4002",2013-02-27,75.89
"4003",2013-02-28,75.89
"4004",2013-03-01,75.89
"4005",2013-03-02,77.66
"4006",2013-03-02,77.66
"4007",2013-03-03,77.66
"4008",2013-03-04,77.66
"4009",2013-03-05,77.66
"4010",2013-03-06,77.66
"4011",2013-03-07,77.66
"4012",2013-03-08,77.66
"4013",2013-03-09,77.66
"4014",2013-03-10,77.66
"4015",2013-03-11,77.66
"4016",2013-03-12,77.66
"4017",2013-03-13,77.66
"4018",2013-03-14,77.66
"4019",2013-03-15,77.66
"4020",2013-03-16,75.14
"4021",2013-03-16,75.14
"4022",2013-03-17,75.14
"4023",2013-03-18,75.14
"4024",2013-03-19,75.14
"4025",2013-03-20,75.14
"4026",2013-03-21,75.14
"4027",2013-03-22,75.14
"4028",2013-03-23,75.14
"4029",2013-03-24,75.14
"4030",2013-03-25,75.14
"4031",2013-03-26,75.14
"4032",2013-03-27,75.14
"4033",2013-03-28,75.14
"4034",2013-03-29,75.14
"4035",2013-03-30,75.14
"4036",2013-03-31,75.14
"4037",2013-04-01,75.21
"4038",2013-04-01,75.21
"4039",2013-04-02,74.14
"4040",2013-04-02,74.14
"4041",2013-04-03,74.14
"4042",2013-04-04,74.14
"4043",2013-04-05,74.14
"4044",2013-04-06,74.14
"4045",2013-04-07,74.14
"4046",2013-04-08,74.14
"4047",2013-04-09,74.14
"4048",2013-04-10,74.14
"4049",2013-04-11,74.14
"4050",2013-04-12,74.14
"4051",2013-04-13,74.14
"4052",2013-04-14,74.14
"4053",2013-04-15,74.14
"4054",2013-04-16,72.88
"4055",2013-04-16,72.88
"4056",2013-04-17,72.88
"4057",2013-04-18,72.88
"4058",2013-04-19,72.88
"4059",2013-04-20,72.88
"4060",2013-04-21,72.88
"4061",2013-04-22,72.88
"4062",2013-04-23,72.88
"4063",2013-04-24,72.88
"4064",2013-04-25,72.88
"4065",2013-04-26,72.88
"4066",2013-04-27,72.88
"4067",2013-04-28,72.88
"4068",2013-04-29,72.88
"4069",2013-04-30,72.88
"4070",2013-05-01,69.73
"4071",2013-05-01,69.73
"4072",2013-05-02,69.73
"4073",2013-05-03,69.73
"4074",2013-05-04,69.73
"4075",2013-05-05,69.73
"4076",2013-05-06,69.73
"4077",2013-05-07,69.73
"4078",2013-05-08,69.73
"4079",2013-05-09,69.73
"4080",2013-05-10,69.73
"4081",2013-05-11,69.73
"4082",2013-05-12,69.73
"4083",2013-05-13,69.73
"4084",2013-05-14,69.73
"4085",2013-05-15,69.73
"4086",2013-05-16,69.73
"4087",2013-05-17,69.73
"4088",2013-05-18,69.73
"4089",2013-05-19,69.73
"4090",2013-05-20,69.73
"4091",2013-05-21,69.73
"4092",2013-05-22,69.73
"4093",2013-05-23,71.13
"4094",2013-05-23,71.13
"4095",2013-05-24,71.13
"4096",2013-05-25,71.13
"4097",2013-05-26,71.13
"4098",2013-05-27,71.13
"4099",2013-05-28,71.13
"4100",2013-05-29,71.13
"4101",2013-05-30,71.13
"4102",2013-05-31,71.13
"4103",2013-06-01,72.08
"4104",2013-06-01,72.08
"4105",2013-06-02,72.08
"4106",2013-06-03,72.08
"4107",2013-06-04,72.08
"4108",2013-06-05,72.08
"4109",2013-06-06,72.08
"4110",2013-06-07,72.08
"4111",2013-06-08,72.08
"4112",2013-06-09,72.08
"4113",2013-06-10,72.08
"4114",2013-06-11,72.08
"4115",2013-06-12,72.08
"4116",2013-06-13,72.08
"4117",2013-06-14,72.08
"4118",2013-06-15,72.08
"4119",2013-06-16,74.6
"4120",2013-06-16,74.6
"4121",2013-06-17,74.6
"4122",2013-06-18,74.6
"4123",2013-06-19,74.6
"4124",2013-06-20,74.6
"4125",2013-06-21,74.6
"4126",2013-06-22,74.6
"4127",2013-06-23,74.6
"4128",2013-06-24,74.6
"4129",2013-06-25,74.6
"4130",2013-06-26,74.6
"4131",2013-06-27,74.6
"4132",2013-06-28,74.6
"4133",2013-06-29,76.9
"4134",2013-06-29,76.9
"4135",2013-06-30,76.9
"4136",2013-07-01,75.79
"4137",2013-07-01,75.79
"4138",2013-07-02,75.79
"4139",2013-07-03,75.79
"4140",2013-07-04,75.79
"4141",2013-07-05,75.79
"4142",2013-07-06,75.79
"4143",2013-07-07,75.79
"4144",2013-07-08,75.79
"4145",2013-07-09,75.79
"4146",2013-07-10,75.79
"4147",2013-07-11,75.79
"4148",2013-07-12,75.79
"4149",2013-07-13,75.79
"4150",2013-07-14,75.79
"4151",2013-07-15,77.73
"4152",2013-07-15,77.73
"4153",2013-07-16,77.73
"4154",2013-07-17,77.73
"4155",2013-07-18,77.73
"4156",2013-07-19,77.73
"4157",2013-07-20,77.73
"4158",2013-07-21,77.73
"4159",2013-07-22,77.73
"4160",2013-07-23,77.73
"4161",2013-07-24,77.73
"4162",2013-07-25,77.73
"4163",2013-07-26,77.73
"4164",2013-07-27,77.73
"4165",2013-07-28,77.73
"4166",2013-07-29,77.73
"4167",2013-07-30,77.73
"4168",2013-07-31,77.73
"4169",2013-08-01,78.61
"4170",2013-08-01,78.61
"4171",2013-08-02,78.61
"4172",2013-08-03,78.61
"4173",2013-08-04,78.61
"4174",2013-08-05,78.61
"4175",2013-08-06,78.61
"4176",2013-08-07,78.61
"4177",2013-08-08,78.61
"4178",2013-08-09,78.61
"4179",2013-08-10,78.61
"4180",2013-08-11,78.61
"4181",2013-08-12,78.61
"4182",2013-08-13,78.61
"4183",2013-08-14,78.61
"4184",2013-08-15,78.61
"4185",2013-08-16,78.61
"4186",2013-08-17,78.61
"4187",2013-08-18,78.61
"4188",2013-08-19,78.61
"4189",2013-08-20,78.61
"4190",2013-08-21,78.61
"4191",2013-08-22,78.61
"4192",2013-08-23,78.61
"4193",2013-08-24,78.61
"4194",2013-08-25,78.61
"4195",2013-08-26,78.61
"4196",2013-08-27,78.61
"4197",2013-08-28,78.61
"4198",2013-08-29,78.61
"4199",2013-08-30,78.61
"4200",2013-08-31,78.61
"4201",2013-09-01,81.57
"4202",2013-09-01,81.57
"4203",2013-09-02,81.57
"4204",2013-09-03,81.57
"4205",2013-09-04,81.57
"4206",2013-09-05,81.57
"4207",2013-09-06,81.57
"4208",2013-09-07,81.57
"4209",2013-09-08,81.57
"4210",2013-09-09,81.57
"4211",2013-09-10,81.57
"4212",2013-09-11,81.57
"4213",2013-09-12,81.57
"4214",2013-09-13,81.57
"4215",2013-09-14,83.62
"4216",2013-09-14,83.62
"4217",2013-09-15,83.62
"4218",2013-09-16,83.62
"4219",2013-09-17,83.62
"4220",2013-09-18,83.62
"4221",2013-09-19,83.62
"4222",2013-09-20,83.62
"4223",2013-09-21,83.62
"4224",2013-09-22,83.62
"4225",2013-09-23,83.62
"4226",2013-09-24,83.62
"4227",2013-09-25,83.62
"4228",2013-09-26,83.62
"4229",2013-09-27,83.62
"4230",2013-09-28,83.62
"4231",2013-09-29,83.62
"4232",2013-09-30,83.62
"4233",2013-10-01,79.49
"4234",2013-10-01,79.49
"4235",2013-10-02,79.49
"4236",2013-10-03,79.49
"4237",2013-10-04,79.49
"4238",2013-10-05,79.49
"4239",2013-10-06,79.49
"4240",2013-10-07,79.49
"4241",2013-10-08,79.49
"4242",2013-10-09,79.49
"4243",2013-10-10,79.49
"4244",2013-10-11,79.49
"4245",2013-10-12,79.49
"4246",2013-10-13,79.49
"4247",2013-10-14,79.49
"4248",2013-10-15,79.49
"4249",2013-10-16,79.49
"4250",2013-10-17,79.49
"4251",2013-10-18,79.49
"4252",2013-10-19,79.49
"4253",2013-10-20,79.49
"4254",2013-10-21,79.49
"4255",2013-10-22,79.49
"4256",2013-10-23,79.49
"4257",2013-10-24,79.49
"4258",2013-10-25,79.49
"4259",2013-10-26,79.49
"4260",2013-10-27,79.49
"4261",2013-10-28,79.49
"4262",2013-10-29,79.49
"4263",2013-10-30,79.49
"4264",2013-10-31,79.49
"4265",2013-11-01,78.04
"4266",2013-11-01,78.04
"4267",2013-11-02,78.04
"4268",2013-11-03,78.04
"4269",2013-11-04,78.04
"4270",2013-11-05,78.04
"4271",2013-11-06,78.04
"4272",2013-11-07,78.04
"4273",2013-11-08,78.04
"4274",2013-11-09,78.04
"4275",2013-11-10,78.04
"4276",2013-11-11,78.04
"4277",2013-11-12,78.04
"4278",2013-11-13,78.04
"4279",2013-11-14,78.04
"4280",2013-11-15,78.04
"4281",2013-11-16,78.04
"4282",2013-11-17,78.04
"4283",2013-11-18,78.04
"4284",2013-11-19,78.04
"4285",2013-11-20,78.04
"4286",2013-11-21,78.04
"4287",2013-11-22,78.04
"4288",2013-11-23,78.04
"4289",2013-11-24,78.04
"4290",2013-11-25,78.04
"4291",2013-11-26,78.04
"4292",2013-11-27,78.04
"4293",2013-11-28,78.04
"4294",2013-11-29,78.04
"4295",2013-11-30,78.04
"4296",2013-12-01,78.04
"4297",2013-12-02,78.04
"4298",2013-12-03,78.04
"4299",2013-12-04,78.04
"4300",2013-12-05,78.04
"4301",2013-12-06,78.04
"4302",2013-12-07,78.04
"4303",2013-12-08,78.04
"4304",2013-12-09,78.04
"4305",2013-12-10,78.04
"4306",2013-12-11,78.04
"4307",2013-12-12,78.04
"4308",2013-12-13,78.04
"4309",2013-12-14,78.04
"4310",2013-12-15,78.04
"4311",2013-12-16,78.04
"4312",2013-12-17,78.04
"4313",2013-12-18,78.04
"4314",2013-12-19,78.04
"4315",2013-12-20,78.04
"4316",2013-12-21,78.56
"4317",2013-12-21,78.56
"4318",2013-12-22,78.56
"4319",2013-12-23,78.56
"4320",2013-12-24,78.56
"4321",2013-12-25,78.56
"4322",2013-12-26,78.56
"4323",2013-12-27,78.56
"4324",2013-12-28,78.56
"4325",2013-12-29,78.56
"4326",2013-12-30,78.56
"4327",2013-12-31,78.56
"4328",2014-01-01,78.56
"4329",2014-01-02,78.56
"4330",2014-01-03,78.56
"4331",2014-01-04,79.52
"4332",2014-01-04,79.52
"4333",2014-01-05,81.31
"4334",2014-01-05,81.31
"4335",2014-01-06,81.31
"4336",2014-01-07,81.31
"4337",2014-01-08,81.31
"4338",2014-01-09,81.31
"4339",2014-01-10,81.31
"4340",2014-01-11,81.31
"4341",2014-01-12,81.31
"4342",2014-01-13,81.31
"4343",2014-01-14,81.31
"4344",2014-01-15,81.31
"4345",2014-01-16,81.31
"4346",2014-01-17,81.31
"4347",2014-01-18,81.31
"4348",2014-01-19,81.31
"4349",2014-01-20,81.31
"4350",2014-01-21,81.31
"4351",2014-01-22,81.31
"4352",2014-01-23,81.31
"4353",2014-01-24,81.31
"4354",2014-01-25,81.31
"4355",2014-01-26,81.31
"4356",2014-01-27,81.31
"4357",2014-01-28,81.31
"4358",2014-01-29,81.31
"4359",2014-01-30,81.31
"4360",2014-01-31,81.31
"4361",2014-02-01,81.31
"4362",2014-02-02,81.31
"4363",2014-02-03,81.31
"4364",2014-02-04,81.31
"4365",2014-02-05,81.31
"4366",2014-02-06,81.31
"4367",2014-02-07,81.31
"4368",2014-02-08,81.31
"4369",2014-02-09,81.31
"4370",2014-02-10,81.31
"4371",2014-02-11,81.31
"4372",2014-02-12,81.31
"4373",2014-02-13,81.31
"4374",2014-02-14,81.31
"4375",2014-02-15,81.31
"4376",2014-02-16,81.31
"4377",2014-02-17,81.31
"4378",2014-02-18,81.31
"4379",2014-02-19,81.31
"4380",2014-02-20,81.31
"4381",2014-02-21,81.31
"4382",2014-02-22,81.31
"4383",2014-02-23,81.31
"4384",2014-02-24,81.31
"4385",2014-02-25,81.31
"4386",2014-02-26,81.31
"4387",2014-02-27,81.31
"4388",2014-02-28,81.31
"4389",2014-03-01,82.07
"4390",2014-03-01,82.07
"4391",2014-03-02,82.07
"4392",2014-03-03,82.07
"4393",2014-03-04,82.07
"4394",2014-03-05,82.07
"4395",2014-03-06,82.07
"4396",2014-03-07,82.07
"4397",2014-03-08,82.07
"4398",2014-03-09,82.07
"4399",2014-03-10,82.07
"4400",2014-03-11,82.07
"4401",2014-03-12,82.07
"4402",2014-03-13,82.07
"4403",2014-03-14,82.07
"4404",2014-03-15,82.07
"4405",2014-03-16,82.07
"4406",2014-03-17,82.07
"4407",2014-03-18,82.07
"4408",2014-03-19,82.07
"4409",2014-03-20,82.07
"4410",2014-03-21,82.07
"4411",2014-03-22,82.07
"4412",2014-03-23,82.07
"4413",2014-03-24,82.07
"4414",2014-03-25,82.07
"4415",2014-03-26,82.07
"4416",2014-03-27,82.07
"4417",2014-03-28,82.07
"4418",2014-03-29,82.07
"4419",2014-03-30,82.07
"4420",2014-03-31,82.07
"4421",2014-04-01,80.89
"4422",2014-04-01,80.89
"4423",2014-04-02,80.89
"4424",2014-04-03,80.89
"4425",2014-04-04,80.89
"4426",2014-04-05,80.89
"4427",2014-04-06,80.89
"4428",2014-04-07,80.89
"4429",2014-04-08,80.89
"4430",2014-04-09,80.89
"4431",2014-04-10,80.89
"4432",2014-04-11,80.89
"4433",2014-04-12,80.89
"4434",2014-04-13,80.89
"4435",2014-04-14,80.89
"4436",2014-04-15,80.89
"4437",2014-04-16,80
"4438",2014-04-16,80
"4439",2014-04-17,80
"4440",2014-04-18,80
"4441",2014-04-19,80
"4442",2014-04-20,80
"4443",2014-04-21,80
"4444",2014-04-22,80
"4445",2014-04-23,80
"4446",2014-04-24,80
"4447",2014-04-25,80
"4448",2014-04-26,80
"4449",2014-04-27,80
"4450",2014-04-28,80
"4451",2014-04-29,80
"4452",2014-04-30,80
"4453",2014-05-01,80
"4454",2014-05-02,80
"4455",2014-05-03,80
"4456",2014-05-04,80
"4457",2014-05-05,80
"4458",2014-05-06,80
"4459",2014-05-07,80
"4460",2014-05-08,80
"4461",2014-05-09,80
"4462",2014-05-10,80
"4463",2014-05-11,80
"4464",2014-05-12,80
"4465",2014-05-13,80
"4466",2014-05-14,80
"4467",2014-05-15,80
"4468",2014-05-16,80
"4469",2014-05-17,80
"4470",2014-05-18,80
"4471",2014-05-19,80
"4472",2014-05-20,80
"4473",2014-05-21,80
"4474",2014-05-22,80
"4475",2014-05-23,80
"4476",2014-05-24,80
"4477",2014-05-25,80
"4478",2014-05-26,80
"4479",2014-05-27,80
"4480",2014-05-28,80
"4481",2014-05-29,80
"4482",2014-05-30,80
"4483",2014-05-31,80
"4484",2014-06-01,80
"4485",2014-06-02,80
"4486",2014-06-03,80
"4487",2014-06-04,80
"4488",2014-06-05,80
"4489",2014-06-06,80
"4490",2014-06-07,80.11
"4491",2014-06-07,80.11
"4492",2014-06-08,80.11
"4493",2014-06-09,80.11
"4494",2014-06-10,80.11
"4495",2014-06-11,80.11
"4496",2014-06-12,80.11
"4497",2014-06-13,80.11
"4498",2014-06-14,80.11
"4499",2014-06-15,80.11
"4500",2014-06-16,80.11
"4501",2014-06-17,80.11
"4502",2014-06-18,80.11
"4503",2014-06-19,80.11
"4504",2014-06-20,80.11
"4505",2014-06-21,80.11
"4506",2014-06-22,80.11
"4507",2014-06-23,80.11
"4508",2014-06-24,80.11
"4509",2014-06-25,80.16
"4510",2014-06-25,80.16
"4511",2014-06-26,80.16
"4512",2014-06-27,80.16
"4513",2014-06-28,80.16
"4514",2014-06-29,80.16
"4515",2014-06-30,80.16
"4516",2014-07-01,81.75
"4517",2014-07-01,81.75
"4518",2014-07-02,81.75
"4519",2014-07-03,81.75
"4520",2014-07-04,81.75
"4521",2014-07-05,81.75
"4522",2014-07-06,81.75
"4523",2014-07-07,81.75
"4524",2014-07-08,81.75
"4525",2014-07-09,81.75
"4526",2014-07-10,81.75
"4527",2014-07-11,81.75
"4528",2014-07-12,81.75
"4529",2014-07-13,81.75
"4530",2014-07-14,81.75
"4531",2014-07-15,81.75
"4532",2014-07-16,81.75
"4533",2014-07-17,81.75
"4534",2014-07-18,81.75
"4535",2014-07-19,81.75
"4536",2014-07-20,81.75
"4537",2014-07-21,81.75
"4538",2014-07-22,81.75
"4539",2014-07-23,81.75
"4540",2014-07-24,81.75
"4541",2014-07-25,81.75
"4542",2014-07-26,81.75
"4543",2014-07-27,81.75
"4544",2014-07-28,81.75
"4545",2014-07-29,81.75
"4546",2014-07-30,81.75
"4547",2014-07-31,81.75
"4548",2014-08-01,80.6
"4549",2014-08-01,80.6
"4550",2014-08-02,80.6
"4551",2014-08-03,80.6
"4552",2014-08-04,80.6
"4553",2014-08-05,80.6
"4554",2014-08-06,80.6
"4555",2014-08-07,80.6
"4556",2014-08-08,80.6
"4557",2014-08-09,80.6
"4558",2014-08-10,80.6
"4559",2014-08-11,80.6
"4560",2014-08-12,80.6
"4561",2014-08-13,80.6
"4562",2014-08-14,80.6
"4563",2014-08-15,78.32
"4564",2014-08-15,78.32
"4565",2014-08-16,78.32
"4566",2014-08-17,78.32
"4567",2014-08-18,78.32
"4568",2014-08-19,78.32
"4569",2014-08-20,78.32
"4570",2014-08-21,78.32
"4571",2014-08-22,78.32
"4572",2014-08-23,78.32
"4573",2014-08-24,78.32
"4574",2014-08-25,78.32
"4575",2014-08-26,78.32
"4576",2014-08-27,78.32
"4577",2014-08-28,78.32
"4578",2014-08-29,78.32
"4579",2014-08-30,78.32
"4580",2014-08-31,76.41
"4581",2014-08-31,76.41
"4582",2014-09-01,76.41
"4583",2014-09-02,76.41
"4584",2014-09-03,76.41
"4585",2014-09-04,76.41
"4586",2014-09-05,76.41
"4587",2014-09-06,76.41
"4588",2014-09-07,76.41
"4589",2014-09-08,76.41
"4590",2014-09-09,76.41
"4591",2014-09-10,76.41
"4592",2014-09-11,76.41
"4593",2014-09-12,76.41
"4594",2014-09-13,76.41
"4595",2014-09-14,76.41
"4596",2014-09-15,76.41
"4597",2014-09-16,76.41
"4598",2014-09-17,76.41
"4599",2014-09-18,76.41
"4600",2014-09-19,76.41
"4601",2014-09-20,76.41
"4602",2014-09-21,76.41
"4603",2014-09-22,76.41
"4604",2014-09-23,76.41
"4605",2014-09-24,76.41
"4606",2014-09-25,76.41
"4607",2014-09-26,76.41
"4608",2014-09-27,76.41
"4609",2014-09-28,76.41
"4610",2014-09-29,76.41
"4611",2014-09-30,76.41
"4612",2014-10-01,75.73
"4613",2014-10-01,75.73
"4614",2014-10-02,75.73
"4615",2014-10-03,75.73
"4616",2014-10-04,75.73
"4617",2014-10-05,75.73
"4618",2014-10-06,75.73
"4619",2014-10-07,75.73
"4620",2014-10-08,75.73
"4621",2014-10-09,75.73
"4622",2014-10-10,75.73
"4623",2014-10-11,75.73
"4624",2014-10-12,75.73
"4625",2014-10-13,75.73
"4626",2014-10-14,75.73
"4627",2014-10-15,74.46
"4628",2014-10-15,74.46
"4629",2014-10-16,74.46
"4630",2014-10-17,74.46
"4631",2014-10-18,74.46
"4632",2014-10-19,74.46
"4633",2014-10-20,74.46
"4634",2014-10-21,74.46
"4635",2014-10-22,74.46
"4636",2014-10-23,74.46
"4637",2014-10-24,74.46
"4638",2014-10-25,74.46
"4639",2014-10-26,74.46
"4640",2014-10-27,74.46
"4641",2014-10-28,74.46
"4642",2014-10-29,74.46
"4643",2014-10-30,74.46
"4644",2014-10-31,74.46
"4645",2014-11-01,71.91
"4646",2014-11-01,71.91
"4647",2014-11-02,71.91
"4648",2014-11-03,71.91
"4649",2014-11-04,71.91
"4650",2014-11-05,71.91
"4651",2014-11-06,71.91
"4652",2014-11-07,71.91
"4653",2014-11-08,71.91
"4654",2014-11-09,71.91
"4655",2014-11-10,71.91
"4656",2014-11-11,71.91
"4657",2014-11-12,71.91
"4658",2014-11-13,71.91
"4659",2014-11-14,71.91
"4660",2014-11-15,71.91
"4661",2014-11-16,71.91
"4662",2014-11-17,71.91
"4663",2014-11-18,71.91
"4664",2014-11-19,71.91
"4665",2014-11-20,71.91
"4666",2014-11-21,71.91
"4667",2014-11-22,71.91
"4668",2014-11-23,71.91
"4669",2014-11-24,71.91
"4670",2014-11-25,71.91
"4671",2014-11-26,71.91
"4672",2014-11-27,71.91
"4673",2014-11-28,71.91
"4674",2014-11-29,71.91
"4675",2014-11-30,71.91
"4676",2014-12-01,70.95
"4677",2014-12-01,70.95
"4678",2014-12-02,70.95
"4679",2014-12-03,70.95
"4680",2014-12-04,70.95
"4681",2014-12-05,70.95
"4682",2014-12-06,70.95
"4683",2014-12-07,70.95
"4684",2014-12-08,70.95
"4685",2014-12-09,70.95
"4686",2014-12-10,70.95
"4687",2014-12-11,70.95
"4688",2014-12-12,70.95
"4689",2014-12-13,70.95
"4690",2014-12-14,70.95
"4691",2014-12-15,70.95
"4692",2014-12-16,68.86
"4693",2014-12-16,68.86
"4694",2014-12-17,68.86
"4695",2014-12-18,68.86
"4696",2014-12-19,68.86
"4697",2014-12-20,68.86
"4698",2014-12-21,68.86
"4699",2014-12-22,68.86
"4700",2014-12-23,68.86
"4701",2014-12-24,68.86
"4702",2014-12-25,68.86
"4703",2014-12-26,68.86
"4704",2014-12-27,68.86
"4705",2014-12-28,68.86
"4706",2014-12-29,68.86
"4707",2014-12-30,68.86
"4708",2014-12-31,68.86
"4709",2015-01-01,68.86
"4710",2015-01-02,68.86
"4711",2015-01-03,68.86
"4712",2015-01-04,68.86
"4713",2015-01-05,68.86
"4714",2015-01-06,68.86
"4715",2015-01-07,68.86
"4716",2015-01-08,68.86
"4717",2015-01-09,68.86
"4718",2015-01-10,68.86
"4719",2015-01-11,68.86
"4720",2015-01-12,68.86
"4721",2015-01-13,68.86
"4722",2015-01-14,68.86
"4723",2015-01-15,68.86
"4724",2015-01-16,68.86
"4725",2015-01-16,68.86
"4726",2015-01-17,66.36
"4727",2015-01-17,66.36
"4728",2015-01-18,66.36
"4729",2015-01-19,66.36
"4730",2015-01-20,66.36
"4731",2015-01-21,66.36
"4732",2015-01-22,66.36
"4733",2015-01-23,66.36
"4734",2015-01-24,66.36
"4735",2015-01-25,66.36
"4736",2015-01-26,66.36
"4737",2015-01-27,66.36
"4738",2015-01-28,66.36
"4739",2015-01-29,66.36
"4740",2015-01-30,66.36
"4741",2015-01-31,66.36
"4742",2015-02-01,66.36
"4743",2015-02-02,66.36
"4744",2015-02-03,66.36
"4745",2015-02-04,63.9
"4746",2015-02-04,63.9
"4747",2015-02-05,63.9
"4748",2015-02-06,63.9
"4749",2015-02-07,63.9
"4750",2015-02-08,63.9
"4751",2015-02-09,63.9
"4752",2015-02-10,63.9
"4753",2015-02-11,63.9
"4754",2015-02-12,63.9
"4755",2015-02-13,63.9
"4756",2015-02-14,63.9
"4757",2015-02-15,63.9
"4758",2015-02-16,64.81
"4759",2015-02-16,64.81
"4760",2015-02-17,64.81
"4761",2015-02-18,64.81
"4762",2015-02-19,64.81
"4763",2015-02-20,64.81
"4764",2015-02-21,64.81
"4765",2015-02-22,64.81
"4766",2015-02-23,64.81
"4767",2015-02-24,64.81
"4768",2015-02-25,64.81
"4769",2015-02-26,64.81
"4770",2015-02-27,64.81
"4771",2015-02-28,64.81
"4772",2015-03-01,68.14
"4773",2015-03-01,68.14
"4774",2015-03-02,68.14
"4775",2015-03-03,68.14
"4776",2015-03-04,68.14
"4777",2015-03-05,68.14
"4778",2015-03-06,68.14
"4779",2015-03-07,68.14
"4780",2015-03-08,68.14
"4781",2015-03-09,68.14
"4782",2015-03-10,68.14
"4783",2015-03-11,68.14
"4784",2015-03-12,68.14
"4785",2015-03-13,68.14
"4786",2015-03-14,68.14
"4787",2015-03-15,68.14
"4788",2015-03-16,68.14
"4789",2015-03-17,68.14
"4790",2015-03-18,68.14
"4791",2015-03-19,68.14
"4792",2015-03-20,68.14
"4793",2015-03-21,68.14
"4794",2015-03-22,68.14
"4795",2015-03-23,68.14
"4796",2015-03-24,68.14
"4797",2015-03-25,68.14
"4798",2015-03-26,68.14
"4799",2015-03-27,68.14
"4800",2015-03-28,68.14
"4801",2015-03-29,68.14
"4802",2015-03-30,68.14
"4803",2015-03-31,68.14
"4804",2015-04-01,68.14
"4805",2015-04-02,67.53
"4806",2015-04-02,67.53
"4807",2015-04-03,67.53
"4808",2015-04-04,67.53
"4809",2015-04-05,67.53
"4810",2015-04-06,67.53
"4811",2015-04-07,67.53
"4812",2015-04-08,67.53
"4813",2015-04-09,67.53
"4814",2015-04-10,67.53
"4815",2015-04-11,67.53
"4816",2015-04-12,67.53
"4817",2015-04-13,67.53
"4818",2015-04-14,67.53
"4819",2015-04-15,67.53
"4820",2015-04-16,66.69
"4821",2015-04-16,66.69
"4822",2015-04-17,66.69
"4823",2015-04-18,66.69
"4824",2015-04-19,66.69
"4825",2015-04-20,66.69
"4826",2015-04-21,66.69
"4827",2015-04-22,66.69
"4828",2015-04-23,66.69
"4829",2015-04-24,66.69
"4830",2015-04-25,66.69
"4831",2015-04-26,66.69
"4832",2015-04-27,66.69
"4833",2015-04-28,66.69
"4834",2015-04-29,66.69
"4835",2015-04-30,66.69
"4836",2015-05-01,70.84
"4837",2015-05-01,70.84
"4838",2015-05-02,70.84
"4839",2015-05-03,70.84
"4840",2015-05-04,70.84
"4841",2015-05-05,70.84
"4842",2015-05-06,70.84
"4843",2015-05-07,70.84
"4844",2015-05-08,70.84
"4845",2015-05-09,70.84
"4846",2015-05-10,70.84
"4847",2015-05-11,70.84
"4848",2015-05-12,70.84
"4849",2015-05-13,70.84
"4850",2015-05-14,70.84
"4851",2015-05-15,70.84
"4852",2015-05-16,74.12
"4853",2015-05-16,74.12
"4854",2015-05-17,74.12
"4855",2015-05-18,74.12
"4856",2015-05-19,74.12
"4857",2015-05-20,74.12
"4858",2015-05-21,74.12
"4859",2015-05-22,74.12
"4860",2015-05-23,74.12
"4861",2015-05-24,74.12
"4862",2015-05-25,74.12
"4863",2015-05-26,74.12
"4864",2015-05-27,74.12
"4865",2015-05-28,74.12
"4866",2015-05-29,74.12
"4867",2015-05-30,74.12
"4868",2015-05-31,74.12
"4869",2015-06-01,74.12
"4870",2015-06-02,74.12
"4871",2015-06-03,74.12
"4872",2015-06-04,74.12
"4873",2015-06-05,74.12
"4874",2015-06-06,74.12
"4875",2015-06-07,74.12
"4876",2015-06-08,74.12
"4877",2015-06-09,74.12
"4878",2015-06-10,74.12
"4879",2015-06-11,74.12
"4880",2015-06-12,74.12
"4881",2015-06-13,74.12
"4882",2015-06-14,74.12
"4883",2015-06-15,74.12
"4884",2015-06-16,74.78
"4885",2015-06-16,74.78
"4886",2015-06-17,74.78
"4887",2015-06-18,74.78
"4888",2015-06-19,74.78
"4889",2015-06-20,74.78
"4890",2015-06-21,74.78
"4891",2015-06-22,74.78
"4892",2015-06-23,74.78
"4893",2015-06-24,74.78
"4894",2015-06-25,74.78
"4895",2015-06-26,74.78
"4896",2015-06-27,74.78
"4897",2015-06-28,74.78
"4898",2015-06-29,74.78
"4899",2015-06-30,74.78
"4900",2015-07-01,74.52
"4901",2015-07-01,74.52
"4902",2015-07-02,74.52
"4903",2015-07-03,74.52
"4904",2015-07-04,74.52
"4905",2015-07-05,74.52
"4906",2015-07-06,74.52
"4907",2015-07-07,74.52
"4908",2015-07-08,74.52
"4909",2015-07-09,74.52
"4910",2015-07-10,74.52
"4911",2015-07-11,74.52
"4912",2015-07-12,74.52
"4913",2015-07-13,74.52
"4914",2015-07-14,74.52
"4915",2015-07-15,74.52
"4916",2015-07-16,71.97
"4917",2015-07-16,71.97
"4918",2015-07-17,71.97
"4919",2015-07-18,71.97
"4920",2015-07-19,71.97
"4921",2015-07-20,71.97
"4922",2015-07-21,71.97
"4923",2015-07-22,71.97
"4924",2015-07-23,71.97
"4925",2015-07-24,71.97
"4926",2015-07-25,71.97
"4927",2015-07-26,71.97
"4928",2015-07-27,71.97
"4929",2015-07-28,71.97
"4930",2015-07-29,71.97
"4931",2015-07-30,71.97
"4932",2015-07-31,71.97
"4933",2015-08-01,69.51
"4934",2015-08-01,69.51
"4935",2015-08-02,69.51
"4936",2015-08-03,69.51
"4937",2015-08-04,69.51
"4938",2015-08-05,69.51
"4939",2015-08-06,69.51
"4940",2015-08-07,69.51
"4941",2015-08-08,69.51
"4942",2015-08-09,69.51
"4943",2015-08-10,69.51
"4944",2015-08-11,69.51
"4945",2015-08-12,69.51
"4946",2015-08-13,69.51
"4947",2015-08-14,69.51
"4948",2015-08-15,69.51
"4949",2015-08-16,68.24
"4950",2015-08-16,68.24
"4951",2015-08-17,68.24
"4952",2015-08-18,68.24
"4953",2015-08-19,68.24
"4954",2015-08-20,68.24
"4955",2015-08-21,68.24
"4956",2015-08-22,68.24
"4957",2015-08-23,68.24
"4958",2015-08-24,68.24
"4959",2015-08-25,68.24
"4960",2015-08-26,68.24
"4961",2015-08-27,68.24
"4962",2015-08-28,68.24
"4963",2015-08-29,68.24
"4964",2015-08-30,68.24
"4965",2015-08-31,68.24
"4966",2015-09-01,68.25
"4967",2015-09-01,68.25
"4968",2015-09-02,68.25
"4969",2015-09-03,68.25
"4970",2015-09-04,68.25
"4971",2015-09-05,68.25
"4972",2015-09-06,68.25
"4973",2015-09-07,68.25
"4974",2015-09-08,68.25
"4975",2015-09-09,68.25
"4976",2015-09-10,68.25
"4977",2015-09-11,68.25
"4978",2015-09-12,68.25
"4979",2015-09-13,68.25
"4980",2015-09-14,68.25
"4981",2015-09-15,68.25
"4982",2015-09-16,68.25
"4983",2015-09-17,68.25
"4984",2015-09-18,68.25
"4985",2015-09-19,68.25
"4986",2015-09-20,68.25
"4987",2015-09-21,68.25
"4988",2015-09-22,68.25
"4989",2015-09-23,68.25
"4990",2015-09-24,68.25
"4991",2015-09-25,68.25
"4992",2015-09-26,68.25
"4993",2015-09-27,68.25
"4994",2015-09-28,68.25
"4995",2015-09-29,68.25
"4996",2015-09-30,68.25
"4997",2015-10-01,68.25
"4998",2015-10-02,68.25
"4999",2015-10-03,68.25
"5000",2015-10-04,68.25
"5001",2015-10-05,68.25
"5002",2015-10-06,68.25
"5003",2015-10-07,68.25
"5004",2015-10-08,68.25
"5005",2015-10-09,68.25
"5006",2015-10-10,68.25
"5007",2015-10-11,68.25
"5008",2015-10-12,68.25
"5009",2015-10-13,68.25
"5010",2015-10-14,68.25
"5011",2015-10-15,68.25
"5012",2015-10-16,68.25
"5013",2015-10-17,68.25
"5014",2015-10-18,68.25
"5015",2015-10-19,68.25
"5016",2015-10-20,68.25
"5017",2015-10-21,68.25
"5018",2015-10-22,68.25
"5019",2015-10-23,68.25
"5020",2015-10-24,68.25
"5021",2015-10-25,68.25
"5022",2015-10-26,68.25
"5023",2015-10-27,68.25
"5024",2015-10-28,68.25
"5025",2015-10-29,68.25
"5026",2015-10-30,68.25
"5027",2015-10-31,68.25
"5028",2015-11-01,67.77
"5029",2015-11-01,67.77
"5030",2015-11-02,67.77
"5031",2015-11-03,67.77
"5032",2015-11-04,67.77
"5033",2015-11-05,67.77
"5034",2015-11-06,67.77
"5035",2015-11-07,67.77
"5036",2015-11-08,67.77
"5037",2015-11-09,67.77
"5038",2015-11-10,67.77
"5039",2015-11-11,67.77
"5040",2015-11-12,67.77
"5041",2015-11-13,67.77
"5042",2015-11-14,67.77
"5043",2015-11-15,67.77
"5044",2015-11-16,68.13
"5045",2015-11-16,68.13
"5046",2015-11-17,68.13
"5047",2015-11-18,68.13
"5048",2015-11-19,68.13
"5049",2015-11-20,68.13
"5050",2015-11-21,68.13
"5051",2015-11-22,68.13
"5052",2015-11-23,68.13
"5053",2015-11-24,68.13
"5054",2015-11-25,68.13
"5055",2015-11-26,68.13
"5056",2015-11-27,68.13
"5057",2015-11-28,68.13
"5058",2015-11-29,68.13
"5059",2015-11-30,68.13
