Min Price orange,Max Price orange,Modal Price orange,Price Date
1100,1500,1300,2005/01/01
1100,1500,1300,2005/01/03
1100,1400,1250,2005/01/04
1100,1500,1300,2005/01/05
1200,1600,1400,2005/01/06
1200,1600,1400,2005/01/07
1100,1500,1300,2005/01/08
1400,2100,1750,2005/01/10
500,1700,1000,2005/01/11
1200,1500,1350,2005/01/12
500,1600,1000,2005/01/13
500,1400,1200,2005/01/14
700,1500,1100,2005/01/15
500,1500,1000,2005/01/17
500,900,700,2005/01/18
500,900,700,2005/01/19
500,1000,750,2005/01/20
500,900,700,2005/01/21
500,900,700,2005/01/22
600,1100,850,2005/01/24
600,1100,850,2005/01/25
600,1000,850,2005/01/27
600,1200,900,2005/01/28
600,1100,850,2005/01/29
600,1000,800,2005/01/31
700,1100,950,2005/02/01
700,1100,950,2005/02/03
700,1200,950,2005/02/04
700,1200,950,2005/02/05
700,1400,1050,2005/02/07
700,1300,1000,2005/02/08
800,1400,1100,2005/02/09
800,1400,1100,2005/02/10
600,1300,950,2005/02/11
700,1400,1050,2005/02/12
900,1400,1150,2005/02/14
800,1400,1100,2005/02/15
800,1400,1100,2005/02/16
800,1400,1100,2005/02/17
900,1400,1200,2005/02/18
800,1400,1100,2005/02/19
800,1500,1150,2005/02/21
800,1400,1100,2005/02/22
800,1400,1100,2005/02/23
800,1400,1100,2005/02/24
800,1400,1100,2005/02/25
800,1500,1150,2005/02/26
800,1500,1150,2005/02/28
900,1600,1250,2005/03/01
800,1600,1200,2005/03/02
800,1700,1250,2005/03/03
900,1500,1200,2005/03/04
900,1600,1250,2005/03/05
1000,1600,1300,2005/03/07
900,1600,1250,2005/03/08
900,1600,1250,2005/03/09
900,1700,1300,2005/03/10
900,1600,1250,2005/03/11
800,1800,1300,2005/03/12
900,1900,1400,2005/03/14
1000,1800,1400,2005/03/15
1000,1900,1450,2005/03/16
800,1800,1300,2005/03/17
800,1800,1300,2005/03/18
800,1800,1300,2005/03/19
900,1500,1200,2005/03/21
900,1900,1400,2005/03/22
900,1900,1400,2005/03/23
1700,1800,1750,2005/03/24
1500,1600,1550,2005/03/25
1400,1500,1450,2005/03/28
1400,1500,1450,2005/03/29
1400,1500,1450,2005/03/30
1500,1600,1550,2005/03/31
1400,1500,1450,2005/04/01
1400,1500,1450,2005/04/02
1400,1500,1450,2005/04/04
1300,1400,1350,2005/04/05
1400,1500,1450,2005/04/06
1000,1100,1050,2005/04/07
1300,1400,1350,2005/04/08
1300,1400,1350,2005/04/09
1200,1300,1250,2005/04/11
1200,1300,1250,2005/04/12
1100,1200,1150,2005/04/13
1200,1300,1250,2005/04/15
1200,1300,1250,2005/04/18
1000,1100,1050,2005/04/19
1000,1100,1050,2005/04/20
1000,1100,1050,2005/04/21
900,1000,950,2005/04/22
900,1000,950,2005/04/23
600,1100,850,2005/04/25
600,1100,850,2005/04/26
600,1000,800,2005/04/27
600,1000,800,2005/04/28
600,1000,800,2005/04/29
600,1000,800,2005/04/30
600,1000,800,2005/05/02
900,1000,950,2005/05/03
600,1000,800,2005/05/05
300,800,550,2005/09/09
500,800,650,2005/09/10
500,800,650,2005/09/12
700,800,750,2005/09/13
400,900,650,2005/09/15
400,800,600,2005/09/16
400,700,550,2005/09/17
400,800,600,2005/09/19
400,800,600,2005/09/20
400,900,650,2005/09/21
400,900,650,2005/09/22
400,900,650,2005/09/23
400,1000,700,2005/09/24
400,1000,700,2005/09/26
400,900,650,2005/09/27
300,800,550,2005/09/28
400,900,650,2005/09/29
400,900,650,2005/09/30
300,900,600,2005/10/01
300,900,600,2005/10/04
400,900,650,2005/10/05
400,900,650,2005/10/06
400,900,650,2005/10/07
400,800,600,2005/10/08
700,800,750,2005/10/10
700,800,750,2005/10/11
400,900,650,2005/10/13
400,700,550,2005/10/14
400,700,550,2005/10/15
400,800,600,2005/10/17
400,800,600,2005/10/18
400,800,600,2005/10/19
400,900,650,2005/10/20
400,900,650,2005/10/21
400,900,650,2005/10/22
400,900,650,2005/10/24
300,800,550,2005/10/25
400,800,600,2005/10/26
400,800,600,2005/10/27
400,800,600,2005/10/28
400,700,550,2005/10/29
400,800,600,2005/10/31
400,800,600,2005/11/01
400,800,600,2005/11/03
400,750,600,2005/11/04
450,800,600,2005/11/07
500,900,700,2005/11/08
400,900,650,2005/11/09
500,1000,750,2005/11/10
400,900,650,2005/11/11
400,900,650,2005/11/12
400,900,650,2005/11/14
400,900,650,2005/11/15
400,900,650,2005/11/16
500,900,700,2005/11/17
500,900,700,2005/11/18
500,900,750,2005/11/19
400,800,600,2005/11/21
400,800,600,2005/11/22
400,800,600,2005/11/23
400,800,600,2005/11/24
400,800,600,2005/11/25
400,800,600,2005/11/26
400,800,600,2005/11/28
400,800,600,2005/11/29
400,800,600,2005/11/30
400,800,600,2005/12/01
400,900,650,2005/12/02
500,900,700,2005/12/03
400,900,650,2005/12/05
500,900,700,2005/12/06
500,900,700,2005/12/07
400,800,600,2005/12/08
500,900,700,2005/12/09
500,900,700,2005/12/10
500,900,700,2005/12/12
500,800,650,2005/12/13
500,800,650,2005/12/14
500,800,650,2005/12/15
500,800,650,2005/12/16
500,900,700,2005/12/17
500,900,700,2005/12/19
400,900,650,2005/12/20
500,900,700,2005/12/21
400,1000,700,2005/12/22
600,1000,800,2005/12/23
500,1000,750,2005/12/24
500,1000,750,2005/12/26
500,1000,750,2005/12/27
500,1000,750,2005/12/28
600,1000,800,2005/12/29
500,1000,750,2005/12/30
600,1000,800,2005/12/31
500,1000,750,2006/01/02
500,1000,750,2006/01/03
600,1100,850,2006/01/04
700,1100,900,2006/01/05
600,1100,850,2006/01/06
400,1100,750,2006/01/07
400,1100,750,2006/01/09
400,1100,750,2006/01/10
400,1100,750,2006/01/11
400,1100,750,2006/01/12
400,1200,800,2006/01/13
400,1100,750,2006/01/14
400,1100,750,2006/01/16
500,1100,800,2006/01/17
400,800,600,2006/01/18
400,800,600,2006/01/19
400,800,600,2006/01/20
400,800,600,2006/01/21
400,700,550,2006/01/23
300,700,500,2006/01/24
300,700,500,2006/01/25
500,1000,750,2006/01/27
400,900,650,2006/01/28
400,900,650,2006/01/30
400,900,650,2006/01/31
400,900,650,2006/02/01
400,900,650,2006/02/02
400,900,650,2006/02/03
400,800,600,2006/02/04
400,700,550,2006/02/06
300,700,500,2006/02/07
500,900,700,2006/02/08
500,800,650,2006/02/09
300,700,500,2006/02/10
300,700,500,2006/02/11
500,800,650,2006/02/13
500,800,650,2006/02/14
300,700,500,2006/02/15
300,700,500,2006/02/16
300,700,500,2006/02/17
300,700,500,2006/02/18
300,700,500,2006/02/20
300,700,500,2006/02/21
300,700,500,2006/02/22
300,600,450,2006/02/23
400,700,550,2006/02/24
200,600,400,2006/02/25
200,600,400,2006/02/27
200,600,400,2006/02/28
200,700,450,2006/03/01
300,700,450,2006/03/02
300,600,450,2006/03/03
200,600,400,2006/03/04
200,500,350,2006/03/06
200,500,350,2006/03/07
200,600,400,2006/03/08
200,600,400,2006/03/09
200,600,400,2006/03/10
200,500,350,2006/03/11
200,500,350,2006/03/13
200,600,400,2006/03/14
200,700,450,2006/03/16
300,700,500,2006/03/17
300,600,450,2006/03/18
300,600,450,2006/03/20
300,600,450,2006/03/21
300,600,450,2006/03/22
400,700,550,2006/03/23
400,700,550,2006/03/24
400,800,600,2006/03/25
400,800,600,2006/03/27
400,800,600,2006/03/28
400,800,600,2006/03/29
400,800,600,2006/03/30
400,800,600,2006/03/31
500,800,650,2006/04/01
400,800,600,2006/04/03
400,800,600,2006/04/04
400,800,600,2006/04/05
400,800,600,2006/04/07
400,800,600,2006/04/08
400,800,600,2006/04/10
500,900,700,2006/04/11
500,900,700,2006/04/12
500,900,700,2006/04/13
600,900,750,2006/04/15
600,900,750,2006/04/17
700,1100,900,2006/04/18
700,1200,950,2006/04/19
700,1100,900,2006/04/20
800,1200,1000,2006/04/21
900,1400,1150,2006/04/22
900,1300,1100,2006/04/24
400,400,400,2006/09/11
400,450,425,2006/09/12
300,600,450,2006/09/13
300,600,450,2006/09/15
300,600,450,2006/09/16
200,600,400,2006/09/18
300,500,400,2006/09/19
300,600,450,2006/09/20
300,700,500,2006/09/21
350,650,400,2006/09/23
300,700,500,2006/09/25
380,550,450,2006/09/26
200,500,350,2006/09/27
300,800,550,2006/09/28
300,600,450,2006/09/30
300,600,450,2006/10/03
300,600,450,2006/10/04
400,800,600,2006/10/05
300,800,550,2006/10/06
300,700,500,2006/10/07
300,800,550,2006/10/09
400,800,600,2006/10/10
300,800,550,2006/10/11
300,700,500,2006/10/12
300,800,550,2006/10/13
300,750,500,2006/10/14
300,700,500,2006/10/16
300,700,500,2006/10/17
300,900,600,2006/10/18
400,900,650,2006/10/19
375,750,625,2006/10/20
375,750,550,2006/10/24
400,900,650,2006/10/26
400,1000,700,2006/10/27
400,900,650,2006/10/28
500,800,650,2006/10/30
300,700,500,2006/10/31
300,800,550,2006/11/01
300,800,550,2006/11/02
300,900,600,2006/11/03
350,900,600,2006/11/04
300,800,550,2006/11/06
500,1000,750,2006/11/07
400,900,650,2006/11/08
400,1000,700,2006/11/09
400,1000,700,2006/11/10
400,900,650,2006/11/11
400,900,650,2006/11/13
400,900,650,2006/11/14
400,900,650,2006/11/15
500,900,700,2006/11/16
400,1000,700,2006/11/17
500,1000,750,2006/11/18
500,1000,750,2006/11/20
400,1000,700,2006/11/28
500,1000,750,2006/11/29
550,1050,800,2006/11/30
900,1500,1300,2006/12/12
900,1400,1150,2006/12/13
1000,1400,1200,2006/12/14
800,1300,1050,2006/12/18
1000,1400,1200,2006/12/19
900,1400,1150,2006/12/20
1000,1500,1250,2006/12/21
1100,1500,1300,2006/12/22
1700,2200,1950,2007/01/15
1900,2500,2100,2007/01/16
800,2600,1700,2007/01/17
800,2600,1700,2007/01/18
800,2200,1500,2007/01/19
800,2100,1500,2007/01/20
400,900,650,2007/01/22
500,1000,750,2007/01/23
400,900,650,2007/01/24
400,900,750,2007/01/25
500,1100,800,2007/01/27
500,1100,800,2007/01/29
500,1100,800,2007/01/31
800,1200,1050,2007/02/05
500,900,700,2007/02/06
600,1200,900,2007/02/07
600,1400,1000,2007/02/08
600,1400,1000,2007/02/09
600,1400,950,2007/02/10
600,1100,800,2007/02/12
600,1100,800,2007/02/13
500,1000,750,2007/02/14
400,1200,800,2007/02/17
550,1200,850,2007/02/19
800,1400,1100,2007/02/20
400,900,650,2007/02/21
450,1050,750,2007/02/22
500,900,700,2007/02/23
500,950,750,2007/02/24
500,950,725,2007/02/26
500,1000,750,2007/02/27
500,1100,900,2007/02/28
500,1000,750,2007/03/01
500,1000,750,2007/03/02
500,1000,750,2007/03/03
400,1000,700,2007/03/05
500,1000,750,2007/03/06
400,1000,750,2007/03/08
400,1000,800,2007/03/09
800,1300,1100,2007/03/10
500,1000,750,2007/03/12
600,1100,900,2007/03/13
500,900,700,2007/03/14
500,1000,750,2007/03/20
500,900,800,2007/03/21
500,900,800,2007/03/22
600,1000,800,2007/03/23
600,1000,800,2007/03/24
500,1050,750,2007/03/31
500,1000,750,2007/04/02
500,1000,750,2007/04/04
600,1100,900,2007/04/05
600,1100,900,2007/04/06
600,1100,1000,2007/04/07
600,1100,850,2007/04/09
800,1200,1100,2007/04/10
700,1200,900,2007/04/11
800,1300,1100,2007/04/13
900,1400,1250,2007/04/16
900,1400,1200,2007/04/17
1000,1500,1250,2007/04/18
1100,1800,1500,2007/04/19
1400,1900,1700,2007/04/20
1600,2200,2000,2007/04/21
300,600,450,2007/09/14
300,600,450,2007/09/15
300,600,450,2007/09/17
400,700,550,2007/09/18
300,700,500,2007/09/19
400,700,550,2007/09/20
400,700,550,2007/09/21
300,700,500,2007/09/22
200,700,500,2007/09/24
200,700,450,2007/09/25
200,700,450,2007/09/26
200,600,400,2007/09/27
200,600,400,2007/09/28
300,600,450,2007/09/29
300,600,450,2007/10/01
300,600,450,2007/10/03
300,600,450,2007/10/04
300,700,500,2007/10/05
300,600,450,2007/10/06
300,600,450,2007/10/08
300,600,450,2007/10/09
300,600,450,2007/10/10
400,700,550,2007/10/11
300,700,500,2007/10/12
400,700,550,2007/10/13
300,700,500,2007/10/18
300,700,500,2007/10/19
400,700,550,2007/10/20
300,800,600,2007/10/23
300,800,600,2007/10/24
400,750,600,2007/10/25
300,800,600,2007/10/26
300,700,500,2007/10/27
300,800,600,2007/10/29
300,700,500,2007/10/30
300,700,500,2007/10/31
300,700,500,2007/11/02
300,800,500,2007/11/03
300,800,550,2007/11/05
500,900,700,2007/11/06
400,900,700,2007/11/07
500,900,700,2007/11/08
500,800,750,2007/11/09
400,900,800,2007/11/10
600,900,800,2007/11/12
400,800,600,2007/11/13
600,1000,800,2007/11/15
400,900,750,2007/11/16
600,1000,800,2007/11/17
600,1000,800,2007/11/19
600,1000,800,2007/11/20
600,1100,820,2007/11/23
500,1000,750,2007/11/24
600,1000,800,2007/11/26
700,1200,1100,2007/12/04
700,1300,1100,2007/12/05
600,1100,900,2007/12/07
600,1100,900,2007/12/08
700,1200,900,2007/12/10
700,1300,1000,2007/12/11
900,1200,1050,2007/12/20
700,1200,950,2007/12/21
700,1200,950,2007/12/22
700,1300,1000,2007/12/24
700,1300,1000,2007/12/25
1000,1300,1150,2007/12/26
700,1300,1000,2007/12/27
700,1300,1000,2007/12/28
800,1300,1050,2007/12/29
800,1400,1100,2007/12/31
1000,1200,1100,2008/01/01
800,1300,1050,2008/01/02
800,1300,1050,2008/01/03
800,1300,1050,2008/01/05
800,1300,1050,2008/01/07
1000,1300,1150,2008/01/08
1000,1300,1150,2008/01/09
600,1300,950,2008/01/10
500,1300,850,2008/01/11
500,1300,850,2008/01/12
500,1300,850,2008/01/14
500,1200,850,2008/01/15
500,800,650,2008/01/17
500,1000,750,2008/01/18
500,900,700,2008/01/21
600,900,750,2008/01/22
500,900,700,2008/01/23
500,900,700,2008/01/24
700,1000,850,2008/01/25
600,900,750,2008/01/28
500,900,700,2008/01/29
500,900,700,2008/01/30
600,1100,850,2008/01/31
500,1000,750,2008/02/01
500,1000,750,2008/02/02
500,1000,750,2008/02/11
500,1000,750,2008/02/12
500,1000,750,2008/02/13
600,1100,850,2008/02/15
500,1000,750,2008/02/18
800,1100,950,2008/02/19
800,1200,1000,2008/02/20
700,1100,900,2008/02/21
600,1200,900,2008/02/22
600,1200,900,2008/02/23
700,1200,850,2008/02/25
600,1200,900,2008/02/26
600,1100,850,2008/02/27
500,1100,800,2008/02/28
700,1200,950,2008/02/29
700,1200,950,2008/03/03
600,1200,900,2008/03/04
700,1200,950,2008/03/05
600,1200,900,2008/03/06
700,1200,950,2008/03/08
700,1200,950,2008/03/12
600,1300,950,2008/03/13
700,1300,1000,2008/03/14
700,1250,1025,2008/03/15
700,1300,1000,2008/03/17
800,1300,1050,2008/03/18
800,1400,1100,2008/03/19
800,1300,1050,2008/03/20
900,1500,1200,2008/03/21
700,1200,1050,2008/03/24
600,1300,950,2008/03/25
500,1300,900,2008/03/26
1000,1800,1400,2008/03/27
600,1700,1100,2008/03/28
600,1600,1100,2008/03/29
600,1800,1200,2008/03/31
1100,2000,1550,2008/04/01
1200,2000,1600,2008/04/02
1100,2000,1550,2008/04/03
1000,2200,1600,2008/04/07
900,2500,1500,2008/04/08
800,2400,1600,2008/04/09
1200,1900,1550,2008/04/18
500,1000,750,2008/09/08
500,800,650,2008/09/10
500,1200,850,2008/09/16
400,1000,700,2008/09/17
400,1000,700,2008/09/18
500,1000,750,2008/09/19
200,500,350,2008/09/20
200,500,350,2008/09/22
200,900,550,2008/09/23
300,800,550,2008/09/24
300,800,550,2008/09/25
400,900,650,2008/09/26
400,900,650,2008/09/27
400,1000,700,2008/09/29
400,1000,700,2008/09/30
300,900,600,2008/10/01
400,1200,800,2008/10/02
400,1200,800,2008/10/03
400,1100,750,2008/10/04
400,1100,750,2008/10/06
600,1200,900,2008/10/07
600,1200,900,2008/10/08
500,1000,750,2008/10/10
400,1000,700,2008/10/11
500,1200,850,2008/10/23
400,1300,850,2008/10/24
600,1300,950,2008/10/25
500,1300,900,2008/10/27
500,1300,900,2008/10/28
500,1000,750,2008/10/30
500,1000,750,2008/10/31
700,1300,1000,2008/11/03
700,1400,1050,2008/11/04
800,1400,1100,2008/11/05
600,1400,1000,2008/11/06
700,1700,1050,2008/11/07
800,1400,1100,2008/11/08
600,1300,950,2008/11/10
600,1300,950,2008/11/11
500,1300,900,2008/11/12
700,1300,1000,2008/11/13
600,1300,950,2008/11/14
700,1400,1050,2008/11/15
600,1300,950,2008/11/17
600,1300,950,2008/11/18
600,1300,950,2008/11/19
800,1300,1050,2008/11/20
700,1300,1000,2008/11/21
600,1400,1000,2008/11/22
600,1400,1000,2008/11/24
700,1500,1100,2008/11/25
700,1500,1100,2008/11/26
700,1500,1100,2008/11/27
800,1500,1150,2008/11/28
800,1300,1050,2008/11/29
900,1500,1200,2008/12/01
800,1500,1150,2008/12/02
800,1400,1100,2008/12/03
900,1500,1200,2008/12/04
700,1600,1150,2008/12/05
900,1600,1250,2008/12/06
900,1600,1250,2008/12/08
900,1500,1200,2008/12/10
1200,1800,1500,2008/12/11
1000,1900,1450,2008/12/12
1100,1900,1500,2008/12/13
1000,1900,1450,2008/12/15
1000,1900,1450,2008/12/16
1200,1900,1550,2008/12/17
1000,1700,1350,2008/12/18
1000,1800,1400,2008/12/19
1000,1800,1400,2008/12/20
1000,1800,1400,2008/12/22
1100,1800,1450,2008/12/23
1100,1800,1450,2008/12/24
1100,1800,1450,2008/12/25
1000,1700,1350,2008/12/26
1000,1700,1350,2008/12/27
1200,1900,1550,2008/12/29
1300,1900,1600,2008/12/30
1300,2000,1650,2008/12/31
1400,2000,1700,2009/01/01
1400,2200,1800,2009/01/02
1700,2200,1950,2009/01/03
1500,2100,1800,2009/01/05
1500,2300,1900,2009/01/06
1700,2500,2100,2009/01/07
1700,2500,2100,2009/01/08
1800,2600,2200,2009/01/09
1800,2500,2150,2009/01/10
800,1400,1100,2009/01/27
700,1300,1000,2009/01/28
700,1200,950,2009/01/29
700,1300,1000,2009/01/30
700,1400,1050,2009/01/31
800,1400,1100,2009/02/02
700,1300,1000,2009/02/03
800,1500,1150,2009/02/04
700,1300,1000,2009/02/05
700,1300,1000,2009/02/06
700,1300,1000,2009/02/07
500,1300,900,2009/02/09
700,1300,1000,2009/02/10
700,1400,1050,2009/02/11
800,1400,1100,2009/02/12
800,1700,1250,2009/02/13
800,1600,1200,2009/02/14
800,1600,1200,2009/02/16
900,1500,1200,2009/02/17
800,1500,1150,2009/02/18
900,1500,1200,2009/02/19
800,1600,1200,2009/02/20
800,1700,1250,2009/02/21
800,1500,1150,2009/02/23
700,1400,1050,2009/02/24
800,1800,1300,2009/02/25
800,1500,1150,2009/02/26
800,1800,1300,2009/02/27
800,1700,1250,2009/02/28
900,1800,1400,2009/03/02
900,1600,1250,2009/03/03
700,1700,1200,2009/03/04
700,1500,1100,2009/03/05
700,1700,1200,2009/03/06
700,1700,1200,2009/03/07
900,1700,1300,2009/03/09
700,1800,1250,2009/03/10
800,1600,1200,2009/03/12
600,1600,1100,2009/03/13
800,1600,1200,2009/03/14
800,1600,1200,2009/03/16
700,1500,1100,2009/03/17
800,1400,1100,2009/03/18
800,1500,1150,2009/03/19
700,1600,1150,2009/03/20
800,1600,1200,2009/03/21
600,1500,1050,2009/03/23
700,1900,1300,2009/03/24
800,1600,1200,2009/03/25
800,1700,1350,2009/03/26
800,1800,1300,2009/03/27
800,1900,1350,2009/03/28
800,1800,1300,2009/03/30
500,1800,1150,2009/03/31
500,1800,1150,2009/04/01
600,1800,1200,2009/04/02
600,1800,1200,2009/04/03
700,1600,1150,2009/04/04
400,1400,900,2009/04/06
600,1100,850,2009/04/07
500,1500,1000,2009/04/08
600,1600,1100,2009/04/09
500,1600,1100,2009/04/10
500,1600,1050,2009/04/11
600,1200,900,2009/04/13
600,1300,950,2009/04/14
700,1400,1050,2009/04/15
400,1500,950,2009/04/17
500,1500,1000,2009/04/18
800,1400,1100,2009/04/20
600,1400,1000,2009/04/21
700,1500,1100,2009/04/22
700,1500,1100,2009/04/23
600,1500,1050,2009/04/24
600,1800,1200,2009/04/25
500,1100,800,2009/04/27
600,1200,900,2009/04/28
700,1700,1200,2009/04/29
500,1000,750,2009/04/30
600,1100,850,2009/05/01
600,1200,900,2009/05/02
700,1500,1100,2009/05/04
600,1500,1050,2009/05/05
600,1500,1050,2009/05/06
600,1400,1000,2009/05/07
600,1500,1050,2009/05/08
700,1600,1150,2009/05/09
700,1600,1150,2009/05/11
700,1600,1150,2009/05/12
700,1700,1200,2009/05/13
900,1700,1300,2009/05/14
900,1800,1350,2009/05/15
900,1800,1350,2009/05/19
800,1400,1100,2009/05/21
800,1500,1150,2009/05/22
900,1300,1100,2009/06/17
900,1500,1200,2009/07/20
1700,2000,1850,2009/09/01
1200,1300,1250,2009/09/02
1400,1500,1450,2009/09/03
1700,1800,1750,2009/09/04
1100,1600,1350,2009/09/05
1200,1300,1250,2009/09/07
1400,1600,1500,2009/09/08
1100,1800,1450,2009/09/09
900,1800,1350,2009/09/10
900,1500,1200,2009/09/11
800,1500,1150,2009/09/12
900,1700,1300,2009/09/14
900,1700,1300,2009/09/15
1300,1400,1350,2009/09/16
1300,1400,1350,2009/09/17
1500,1600,1550,2009/09/18
1300,1400,1350,2009/09/19
1500,1600,1550,2009/09/21
1500,1700,1600,2009/09/22
1300,1500,1400,2009/09/23
1400,1500,1450,2009/09/24
1400,1500,1450,2009/09/25
1200,1300,1250,2009/09/26
1100,1300,1200,2009/09/29
700,1400,1050,2009/09/30
1300,1500,1400,2009/10/01
1400,1500,1450,2009/10/02
1700,1900,1800,2009/10/03
1300,1500,1400,2009/10/05
1200,1400,1300,2009/10/06
1100,1200,1150,2009/10/07
800,1600,1200,2009/10/08
1400,1500,1450,2009/10/09
1400,1500,1450,2009/10/10
1400,1600,1500,2009/10/12
1400,1500,1450,2009/10/14
1800,2000,1900,2009/10/15
2000,2200,2100,2009/10/16
1900,2200,2050,2009/10/17
1000,1300,1150,2009/10/19
1400,1500,1450,2009/10/20
1800,1900,1850,2009/10/21
1700,1800,1750,2009/10/22
1700,1800,1750,2009/10/23
1600,1800,1700,2009/10/24
1400,1600,1500,2009/10/26
1300,1400,1350,2009/10/27
1400,1500,1450,2009/10/28
1700,1800,1750,2009/11/02
1700,1800,1750,2009/11/03
1600,1800,1700,2009/11/04
1600,1700,1650,2009/11/05
1900,2000,1950,2009/11/06
1800,2000,1900,2009/11/07
1600,1800,1700,2009/11/09
2600,2700,2650,2009/11/10
1700,1800,1750,2009/11/11
1800,1900,1850,2009/11/12
1900,2000,1950,2009/11/13
1900,2000,1950,2009/11/14
1800,2000,1900,2009/11/16
1800,2000,1900,2009/11/17
1900,2000,1950,2009/11/18
2000,2100,2050,2009/11/19
2000,2100,2050,2009/11/20
1900,2000,1950,2009/11/21
1800,1900,1850,2009/11/23
1900,2000,1950,2009/11/24
180,1900,1850,2009/11/25
1600,1800,1700,2009/11/26
1800,1900,1850,2009/11/27
1900,2000,1950,2009/11/30
1000,2000,1500,2009/12/01
1900,2000,1950,2009/12/02
1800,2000,1900,2009/12/03
1800,2000,1900,2009/12/04
1900,2000,1950,2009/12/05
1900,2100,2000,2009/12/07
1900,2100,2000,2009/12/08
1900,2100,2000,2009/12/09
2000,2200,2100,2009/12/10
1900,2100,2000,2009/12/11
800,2000,1400,2009/12/12
1800,1900,1850,2009/12/14
800,2000,1400,2009/12/15
1900,2000,1950,2009/12/16
900,2000,1450,2009/12/17
1000,2000,1500,2009/12/18
1000,2000,1500,2009/12/19
1000,2000,1500,2009/12/21
900,2000,1450,2009/12/22
1100,2100,1600,2009/12/23
900,2100,1500,2009/12/24
1200,2300,1750,2009/12/25
800,1900,1350,2009/12/26
1000,2300,1650,2009/12/28
100,2100,1550,2009/12/29
1500,2400,1950,2009/12/30
1400,2300,1850,2009/12/31
1400,2400,1900,2010/01/01
1400,2400,1900,2010/01/02
1100,2600,1850,2010/01/04
1000,2300,1750,2010/01/05
1000,2300,1650,2010/01/06
1000,2100,1550,2010/01/07
1000,2100,1550,2010/01/08
600,2000,1300,2010/01/09
900,1900,1400,2010/01/11
700,1300,1000,2010/01/12
700,1200,950,2010/01/13
700,1800,1450,2010/01/14
1000,1700,1350,2010/01/15
700,1700,1200,2010/01/16
500,1800,1150,2010/01/18
1600,1700,1650,2010/01/19
1300,1500,1400,2010/01/20
1400,1500,1450,2010/01/22
1300,1500,1400,2010/01/23
1300,1500,1400,2010/01/25
1200,1300,1250,2010/01/27
1200,1300,1250,2010/01/28
1100,1200,1150,2010/01/29
1000,1200,1100,2010/01/30
1000,1200,1100,2010/02/01
1000,1100,1050,2010/02/02
1000,1100,1050,2010/02/03
1000,1200,1100,2010/02/04
1000,1100,1050,2010/02/05
1200,1300,1250,2010/02/06
500,700,600,2010/02/08
500,600,550,2010/02/09
1100,1200,1150,2010/02/10
1100,1200,1150,2010/02/11
1000,1200,1100,2010/02/12
900,1000,950,2010/02/13
1200,1300,1250,2010/02/15
1000,1200,1100,2010/02/16
1100,1200,1150,2010/02/17
1000,1100,1050,2010/02/18
1000,1100,1050,2010/02/19
1100,1200,1150,2010/02/20
1000,1200,1100,2010/02/22
900,1000,950,2010/02/23
900,1000,950,2010/02/24
900,1000,950,2010/02/25
1000,1100,1050,2010/02/26
1000,1100,1050,2010/03/02
900,1000,950,2010/03/03
1000,1100,1050,2010/03/04
1100,1200,1150,2010/03/05
1000,1100,1050,2010/03/06
1000,1100,1050,2010/03/08
900,1000,950,2010/03/09
900,1000,950,2010/03/10
900,1000,950,2010/03/11
900,1000,950,2010/03/12
800,900,850,2010/03/13
900,1000,950,2010/03/15
900,1000,950,2010/03/16
1000,1100,1050,2010/03/17
1000,1100,1050,2010/03/18
900,1000,950,2010/03/19
900,1000,950,2010/03/20
900,1000,950,2010/03/22
1000,1100,1050,2010/03/23
1000,1200,1100,2010/03/24
1000,1200,1100,2010/03/25
1000,1100,1050,2010/03/26
700,900,800,2010/03/27
1000,1100,1050,2010/03/29
1000,1200,1100,2010/03/30
1400,1600,1500,2010/03/31
1500,1700,1600,2010/04/01
1900,2000,1950,2010/04/02
1900,2100,2000,2010/04/03
1600,1900,1750,2010/04/05
1800,2000,1900,2010/04/06
400,2000,1200,2010/04/07
1000,2100,1550,2010/04/08
1000,2200,1600,2010/04/09
1000,2300,1650,2010/04/10
1400,2200,1800,2010/04/12
1400,2300,1850,2010/04/13
1400,2300,1850,2010/04/14
1500,2500,2000,2010/04/15
1500,2500,2000,2010/04/17
700,1200,1050,2010/09/17
500,900,700,2010/09/21
500,900,700,2010/09/22
500,900,700,2010/09/23
400,900,650,2010/09/24
400,900,650,2010/09/25
300,800,550,2010/09/27
400,900,650,2010/09/28
500,1000,750,2010/09/29
500,900,700,2010/09/30
400,900,650,2010/10/01
500,1100,800,2010/10/02
600,1200,900,2010/10/04
600,1200,900,2010/10/05
700,1200,950,2010/10/06
600,1300,950,2010/10/07
600,1400,1000,2010/10/08
600,1200,900,2010/10/09
400,1200,800,2010/10/11
1000,2000,1500,2010/10/12
900,1800,1350,2010/10/13
1200,2000,1600,2010/10/14
1100,2200,1600,2010/10/15
1000,2100,1550,2010/10/16
1000,2100,1550,2010/10/18
900,2000,1450,2010/10/20
800,1900,1350,2010/10/21
1000,2100,1550,2010/10/22
1000,2100,1550,2010/10/23
1300,2300,1800,2010/10/25
1300,2300,1800,2010/10/26
900,1800,1350,2010/10/27
1000,1900,1450,2010/10/28
1000,2000,1500,2010/10/29
1000,2000,1500,2010/10/30
1400,2300,1850,2010/11/01
1200,2300,1750,2010/11/02
1000,2000,1500,2010/11/03
1200,2100,1650,2010/11/04
1300,2400,1850,2010/11/05
1200,2300,1750,2010/11/06
1300,2400,1850,2010/11/08
1300,2400,1850,2010/11/09
1700,3200,2450,2010/11/11
1500,3000,2250,2010/11/12
1700,2900,2300,2010/11/15
1700,2900,2300,2010/11/16
1700,3000,2350,2010/11/18
1300,2900,2100,2010/11/19
1900,2800,2350,2010/11/20
1500,3000,2250,2010/11/22
1500,3000,2250,2010/11/23
1800,3000,2400,2010/11/24
2000,2800,2400,2010/11/25
1600,2700,2150,2010/11/26
1300,2700,2000,2010/11/27
1600,2800,2200,2010/11/29
1400,2900,2150,2010/11/30
1800,2800,2300,2010/12/01
1500,2600,2050,2010/12/02
1900,2900,2400,2010/12/03
1700,2800,2250,2010/12/04
1800,2900,2250,2010/12/06
1600,2600,2100,2010/12/07
1700,2700,2200,2010/12/08
1600,2600,2100,2010/12/09
1700,2800,2150,2010/12/10
1900,2900,2400,2010/12/11
1700,2900,2300,2010/12/13
1800,2900,2350,2010/12/14
1800,2900,2350,2010/12/15
1500,2900,2200,2010/12/16
1700,2900,2300,2010/12/20
1500,2900,2200,2010/12/21
1500,2900,2200,2010/12/22
1600,2800,2200,2010/12/24
1700,2900,2300,2010/12/25
1600,2800,2200,2010/12/27
1600,2800,2200,2010/12/28
1900,3000,2450,2010/12/29
2000,3400,2700,2010/12/30
1800,3000,2400,2010/12/31
1700,3700,2700,2011/01/01
1000,3600,2300,2011/01/03
1500,3600,2550,2011/01/04
1000,3000,2000,2011/01/05
1000,3000,2000,2011/01/06
800,2000,1400,2011/01/07
1000,2400,1700,2011/01/08
900,2400,1650,2011/01/10
700,1900,1300,2011/01/11
1000,2400,1700,2011/01/12
1800,2000,1900,2011/01/14
1800,2000,1900,2011/01/15
2000,2200,2100,2011/01/18
2200,2500,2350,2011/01/19
2000,2200,2100,2011/01/20
1800,1900,1850,2011/01/21
1900,2100,2000,2011/01/22
1300,1500,1400,2011/01/24
2300,2500,2400,2011/01/25
2000,2300,2150,2011/01/27
2000,2100,2050,2011/01/28
1800,2000,1900,2011/01/29
1800,2000,1900,2011/01/31
1400,1600,1500,2011/02/01
1500,1700,1600,2011/02/02
1500,1700,1600,2011/02/03
1900,2000,1950,2011/02/04
1800,1900,1850,2011/02/05
1800,2000,1900,2011/02/07
1800,2000,1900,2011/02/08
1900,2100,2000,2011/02/09
1800,2000,1900,2011/02/10
1800,2000,1900,2011/02/11
2000,2200,2100,2011/02/12
1800,2000,1900,2011/02/14
1800,2000,1900,2011/02/15
1800,2100,1950,2011/02/17
1900,2100,2000,2011/02/18
1800,2000,1900,2011/02/19
1900,2100,2000,2011/02/21
2000,2200,2100,2011/02/22
1800,2100,1950,2011/02/23
1800,2000,1900,2011/02/24
1000,1200,1100,2011/02/25
2000,2200,2100,2011/02/26
1800,2000,1900,2011/02/28
1900,2200,2050,2011/03/01
1900,2100,2000,2011/03/02
2000,2200,2100,2011/03/03
2000,2300,2150,2011/03/04
2200,2400,2300,2011/03/05
2200,2600,2400,2011/03/07
2300,2600,2450,2011/03/08
900,1200,1050,2011/03/09
1500,2000,1750,2011/03/10
2200,2500,2350,2011/03/11
2000,2400,2200,2011/03/12
1500,1900,1700,2011/03/14
2000,2500,2250,2011/03/15
2500,2800,2650,2011/03/16
2700,3000,2850,2011/03/17
2500,2900,2700,2011/03/18
1300,3500,2400,2011/03/19
1200,3200,2200,2011/03/21
1200,3000,2100,2011/03/22
1500,3800,2650,2011/03/23
1800,3800,2800,2011/03/24
1800,4000,2900,2011/03/25
2000,3900,3000,2011/03/26
1800,3800,2800,2011/03/28
1800,3900,2850,2011/03/29
1900,3800,2950,2011/03/30
2000,3800,2900,2011/03/31
2200,3800,3000,2011/04/01
1500,3500,2500,2011/04/02
1500,3500,2500,2011/04/04
1500,3500,2500,2011/04/05
2400,4000,3200,2011/04/08
1100,3300,2200,2011/05/02
200,700,450,2011/09/07
500,1200,850,2011/09/08
500,1100,800,2011/09/09
500,1200,850,2011/09/10
500,1200,850,2011/09/12
500,1100,800,2011/09/13
500,1200,850,2011/09/14
600,1100,850,2011/09/15
500,1200,850,2011/09/16
600,2200,1400,2011/09/17
600,1800,1200,2011/09/19
500,1300,900,2011/09/20
500,1400,950,2011/09/21
400,1600,1000,2011/09/22
500,1300,900,2011/09/23
500,1200,850,2011/09/24
500,1500,1000,2011/09/26
600,1800,1200,2011/09/27
500,1500,1000,2011/09/28
500,1500,1000,2011/09/30
500,1300,900,2011/10/01
500,1400,950,2011/10/03
500,1300,900,2011/10/04
500,1400,950,2011/10/05
500,1400,950,2011/10/07
500,1500,1000,2011/10/10
500,1800,1150,2011/10/11
500,1700,1100,2011/10/12
600,1700,1150,2011/10/13
500,1800,1150,2011/10/14
500,1700,1100,2011/10/15
500,1700,1100,2011/10/17
500,1500,1000,2011/10/18
500,1500,1000,2011/10/19
300,1600,950,2011/10/20
300,1600,950,2011/10/21
300,1600,950,2011/10/22
400,1800,1100,2011/10/25
500,1900,1200,2011/10/28
500,1700,1100,2011/10/29
500,1700,1100,2011/10/31
400,1600,1000,2011/11/01
400,1600,1000,2011/11/02
500,1300,900,2011/11/03
400,1600,1000,2011/11/04
300,1400,850,2011/11/05
300,1200,750,2011/11/08
300,1200,750,2011/11/21
300,1100,700,2011/11/22
300,1100,700,2011/11/23
300,1200,750,2011/11/25
300,1200,750,2011/11/26
300,1100,700,2011/11/28
300,1100,700,2011/11/29
300,1100,700,2011/11/30
300,1000,650,2011/12/01
400,1300,850,2011/12/02
300,1000,650,2011/12/03
300,1100,700,2011/12/05
300,1300,800,2011/12/06
300,1400,850,2011/12/07
400,1200,800,2011/12/08
400,1200,800,2011/12/09
400,1300,850,2011/12/10
300,1300,800,2011/12/12
300,1400,850,2011/12/13
300,1300,800,2011/12/14
300,1300,950,2011/12/15
400,1300,850,2011/12/16
300,1300,800,2011/12/17
300,1200,750,2011/12/19
300,1200,750,2011/12/20
300,1200,750,2011/12/21
300,1300,800,2011/12/22
300,1300,800,2011/12/23
400,1200,800,2011/12/24
400,1300,850,2011/12/26
400,1300,850,2011/12/27
500,1400,950,2011/12/28
600,1400,1000,2011/12/29
500,1500,1000,2011/12/30
500,1700,1100,2011/12/31
800,2200,1500,2012/01/02
400,1600,1000,2012/01/03
400,1700,1050,2012/01/16
400,1800,1100,2012/01/18
400,1800,1100,2012/01/19
500,1800,1150,2012/01/20
500,1900,1200,2012/01/21
500,1600,1050,2012/01/23
400,1600,1000,2012/01/24
600,1700,1100,2012/01/25
600,1600,1100,2012/01/27
600,1800,1100,2012/01/28
500,2000,1250,2012/01/30
600,2000,1300,2012/01/31
600,2000,1300,2012/02/01
600,1800,1100,2012/02/03
500,2000,1250,2012/02/04
500,1600,1050,2012/02/06
700,1900,1300,2012/02/07
700,2100,1475,2012/02/08
700,2000,1350,2012/02/09
500,2000,1250,2012/02/10
700,2000,1350,2012/02/11
800,2200,1500,2012/02/13
500,1800,1150,2012/02/14
500,1800,1150,2012/02/15
700,2000,1350,2012/02/17
600,1900,1250,2012/02/18
600,1800,1200,2012/02/20
700,1900,1300,2012/02/21
700,2000,1350,2012/02/23
800,2000,1400,2012/02/24
600,1800,1000,2012/02/25
700,1900,1300,2012/02/27
700,2000,1350,2012/02/28
700,1800,1250,2012/02/29
500,1800,1150,2012/03/01
500,1800,1150,2012/03/03
600,1900,1250,2012/03/05
600,1900,1250,2012/03/06
500,2000,1250,2012/03/07
600,2000,1300,2012/03/09
500,1100,800,2012/03/10
700,2000,1350,2012/03/12
700,2000,1350,2012/03/13
700,1900,1300,2012/03/14
600,2000,1300,2012/03/15
700,2000,1350,2012/03/19
700,2000,1350,2012/03/20
700,2000,1350,2012/03/21
700,2200,1450,2012/03/22
600,2000,1300,2012/03/23
800,2200,1500,2012/03/24
600,2100,1350,2012/03/26
800,2400,1600,2012/03/27
800,2400,1550,2012/03/28
600,2200,1400,2012/03/29
800,2400,1600,2012/03/30
1000,2400,1700,2012/03/31
900,2500,1700,2012/04/02
1000,3000,2000,2012/04/03
1000,3400,2200,2012/04/04
800,3200,2000,2012/04/05
1000,3200,2100,2012/04/06
1100,3400,2250,2012/04/07
1200,3200,2200,2012/04/09
1100,3400,2250,2012/04/10
1200,2900,2050,2012/04/11
1000,3200,2100,2012/04/12
1100,3200,2150,2012/04/13
1100,3200,2150,2012/04/14
400,1000,700,2012/09/11
500,1100,800,2012/09/12
800,1600,1200,2012/09/13
600,1400,1000,2012/09/14
500,1500,1000,2012/09/15
500,1300,900,2012/09/17
800,1500,1150,2012/09/18
500,1300,900,2012/09/19
500,1200,850,2012/09/20
500,1200,850,2012/09/21
500,1200,850,2012/09/22
600,1500,1050,2012/09/24
700,1600,1150,2012/09/25
600,1500,1050,2012/09/26
600,1600,1100,2012/09/27
500,1600,1050,2012/09/28
600,1600,1100,2012/09/29
600,1600,1100,2012/10/01
700,1500,1100,2012/10/02
600,1500,1050,2012/10/03
600,1600,1100,2012/10/04
600,1600,1100,2012/10/05
600,1800,1200,2012/10/06
700,2000,1350,2012/10/08
600,2000,1300,2012/10/09
600,2200,1400,2012/10/10
900,2600,1750,2012/10/11
700,2000,1350,2012/10/12
900,2300,1600,2012/10/13
800,2200,1500,2012/10/15
700,2000,1350,2012/10/16
700,2000,1350,2012/10/17
700,2000,1350,2012/10/18
700,1700,1200,2012/10/19
700,1800,1250,2012/10/20
700,2000,1350,2012/10/22
900,2000,1450,2012/10/23
700,2000,1350,2012/10/26
900,2400,1650,2012/10/29
800,2200,1500,2012/10/30
900,2300,1600,2012/10/31
900,2300,1600,2012/11/01
700,2200,1450,2012/11/02
900,2000,1450,2012/11/03
800,2200,1500,2012/11/05
800,2200,1500,2012/11/06
900,2600,1750,2012/11/07
800,2800,1800,2012/11/08
800,2200,1500,2012/11/09
800,2400,1700,2012/11/11
700,2100,1400,2012/11/12
800,2200,1500,2012/11/15
800,2300,1550,2012/11/16
800,2200,1500,2012/11/17
900,2200,1550,2012/11/19
900,2400,1650,2012/11/20
800,2400,1600,2012/11/21
800,2400,1600,2012/11/22
900,2300,1550,2012/11/23
800,2300,1550,2012/11/24
800,2300,1550,2012/11/26
1000,2400,1700,2012/11/27
1000,2400,1700,2012/11/28
1000,2500,1750,2012/11/29
700,2500,1600,2012/11/30
800,2200,1500,2012/12/03
700,2000,1350,2012/12/04
800,2000,1400,2012/12/05
800,2000,1400,2012/12/06
800,2000,1400,2012/12/07
800,2000,1400,2012/12/08
800,2200,1500,2012/12/10
1000,2500,1750,2012/12/11
1000,2500,1750,2012/12/12
1000,2400,1700,2012/12/13
900,2300,1600,2012/12/14
900,2200,1550,2012/12/15
800,2200,1500,2012/12/17
800,2200,1500,2012/12/18
800,2000,1400,2012/12/20
700,2400,1550,2012/12/21
800,2000,1400,2012/12/22
800,2200,1500,2012/12/24
900,2200,1550,2012/12/25
800,2300,1550,2012/12/26
1100,2300,1700,2012/12/27
1000,2200,1550,2012/12/28
900,2200,1550,2012/12/29
900,2200,1550,2012/12/31
900,2000,1450,2013/01/01
900,2200,1550,2013/01/02
900,2200,1550,2013/01/03
900,2000,1450,2013/01/04
800,2200,1500,2013/01/05
1000,2300,1650,2013/01/07
900,2400,1650,2013/01/08
1100,2500,1800,2013/01/09
900,2200,1550,2013/01/10
900,2200,1550,2013/01/11
900,2500,1700,2013/01/12
900,2000,1450,2013/01/14
1000,3000,2000,2013/01/15
900,2500,1700,2013/01/16
800,1800,1300,2013/01/17
900,2000,1450,2013/01/18
600,1900,1250,2013/01/19
500,2300,1400,2013/01/21
500,3400,2000,2013/01/22
500,2000,1250,2013/01/23
500,2200,1350,2013/01/24
500,1900,1200,2013/01/28
600,2100,1350,2013/01/30
600,2100,1350,2013/01/31
700,1800,1250,2013/02/01
800,2000,1400,2013/02/02
700,2000,1350,2013/02/14
700,2000,1350,2013/02/15
700,2000,1350,2013/02/16
700,1900,1300,2013/02/18
700,1900,1300,2013/02/19
600,1800,1200,2013/02/20
800,2000,1400,2013/02/21
700,1900,1300,2013/02/23
500,1700,1100,2013/02/25
500,1700,1100,2013/02/26
800,1900,1350,2013/02/27
800,2000,1400,2013/03/09
1000,2300,1650,2013/03/11
1000,2500,1750,2013/03/12
800,2400,1600,2013/03/13
900,2400,1650,2013/03/14
900,2000,1450,2013/03/15
800,2200,1500,2013/03/16
1000,2500,1750,2013/03/18
1000,2500,1750,2013/03/19
1000,2600,1800,2013/03/21
1000,2500,1750,2013/03/22
1000,2400,1700,2013/03/23
1000,2600,1800,2013/03/25
1000,2700,1850,2013/03/26
1200,2800,2000,2013/03/29
1000,2500,1750,2013/03/30
1000,2600,1800,2013/04/01
1400,2600,2000,2013/04/02
1000,2400,1700,2013/04/03
1100,3000,2050,2013/04/04
1000,2600,1800,2013/04/05
1200,2600,1900,2013/04/09
1200,3400,2300,2013/04/10
1200,3000,2100,2013/04/11
1000,3000,2000,2013/04/12
1200,3100,2150,2013/04/13
1200,2800,2000,2013/04/16
1500,3000,2250,2013/04/17
1200,3000,1600,2013/04/18
1400,2700,2050,2013/04/19
700,2200,1450,2013/10/10
600,1600,1100,2013/10/15
800,1800,1300,2013/10/17
900,2000,1450,2013/10/21
600,1700,1150,2013/10/22
500,1600,1050,2013/10/23
500,1600,1050,2013/10/24
500,1800,1150,2013/10/25
900,2000,1450,2013/10/26
900,2000,1450,2013/10/28
900,1800,1350,2013/10/29
800,1600,1200,2013/10/30
800,1600,1200,2013/10/31
700,1600,1150,2013/11/01
800,1500,1150,2013/11/02
900,1800,1350,2013/11/05
800,1800,1400,2013/11/06
600,1800,1200,2013/11/07
800,1800,1300,2013/11/08
800,1700,1250,2013/11/09
800,1600,1200,2013/11/11
800,1600,1200,2013/11/12
900,1900,1400,2013/11/13
700,1800,1250,2013/11/14
800,1700,1250,2013/11/15
900,1900,1400,2013/11/16
800,1800,1300,2013/11/18
800,1700,1250,2013/11/19
800,1800,1300,2013/11/20
800,1800,1300,2013/11/21
800,1800,1300,2013/11/22
800,1800,1300,2013/11/23
800,1800,1300,2013/11/30
1000,1700,1350,2013/12/02
1000,1900,1450,2013/12/03
1300,2100,1700,2013/12/04
800,2100,1450,2013/12/05
800,2000,1400,2013/12/06
1200,2400,1800,2013/12/10
1200,2500,1850,2013/12/14
1400,2300,1850,2013/12/24
1300,2200,1750,2013/12/25
1300,2200,1750,2013/12/26
1200,2100,1600,2013/12/28
1100,2300,1700,2013/12/30
1500,2600,2050,2014/01/01
1000,3000,2000,2014/01/02
1400,2900,2300,2014/01/03
1400,2600,2000,2014/01/04
1000,2900,1950,2014/01/06
1000,2500,1750,2014/01/07
1000,2300,1650,2014/01/08
1200,2400,1800,2014/01/09
1100,3000,2050,2014/01/13
1200,2700,1950,2014/01/15
1200,2600,1900,2014/01/16
1200,2700,1950,2014/01/17
1000,3000,2000,2014/01/18
1000,3200,2100,2014/01/20
600,2700,1650,2014/01/21
600,2300,1450,2014/01/22
800,2400,1600,2014/01/23
900,2500,1700,2014/01/25
900,2200,1550,2014/01/27
1000,2200,1600,2014/01/28
900,2300,1600,2014/01/29
1000,2300,2150,2014/01/30
900,2200,1550,2014/01/31
900,2200,1550,2014/02/01
900,2400,1650,2014/02/03
1000,2200,1600,2014/02/04
1100,2200,1650,2014/02/05
1000,2200,1600,2014/02/06
1000,2200,1600,2014/02/07
1000,2200,1600,2014/02/08
1000,2200,1600,2014/02/10
1000,2100,1550,2014/02/11
1200,2300,1750,2014/02/12
1000,2300,1650,2014/02/13
1000,2300,1650,2014/02/14
1200,2200,1600,2014/02/15
1200,2200,1700,2014/02/17
1100,2000,1550,2014/02/18
1100,2200,1650,2014/02/19
1400,2500,1950,2014/02/21
1200,2400,1800,2014/02/22
1300,2300,1800,2014/02/24
1200,2200,1700,2014/02/25
1200,2400,1800,2014/02/26
1100,2200,1650,2014/03/01
1100,2400,1750,2014/03/03
1400,2500,1950,2014/03/04
1000,2500,1750,2014/03/05
1100,2300,1750,2014/03/06
1300,2300,1800,2014/03/07
1200,2500,1850,2014/03/08
1300,2500,1900,2014/03/10
1200,2600,1900,2014/03/11
1400,2600,2000,2014/03/12
1400,2800,2100,2014/03/13
1500,3000,2250,2014/03/15
1400,3700,2550,2014/03/19
1500,3800,2650,2014/03/20
1500,3800,2150,2014/03/21
2000,4600,3300,2014/03/24
2000,4600,3300,2014/03/25
2000,4200,3100,2014/03/26
1900,5100,3500,2014/03/27
2000,5000,3500,2014/03/28
2000,5200,3600,2014/03/29
2000,4500,3250,2014/04/01
2000,4700,3350,2014/04/02
2000,5000,3500,2014/04/03
2000,3800,2900,2014/04/04
1500,4000,2750,2014/04/05
2000,4100,3050,2014/04/07
2500,4900,3200,2014/04/08
2000,4200,3100,2014/04/09
800,1600,1200,2014/09/08
900,1600,1250,2014/09/10
800,1500,1150,2014/09/11
800,1600,1200,2014/09/12
800,2000,1400,2014/09/13
700,2200,1450,2014/09/15
800,1700,1250,2014/09/16
600,1400,1000,2014/09/17
600,1400,1000,2014/09/18
400,2000,1200,2014/09/19
600,1300,950,2014/09/20
800,1600,1200,2014/09/22
700,1900,1300,2014/09/23
900,1800,1350,2014/09/24
1200,2000,1600,2014/09/25
900,2500,1700,2014/09/26
600,1600,1100,2014/09/27
600,2200,1400,2014/09/29
600,1900,1250,2014/09/30
700,1800,1250,2014/10/01
800,2000,1400,2014/10/02
600,2100,1350,2014/10/04
800,1800,1300,2014/10/08
800,1800,1300,2014/10/09
800,2000,1400,2014/10/10
900,2000,1450,2014/10/11
600,2000,1300,2014/10/13
600,1800,1200,2014/10/14
600,1600,1100,2014/10/16
700,1700,1200,2014/10/18
900,2000,1450,2014/10/20
900,2000,1450,2014/10/21
700,1500,1100,2014/10/22
600,1400,1000,2014/10/25
800,1800,1000,2014/10/27
700,1800,1250,2014/10/28
800,2900,1850,2014/10/29
800,1800,1300,2014/10/30
600,1700,1150,2014/10/31
700,1600,1150,2014/11/01
600,1500,1050,2014/11/03
800,1800,1300,2014/11/04
800,1700,1250,2014/11/05
800,1800,1300,2014/11/07
900,1900,1400,2014/11/08
800,1700,1250,2014/11/10
800,1700,1250,2014/11/11
800,1700,1250,2014/11/12
700,1600,1150,2014/11/13
800,1800,1300,2014/11/14
700,1800,1250,2014/11/15
800,1800,1300,2014/11/17
700,1700,1200,2014/11/18
800,1700,1250,2014/11/19
800,1600,1200,2014/11/20
600,1600,1100,2014/11/21
700,1600,1150,2014/11/22
900,1900,1400,2014/11/24
700,1600,1150,2014/11/25
800,1600,1200,2014/11/26
700,1500,1100,2014/11/27
700,1500,1100,2014/11/28
700,1500,1100,2014/11/29
700,1600,1150,2014/12/01
700,1500,1100,2014/12/02
700,1500,1100,2014/12/03
700,1500,1100,2014/12/04
700,1500,1100,2014/12/05
600,1400,1000,2014/12/06
700,1500,1100,2014/12/08
700,1500,1100,2014/12/09
700,1400,1050,2014/12/10
700,1400,1050,2014/12/11
600,1500,1050,2014/12/12
700,1500,1100,2014/12/13
700,1400,1050,2014/12/15
600,1300,950,2014/12/16
700,1400,1050,2014/12/17
700,1400,1050,2014/12/18
700,1400,1050,2014/12/19
700,1400,1050,2014/12/20
700,1500,1100,2014/12/22
600,1300,950,2014/12/23
600,1300,950,2014/12/24
600,1300,950,2014/12/25
500,1300,900,2014/12/26
600,1300,950,2014/12/27
600,1300,950,2014/12/29
600,1300,950,2014/12/30
600,1300,950,2014/12/31
600,1300,950,2015/01/01
600,1300,950,2015/01/02
600,1300,950,2015/01/03
700,1400,1050,2015/01/05
700,1600,1150,2015/01/06
700,1500,1100,2015/01/07
700,1500,1100,2015/01/08
700,1450,1075,2015/01/09
700,1500,1100,2015/01/10
600,1400,1000,2015/01/12
600,1400,1000,2015/01/12
600,1400,1000,2015/01/13
600,1400,1000,2015/01/13
600,1400,1000,2015/01/14
600,1400,1000,2015/01/14
600,1400,1000,2015/01/15
600,1400,1000,2015/01/15
500,1300,900,2015/01/16
500,1300,900,2015/01/16
600,1200,900,2015/01/17
600,1200,900,2015/01/17
900,1800,1350,2015/01/19
700,1700,1200,2015/01/20
800,1700,1250,2015/01/21
800,1800,1300,2015/01/22
800,1700,1250,2015/01/23
600,1600,1100,2015/01/24
800,1600,1200,2015/01/27
900,1900,1400,2015/01/28
900,2000,1450,2015/01/29
900,2000,1450,2015/01/30
800,1800,1300,2015/01/31
900,1900,1400,2015/02/02
800,1900,1350,2015/02/03
900,1900,1400,2015/02/04
600,1900,1250,2015/02/05
1200,2000,1600,2015/02/06
800,1600,1200,2015/02/07
800,1800,1300,2015/02/09
900,2200,1550,2015/02/10
1000,2500,1750,2015/02/11
1000,3000,2000,2015/02/12
1000,3000,2000,2015/02/13
1000,2600,1800,2015/02/14
1000,2400,1700,2015/02/16
1000,2700,1850,2015/02/17
1000,2700,1850,2015/02/18
1000,2300,1650,2015/02/23
1200,2600,1900,2015/02/25
1000,2400,1700,2015/02/27
1200,2500,1850,2015/02/28
1200,2600,1900,2015/03/02
1200,2600,1900,2015/03/03
1200,2600,1900,2015/03/04
1200,3000,2100,2015/03/05
1200,2800,2000,2015/03/07
1200,2800,2000,2015/03/09
1200,2500,1850,2015/03/10
1100,2900,2000,2015/03/11
1400,3000,2200,2015/03/12
1400,3200,2300,2015/03/13
1300,2800,2050,2015/03/14
1400,3000,2200,2015/03/16
1300,3000,2150,2015/03/17
1300,2900,2100,2015/03/18
1200,2800,2000,2015/03/19
1000,2700,1850,2015/03/20
1100,2500,1800,2015/03/21
1200,2700,1950,2015/03/23
1300,2900,2100,2015/03/24
1400,3000,2200,2015/03/25
1200,2700,1950,2015/03/26
1400,2800,2100,2015/03/27
1200,2700,1950,2015/03/28
1100,2500,1800,2015/03/30
1200,2500,1850,2015/03/31
1200,2700,1950,2015/04/01
1400,3000,2200,2015/04/02
1500,2900,2200,2015/04/03
1300,3000,2150,2015/04/04
1300,3000,2150,2015/04/06
1400,3000,2200,2015/04/07
1400,3000,2200,2015/04/08
1300,2800,2050,2015/04/09
1100,3000,2050,2015/04/10
1400,3000,2200,2015/04/11
1500,3100,2300,2015/04/13
2000,4300,3150,2015/04/14
1800,4100,2950,2015/04/15
1700,3800,2750,2015/04/16
1500,3700,2600,2015/04/17
1400,3100,2250,2015/04/18
1300,3500,2400,2015/04/20
1400,3400,2400,2015/04/21
1500,3500,2500,2015/04/22
2000,4300,3150,2015/04/23
2000,5500,3750,2015/04/24
2000,5500,3750,2015/04/25
1700,4000,2850,2015/04/27
1700,4000,2850,2015/04/28
1500,3500,2500,2015/04/29
700,1600,1375,2015/08/27
700,1800,1525,2015/08/28
700,1800,1525,2015/08/29
700,1400,1225,2015/08/31
900,1800,1575,2015/09/01
700,1300,1150,2015/09/02
600,1200,1050,2015/09/03
600,1200,1050,2015/09/04
600,1200,1050,2015/09/05
600,1300,1125,2015/09/07
800,1700,1475,2015/09/08
800,1800,1550,2015/09/09
800,2200,1850,2015/09/10
800,1800,1550,2015/09/11
700,1700,1450,2015/09/12
800,1800,1550,2015/09/14
900,1900,1650,2015/09/15
1000,2200,1900,2015/09/16
900,1800,1575,2015/09/17
500,1600,1325,2015/09/18
500,1100,950,2015/09/19
300,2000,1575,2015/09/21
500,1200,1025,2015/09/22
600,1500,1275,2015/09/23
500,1100,950,2015/09/24
500,1200,1025,2015/09/25
500,1100,950,2015/09/26
700,1700,1450,2015/09/28
600,2100,1725,2015/09/29
600,1500,1275,2015/09/30
500,1300,1100,2015/10/03
500,1500,1250,2015/10/05
500,1700,1400,2015/10/06
700,1700,1450,2015/10/07
600,1500,1275,2015/10/08
400,1500,1225,2015/10/09
400,1500,1225,2015/10/10
600,1400,1200,2015/10/12
500,1200,1025,2015/10/13
600,1500,1275,2015/10/14
700,1600,1375,2015/10/15
700,1400,1225,2015/10/16
700,1200,1075,2015/10/17
300,1100,900,2015/10/19
200,1400,1100,2015/10/20
400,1800,1450,2015/10/21
400,1500,1225,2015/10/23
300,1500,1200,2015/10/26
400,1600,1300,2015/10/27
300,1400,1125,2015/10/28
200,1200,950,2015/10/29
200,1000,800,2015/10/30
200,1100,875,2015/10/31
200,1000,800,2015/11/02
200,1000,800,2015/11/03
300,1100,900,2015/11/04
200,900,725,2015/11/05
200,1100,875,2015/11/06
200,900,725,2015/11/07
200,900,725,2015/11/09
400,1300,1075,2015/11/10
400,1100,925,2015/11/12
300,900,750,2015/11/13
300,900,750,2015/11/14
400,1100,925,2015/11/16
200,1000,800,2015/11/17
200,900,725,2015/11/18
200,1000,800,2015/11/19
200,1000,800,2015/11/20
300,1000,825,2015/11/21
200,1000,800,2015/11/23
400,1100,925,2015/11/24
300,1000,825,2015/11/25
300,900,750,2015/11/26
300,1300,1050,2015/11/27
300,900,750,2015/11/28
200,900,725,2015/11/30
