Min Price potato,Max Price potato,Modal Price potato,Price Date
300,400,350,2005/01/01
250,350,300,2005/01/03
250,400,325,2005/01/04
250,400,325,2005/01/05
250,400,325,2005/01/06
250,425,350,2005/01/08
350,450,400,2005/01/10
350,450,400,2005/01/11
350,412,385,2005/01/12
250,400,325,2005/01/13
300,400,350,2005/01/15
275,375,300,2005/01/17
250,400,325,2005/01/18
250,400,325,2005/01/19
275,375,325,2005/01/20
275,375,325,2005/01/21
300,375,325,2005/01/24
300,375,325,2005/01/25
340,400,370,2005/01/27
350,400,375,2005/01/28
325,350,337,2005/01/31
350,375,362,2005/02/01
350,375,362,2005/02/02
300,400,350,2005/02/03
300,400,350,2005/02/04
325,350,337,2005/02/06
325,350,337,2005/02/07
325,350,337,2005/02/08
325,350,337,2005/02/09
325,350,337,2005/02/10
350,375,362,2005/02/11
300,375,335,2005/02/13
300,375,335,2005/02/14
350,375,362,2005/02/15
350,375,362,2005/02/16
300,350,325,2005/02/17
325,400,362,2005/02/18
350,400,375,2005/02/21
350,400,375,2005/02/22
350,400,375,2005/02/23
350,400,375,2005/02/24
350,400,375,2005/02/25
300,400,350,2005/02/28
300,400,350,2005/03/01
350,400,375,2005/03/02
350,400,375,2005/03/03
350,450,400,2005/03/05
350,400,375,2005/03/06
350,400,375,2005/03/07
350,400,375,2005/03/08
350,425,387,2005/03/09
350,425,387,2005/03/10
350,425,400,2005/03/11
300,400,350,2005/03/13
300,400,350,2005/03/14
300,425,365,2005/03/15
350,450,400,2005/03/16
350,425,387,2005/03/17
350,425,400,2005/03/18
325,425,400,2005/03/20
325,425,400,2005/03/21
350,425,375,2005/03/22
425,500,465,2005/03/23
350,475,400,2005/03/24
350,475,400,2005/03/25
350,475,400,2005/03/28
450,475,465,2005/03/29
450,475,462,2005/03/30
400,500,450,2005/03/31
400,500,450,2005/04/01
450,575,512,2005/04/03
450,575,512,2005/04/04
450,575,512,2005/04/05
450,500,475,2005/04/06
450,500,475,2005/04/07
450,500,475,2005/04/08
500,550,525,2005/04/10
500,550,525,2005/04/11
500,550,525,2005/04/12
500,550,525,2005/04/13
500,550,525,2005/04/15
500,600,550,2005/04/17
500,600,550,2005/04/18
500,575,537,2005/04/20
500,575,536,2005/04/21
500,575,523,2005/04/22
500,575,537,2005/04/24
500,575,537,2005/04/25
500,600,550,2005/04/26
500,600,550,2005/04/27
500,600,550,2005/04/28
500,600,550,2005/04/29
500,600,550,2005/05/02
500,600,550,2005/05/03
500,600,550,2005/05/04
500,600,550,2005/05/05
500,600,550,2005/05/06
500,600,550,2005/05/08
500,600,550,2005/05/09
500,600,550,2005/05/10
525,600,562,2005/05/11
525,600,562,2005/05/12
525,600,562,2005/05/13
525,600,562,2005/05/15
525,600,562,2005/05/16
525,600,562,2005/05/17
525,600,562,2005/05/18
550,600,575,2005/05/19
550,600,575,2005/05/20
550,600,575,2005/05/22
550,600,575,2005/05/23
550,600,575,2005/05/24
550,600,575,2005/05/25
550,600,575,2005/05/26
550,600,575,2005/05/27
525,575,550,2005/05/29
525,575,550,2005/05/30
525,575,550,2005/05/31
550,587,568,2005/06/01
550,587,568,2005/06/02
550,600,575,2005/06/03
550,600,575,2005/06/05
550,600,575,2005/06/06
575,600,587,2005/06/07
575,600,587,2005/06/08
575,600,587,2005/06/09
575,600,585,2005/06/10
562,587,575,2005/06/12
562,587,575,2005/06/13
575,600,587,2005/06/14
550,600,575,2005/06/15
550,600,575,2005/06/16
550,600,575,2005/06/17
575,625,600,2005/06/19
575,625,600,2005/06/20
575,625,600,2005/06/21
575,625,600,2005/06/22
575,625,600,2005/06/23
575,625,600,2005/06/24
550,600,575,2005/06/26
550,600,575,2005/06/27
550,600,575,2005/06/28
550,600,575,2005/06/29
550,600,575,2005/06/30
550,600,575,2005/07/01
525,600,562,2005/07/03
525,600,562,2005/07/04
525,600,562,2005/07/05
525,600,562,2005/07/06
575,625,600,2005/07/07
575,625,600,2005/07/08
575,600,587,2005/07/10
575,600,587,2005/07/11
600,650,625,2005/07/12
600,650,625,2005/07/13
600,625,612,2005/07/14
575,600,587,2005/07/17
575,600,587,2005/07/18
575,600,587,2005/07/19
600,625,612,2005/07/21
600,625,612,2005/07/22
550,600,575,2005/07/24
550,600,575,2005/07/26
550,600,575,2005/07/27
550,600,575,2005/07/28
550,600,575,2005/07/29
525,600,562,2005/07/31
525,600,562,2005/08/01
575,625,600,2005/08/02
575,625,600,2005/08/03
575,625,600,2005/08/04
575,625,600,2005/08/05
575,637,606,2005/08/07
575,637,606,2005/08/08
600,625,612,2005/08/09
600,625,612,2005/08/10
600,625,612,2005/08/11
600,625,612,2005/08/12
600,625,612,2005/08/14
600,625,612,2005/08/16
600,625,612,2005/08/17
600,625,612,2005/08/18
600,625,612,2005/08/19
625,650,637,2005/08/21
625,650,637,2005/08/22
625,650,637,2005/08/23
600,650,625,2005/08/24
600,650,625,2005/08/25
600,650,625,2005/08/26
575,625,600,2005/08/28
575,625,600,2005/08/29
575,650,612,2005/08/30
575,650,612,2005/08/31
575,650,612,2005/09/01
575,650,612,2005/09/02
600,625,612,2005/09/06
550,625,587,2005/09/07
550,625,587,2005/09/08
550,625,587,2005/09/09
575,600,587,2005/09/11
575,600,587,2005/09/12
575,600,587,2005/09/13
575,600,587,2005/09/14
575,600,587,2005/09/15
575,600,587,2005/09/16
550,575,562,2005/09/18
550,575,562,2005/09/19
600,625,612,2005/09/20
625,650,637,2005/09/21
625,650,637,2005/09/22
625,650,637,2005/09/23
575,600,587,2005/09/25
575,600,587,2005/09/26
575,600,587,2005/09/27
575,600,587,2005/09/28
575,600,587,2005/09/29
575,600,587,2005/09/30
575,600,587,2005/10/02
562,600,581,2005/10/03
600,625,612,2005/10/04
575,600,587,2005/10/05
600,650,625,2005/10/06
600,650,625,2005/10/07
600,650,625,2005/10/09
600,650,625,2005/10/10
600,650,625,2005/10/11
600,650,625,2005/10/13
600,650,625,2005/10/14
575,625,600,2005/10/16
575,625,600,2005/10/17
575,625,600,2005/10/18
600,625,612,2005/10/19
600,650,625,2005/10/20
600,650,625,2005/10/21
725,800,762,2005/10/23
725,800,762,2005/10/24
750,800,775,2005/10/25
700,800,750,2005/10/26
700,800,750,2005/10/27
700,800,750,2005/10/28
700,812,758,2005/10/30
700,812,756,2005/10/31
700,875,787,2005/11/01
875,950,912,2005/11/03
850,925,887,2005/11/05
850,925,887,2005/11/07
900,975,937,2005/11/08
900,975,937,2005/11/09
950,1000,975,2005/11/10
950,1000,975,2005/11/11
900,1000,950,2005/11/13
900,1000,950,2005/11/14
875,925,900,2005/11/15
750,875,812,2005/11/16
825,900,862,2005/11/17
825,900,862,2005/11/18
1050,1100,1075,2005/11/20
1050,1100,1075,2005/11/21
1050,1250,1150,2005/11/22
1000,1175,1087,2005/11/23
1000,1175,1087,2005/11/24
1000,1175,1078,2005/11/25
1000,1125,1062,2005/11/27
1000,1125,1062,2005/11/28
1075,1125,1100,2005/11/29
1000,1125,1062,2005/11/30
1000,1125,1062,2005/12/01
1000,1125,1062,2005/12/02
1000,1100,1050,2005/12/04
1000,1100,1050,2005/12/05
1000,1100,1050,2005/12/06
825,850,837,2005/12/07
825,850,837,2005/12/08
825,850,837,2005/12/09
825,850,837,2005/12/11
825,850,837,2005/12/12
1000,1125,1062,2005/12/13
1000,1125,1062,2005/12/14
875,1000,937,2005/12/15
875,1000,937,2005/12/16
750,875,812,2005/12/18
750,875,812,2005/12/19
750,875,812,2005/12/20
650,750,700,2005/12/21
600,800,700,2005/12/22
650,700,675,2005/12/23
600,650,625,2005/12/25
600,650,625,2005/12/26
600,650,625,2005/12/27
600,675,637,2005/12/28
600,650,625,2005/12/29
600,650,625,2005/12/30
500,675,587,2006/01/01
500,675,587,2006/01/02
500,675,587,2006/01/03
500,675,587,2006/01/04
500,600,550,2006/01/05
500,600,550,2006/01/06
550,600,575,2006/01/08
550,600,575,2006/01/09
550,600,575,2006/01/10
550,600,575,2006/01/11
550,600,575,2006/01/13
550,600,575,2006/01/15
550,600,575,2006/01/16
500,575,537,2006/01/17
500,600,550,2006/01/18
500,600,550,2006/01/19
500,600,550,2006/01/20
500,575,537,2006/01/22
500,575,537,2006/01/23
475,500,487,2006/01/24
475,500,487,2006/01/25
500,625,562,2006/01/29
500,625,562,2006/01/30
500,625,562,2006/01/31
500,575,537,2006/02/01
500,575,537,2006/02/02
500,575,537,2006/02/03
500,575,537,2006/02/05
500,575,537,2006/02/06
500,575,537,2006/02/07
500,575,537,2006/02/08
500,575,537,2006/02/09
500,550,525,2006/02/12
500,575,537,2006/02/14
500,575,537,2006/02/15
450,575,512,2006/02/16
450,575,512,2006/02/17
400,575,487,2006/02/19
400,575,487,2006/02/20
400,575,487,2006/02/21
400,575,487,2006/02/22
425,600,512,2006/02/23
425,600,515,2006/02/24
450,575,512,2006/02/26
450,575,512,2006/02/27
425,600,512,2006/02/28
450,575,512,2006/03/01
450,575,512,2006/03/02
450,575,512,2006/03/03
475,550,512,2006/03/05
475,550,512,2006/03/06
475,550,512,2006/03/07
425,500,462,2006/03/08
425,500,462,2006/03/09
425,500,462,2006/03/10
425,562,493,2006/03/12
425,562,493,2006/03/13
425,562,493,2006/03/14
425,562,493,2006/03/16
425,562,493,2006/03/17
550,625,587,2006/03/19
550,625,587,2006/03/20
550,600,575,2006/03/21
550,600,575,2006/03/22
550,625,587,2006/03/23
500,600,550,2006/03/26
500,600,550,2006/03/27
475,600,537,2006/03/28
475,600,537,2006/03/29
475,600,537,2006/03/31
500,600,550,2006/04/02
500,600,550,2006/04/03
500,600,550,2006/04/04
500,600,550,2006/04/05
500,600,550,2006/04/09
500,600,550,2006/04/10
625,675,650,2006/04/11
500,625,562,2006/04/13
550,600,575,2006/04/15
550,600,575,2006/04/17
500,650,575,2006/04/18
475,625,550,2006/04/19
475,625,550,2006/04/20
475,625,550,2006/04/21
575,725,650,2006/04/23
575,725,650,2006/04/24
700,725,712,2006/05/15
575,725,650,2006/05/16
625,750,687,2006/05/17
625,750,687,2006/05/18
675,725,700,2006/05/20
675,725,700,2006/05/21
675,725,700,2006/05/22
700,725,712,2006/05/23
725,750,737,2006/05/24
600,725,662,2006/05/26
625,750,687,2006/05/28
625,750,687,2006/05/29
625,750,687,2006/05/30
725,750,737,2006/06/04
725,750,737,2006/06/05
627,750,737,2006/06/06
700,750,725,2006/06/07
725,750,737,2006/06/08
725,750,737,2006/06/09
725,775,750,2006/06/12
725,775,750,2006/06/13
750,800,775,2006/06/14
750,800,775,2006/06/15
750,800,775,2006/06/16
700,800,750,2006/06/18
700,800,750,2006/06/19
675,750,712,2006/06/20
675,750,712,2006/06/21
675,750,712,2006/06/22
675,750,712,2006/06/23
725,750,737,2006/06/25
725,750,737,2006/06/26
725,750,737,2006/06/27
650,725,687,2006/06/28
650,725,687,2006/06/29
725,750,737,2006/06/30
700,775,737,2006/07/17
700,750,725,2006/07/18
700,775,737,2006/07/19
700,775,737,2006/07/20
700,775,737,2006/07/21
625,725,675,2006/07/23
625,725,675,2006/07/24
625,725,675,2006/07/25
625,725,675,2006/07/26
650,725,687,2006/07/27
650,725,687,2006/07/28
625,725,675,2006/07/30
625,725,675,2006/07/31
625,725,675,2006/08/01
675,775,725,2006/08/02
675,775,725,2006/08/03
675,775,725,2006/08/04
625,750,687,2006/08/06
625,750,687,2006/08/07
625,750,687,2006/08/08
625,750,687,2006/08/09
650,750,700,2006/08/10
750,875,812,2006/08/13
750,875,812,2006/08/14
750,800,775,2006/08/16
675,775,725,2006/08/17
675,775,725,2006/08/18
650,775,712,2006/08/20
650,775,712,2006/08/21
650,775,712,2006/08/22
675,750,712,2006/08/23
675,750,712,2006/08/25
750,850,800,2006/08/27
750,850,800,2006/08/28
750,850,800,2006/08/29
725,825,775,2006/08/30
725,825,775,2006/08/31
725,825,775,2006/09/01
675,850,762,2006/09/03
675,850,762,2006/09/04
700,850,775,2006/09/05
700,850,775,2006/09/06
700,850,775,2006/09/07
700,850,775,2006/09/08
675,875,775,2006/09/11
675,875,775,2006/09/12
700,875,787,2006/09/13
700,875,787,2006/09/14
700,875,784,2006/09/15
700,875,787,2006/09/17
700,900,800,2006/09/18
750,1000,875,2006/09/19
750,1000,875,2006/09/20
750,925,837,2006/09/21
875,1000,937,2006/09/24
875,1000,937,2006/09/25
875,1000,937,2006/09/26
850,1000,925,2006/09/27
850,1000,925,2006/09/28
875,950,912,2006/10/01
875,950,912,2006/10/03
900,1000,950,2006/10/04
900,1000,950,2006/10/05
875,950,912,2006/10/06
900,1000,950,2006/10/08
900,1000,950,2006/10/09
900,1000,950,2006/10/10
900,975,937,2006/10/11
850,950,900,2006/10/12
850,950,900,2006/10/13
875,975,925,2006/10/15
875,975,925,2006/10/16
875,975,925,2006/10/17
950,975,962,2006/10/18
950,975,962,2006/10/19
950,975,962,2006/10/20
1125,1250,1187,2006/10/22
1125,1250,1187,2006/10/24
1125,1250,1187,2006/10/26
1000,1250,1125,2006/10/27
1125,1250,1187,2006/10/29
1125,1250,1187,2006/10/30
1125,1250,1187,2006/10/31
1125,1325,1225,2006/11/01
1125,1325,1225,2006/11/02
1125,1325,1225,2006/11/03
950,1125,1037,2006/11/05
950,1125,1037,2006/11/06
950,1125,1037,2006/11/07
875,1000,937,2006/11/08
750,950,850,2006/11/09
875,1000,937,2006/11/10
750,1000,875,2006/11/12
750,1000,875,2006/11/13
750,875,812,2006/11/14
750,875,812,2006/11/15
750,875,812,2006/11/16
750,950,850,2006/11/17
800,1000,900,2006/11/19
800,1000,900,2006/11/20
700,1000,850,2006/11/28
700,1000,850,2006/11/29
700,1000,850,2006/11/30
500,800,650,2006/12/12
750,875,812,2006/12/13
750,875,812,2006/12/14
400,750,575,2006/12/18
400,750,575,2006/12/19
500,950,725,2006/12/20
500,950,725,2006/12/21
500,950,725,2006/12/22
325,500,412,2007/01/15
325,500,412,2007/01/16
350,500,425,2007/01/17
350,500,425,2007/01/18
350,500,425,2007/01/19
375,500,437,2007/01/20
350,425,387,2007/01/21
350,425,387,2007/01/22
400,450,425,2007/01/23
400,450,425,2007/01/24
400,450,425,2007/01/25
400,475,437,2007/01/27
425,550,487,2007/01/28
425,550,487,2007/01/29
400,550,475,2007/02/04
400,550,475,2007/02/05
400,500,450,2007/02/06
400,525,462,2007/02/07
375,500,437,2007/02/08
375,500,437,2007/02/09
450,600,525,2007/02/11
450,600,575,2007/02/12
525,600,562,2007/02/13
525,600,562,2007/02/14
400,550,475,2007/02/18
400,550,475,2007/02/19
400,750,487,2007/02/20
425,550,487,2007/02/21
425,550,487,2007/02/22
400,550,475,2007/02/24
400,550,475,2007/02/25
400,550,475,2007/02/26
450,575,512,2007/02/27
450,575,512,2007/02/28
450,600,525,2007/03/01
450,550,500,2007/03/03
450,600,525,2007/03/05
450,600,525,2007/03/06
450,550,500,2007/03/08
500,625,562,2007/03/10
500,625,562,2007/03/11
500,600,550,2007/03/12
500,625,562,2007/03/13
525,600,562,2007/03/14
400,475,437,2007/03/18
400,475,437,2007/03/19
400,500,450,2007/03/20
425,575,500,2007/03/21
425,575,500,2007/03/22
400,550,475,2007/03/24
400,550,475,2007/03/25
400,550,475,2007/03/31
500,625,562,2007/04/02
400,600,500,2007/04/04
400,600,500,2007/04/05
450,625,537,2007/04/07
450,625,537,2007/04/08
500,600,550,2007/04/10
400,500,450,2007/04/11
575,675,625,2007/04/14
525,675,625,2007/04/15
575,675,625,2007/04/16
700,750,725,2007/04/17
650,750,700,2007/04/18
725,750,738,2007/04/19
700,750,725,2007/04/21
700,750,725,2007/04/22
600,725,662,2007/04/23
600,725,662,2007/04/24
650,800,725,2007/05/05
650,800,725,2007/05/06
700,800,750,2007/05/07
675,750,712,2007/05/08
675,750,712,2007/05/09
650,700,675,2007/05/10
675,775,725,2007/05/12
675,775,725,2007/05/13
675,775,725,2007/05/14
650,775,712,2007/05/15
675,775,725,2007/05/16
675,775,725,2007/05/17
625,800,712,2007/05/19
625,800,712,2007/05/20
625,800,712,2007/05/21
625,800,712,2007/05/22
650,775,712,2007/05/23
700,750,725,2007/05/24
650,775,712,2007/05/26
650,775,712,2007/05/27
700,775,737,2007/05/29
700,775,737,2007/05/31
750,900,825,2007/06/02
750,900,825,2007/06/03
750,850,800,2007/06/04
700,800,750,2007/06/05
750,850,800,2007/06/06
700,850,775,2007/06/07
675,800,687,2007/06/10
675,800,787,2007/06/11
675,800,737,2007/06/12
700,850,775,2007/06/13
750,875,812,2007/06/14
750,875,812,2007/07/01
750,875,812,2007/07/02
750,875,812,2007/07/03
900,975,937,2007/07/04
900,975,945,2007/07/05
925,1000,962,2007/07/06
800,925,862,2007/07/08
800,925,862,2007/07/09
800,925,862,2007/07/10
750,850,800,2007/07/11
750,900,825,2007/07/12
750,875,812,2007/07/13
750,950,850,2007/07/21
750,950,850,2007/07/22
750,950,850,2007/07/23
800,900,850,2007/07/24
800,900,850,2007/07/25
800,900,850,2007/07/26
800,900,850,2007/07/28
800,900,850,2007/07/29
800,900,850,2007/07/30
800,900,850,2007/08/01
800,900,850,2007/08/02
800,900,850,2007/08/05
800,900,850,2007/08/06
800,900,850,2007/08/07
800,900,850,2007/08/08
800,900,850,2007/08/09
875,925,900,2007/08/10
825,925,875,2007/08/13
825,925,875,2007/08/14
825,925,875,2007/08/16
825,925,862,2007/08/18
825,925,862,2007/08/19
875,1000,937,2007/08/20
875,950,912,2007/08/23
850,925,887,2007/08/25
850,925,887,2007/08/26
875,925,900,2007/08/27
925,950,937,2007/08/28
900,950,925,2007/08/29
900,950,925,2007/08/30
850,950,900,2007/09/01
850,950,900,2007/09/02
975,1000,987,2007/09/03
850,950,900,2007/09/09
850,950,900,2007/09/10
850,925,887,2007/09/12
850,925,887,2007/09/13
875,950,912,2007/09/15
875,950,912,2007/09/16
875,950,912,2007/09/17
875,950,912,2007/09/18
875,925,900,2007/09/19
875,925,900,2007/09/20
850,925,887,2007/09/22
850,925,887,2007/09/23
850,925,887,2007/09/24
825,925,875,2007/09/25
850,925,887,2007/09/26
850,950,900,2007/09/27
850,1000,925,2007/09/29
850,1000,925,2007/09/30
850,1000,925,2007/10/01
900,1000,950,2007/10/03
900,1000,950,2007/10/04
900,1000,950,2007/10/06
900,1000,950,2007/10/07
875,950,912,2007/10/08
900,1000,950,2007/10/09
900,1000,950,2007/10/10
900,1000,950,2007/10/11
900,1000,950,2007/10/13
950,1000,975,2007/10/18
950,1000,975,2007/10/20
875,975,925,2007/10/21
875,975,925,2007/10/22
900,975,937,2007/10/23
900,1000,950,2007/10/24
875,950,912,2007/10/25
900,1000,950,2007/10/27
900,1000,950,2007/10/28
900,1000,950,2007/10/29
900,1000,950,2007/10/30
900,1000,950,2007/10/31
800,975,887,2007/11/03
875,950,912,2007/11/04
800,975,887,2007/11/05
875,950,912,2007/11/06
925,1000,962,2007/11/07
875,1000,937,2007/11/08
875,1000,937,2007/11/11
875,1000,937,2007/11/12
850,950,900,2007/11/13
850,1000,925,2007/11/15
850,1000,925,2007/11/16
850,1000,925,2007/11/17
850,1000,925,2007/11/18
850,950,900,2007/11/19
850,950,900,2007/11/20
850,975,912,2007/11/24
875,975,912,2007/11/25
850,975,912,2007/11/26
900,1100,1000,2007/12/03
925,1050,987,2007/12/04
600,700,650,2007/12/05
875,1000,937,2007/12/08
875,1000,937,2007/12/09
875,1000,937,2007/12/10
850,950,900,2007/12/11
500,1000,750,2007/12/20
500,1000,750,2007/12/21
750,950,850,2007/12/23
750,950,850,2007/12/24
625,950,750,2007/12/25
625,950,750,2007/12/26
625,925,825,2007/12/27
625,925,825,2007/12/28
500,875,750,2007/12/30
500,875,750,2007/12/31
500,875,750,2008/01/01
500,875,750,2008/01/02
500,875,650,2008/01/03
450,625,500,2008/01/06
450,625,550,2008/01/07
450,625,500,2008/01/08
500,750,625,2008/01/09
500,750,625,2008/01/10
500,750,625,2008/01/11
550,750,650,2008/01/13
550,750,650,2008/01/14
550,750,650,2008/01/15
400,750,575,2008/01/17
400,750,575,2008/01/18
400,750,575,2008/01/21
625,750,700,2008/01/22
450,750,600,2008/01/23
450,750,600,2008/01/24
450,750,600,2008/01/27
450,750,600,2008/01/28
450,750,600,2008/01/29
500,750,625,2008/01/30
450,750,600,2008/01/31
450,550,500,2008/02/02
600,625,612,2008/02/10
600,625,612,2008/02/11
575,625,600,2008/02/12
500,625,575,2008/02/13
500,675,587,2008/02/18
500,600,550,2008/02/19
500,600,550,2008/02/20
500,600,550,2008/02/21
500,600,550,2008/02/23
450,575,512,2008/02/24
450,575,512,2008/02/25
500,550,525,2008/02/26
500,600,550,2008/02/27
500,600,550,2008/02/28
500,600,550,2008/02/29
475,575,525,2008/03/02
475,575,525,2008/03/03
450,575,512,2008/03/04
450,600,525,2008/03/05
450,600,525,2008/03/06
450,600,525,2008/03/07
400,550,475,2008/03/12
400,550,475,2008/03/13
400,550,475,2008/03/14
450,500,475,2008/03/16
450,500,475,2008/03/17
400,500,450,2008/03/18
400,500,450,2008/03/19
450,500,475,2008/03/20
450,500,475,2008/03/21
450,500,475,2008/03/24
450,550,500,2008/03/25
450,500,475,2008/03/26
450,500,475,2008/03/27
450,500,475,2008/03/28
325,500,412,2008/03/30
325,500,412,2008/03/31
350,450,400,2008/04/01
375,450,412,2008/04/02
375,450,412,2008/04/03
375,450,412,2008/04/06
375,450,412,2008/04/07
375,450,412,2008/04/08
250,400,325,2008/04/09
325,400,362,2008/04/13
325,400,362,2008/04/14
325,400,362,2008/04/15
325,400,362,2008/04/16
450,550,500,2008/04/17
500,525,512,2008/04/18
450,500,475,2008/04/20
450,500,475,2008/04/21
450,550,500,2008/04/22
450,575,512,2008/04/23
450,550,500,2008/04/24
450,550,500,2008/04/25
450,550,500,2008/04/27
450,550,500,2008/04/28
450,550,500,2008/04/29
450,550,500,2008/04/30
325,625,475,2008/05/04
325,625,475,2008/05/05
450,550,500,2008/05/06
450,550,500,2008/05/07
450,550,500,2008/05/08
350,500,425,2008/05/09
450,550,500,2008/05/11
450,550,500,2008/05/12
450,550,500,2008/05/13
450,550,500,2008/05/14
450,550,500,2008/05/15
450,550,500,2008/05/16
400,500,450,2008/05/25
400,500,450,2008/05/26
350,450,400,2008/05/27
350,500,425,2008/05/28
450,550,500,2008/05/29
300,450,375,2008/05/30
375,500,437,2008/06/01
375,500,437,2008/06/02
500,550,525,2008/06/03
500,600,550,2008/06/04
500,575,537,2008/06/05
500,600,550,2008/06/08
500,600,550,2008/06/09
500,575,537,2008/06/10
500,575,537,2008/06/11
450,525,487,2008/06/12
400,525,462,2008/06/13
375,500,437,2008/06/15
375,500,437,2008/06/16
350,500,425,2008/06/17
400,550,475,2008/06/18
400,550,475,2008/06/19
450,600,525,2008/06/20
450,575,512,2008/06/22
450,575,512,2008/06/23
450,550,500,2008/06/24
400,550,475,2008/06/25
400,500,450,2008/06/26
400,525,462,2008/06/27
425,550,487,2008/06/29
425,550,487,2008/06/30
425,550,487,2008/07/01
450,562,506,2008/07/02
500,600,550,2008/07/03
450,562,506,2008/07/04
375,525,450,2008/07/06
375,525,450,2008/07/07
450,500,475,2008/07/10
450,500,475,2008/07/11
400,550,475,2008/07/13
400,550,475,2008/07/14
400,550,475,2008/07/15
400,550,475,2008/07/16
400,550,475,2008/07/17
400,550,475,2008/07/18
400,550,475,2008/07/20
400,550,475,2008/07/21
450,500,475,2008/07/22
400,525,462,2008/07/23
425,500,462,2008/07/24
425,475,450,2008/07/25
350,475,412,2008/07/27
350,475,412,2008/07/28
375,450,412,2008/07/31
350,475,412,2008/08/01
375,500,437,2008/08/03
375,500,437,2008/08/04
450,575,512,2008/08/07
400,525,462,2008/08/08
550,600,575,2008/08/25
425,537,481,2008/08/26
425,550,487,2008/08/27
425,500,462,2008/08/29
400,500,450,2008/09/01
375,500,437,2008/09/07
375,500,437,2008/09/08
375,500,437,2008/09/09
400,500,450,2008/09/10
475,527,501,2008/09/11
475,527,501,2008/09/12
500,550,525,2008/09/14
500,550,525,2008/09/15
400,550,475,2008/09/16
450,550,500,2008/09/17
450,550,500,2008/09/18
450,550,500,2008/09/19
375,500,437,2008/09/21
375,500,437,2008/09/22
350,525,437,2008/09/23
350,500,425,2008/09/24
350,500,425,2008/09/25
350,500,425,2008/09/26
300,550,425,2008/09/28
350,562,456,2008/09/29
325,550,437,2008/09/30
325,575,450,2008/10/01
325,575,450,2008/10/05
325,575,450,2008/10/06
350,575,462,2008/10/07
325,575,450,2008/10/08
325,575,450,2008/10/10
325,575,450,2008/10/23
325,550,437,2008/10/24
350,550,450,2008/10/26
350,550,450,2008/10/27
350,500,425,2008/10/28
350,500,425,2008/10/29
425,575,500,2008/10/30
350,550,450,2008/11/01
350,550,450,2008/11/02
350,550,450,2008/11/03
375,550,462,2008/11/04
375,550,462,2008/11/05
375,550,462,2008/11/06
350,500,425,2008/11/07
375,550,462,2008/11/09
375,550,462,2008/11/10
275,550,412,2008/11/11
375,550,462,2008/11/12
375,550,462,2008/11/13
300,450,375,2008/11/16
300,450,375,2008/11/17
300,500,400,2008/11/18
300,500,400,2008/11/19
300,500,400,2008/11/20
300,500,400,2008/11/21
250,375,312,2008/11/23
250,450,350,2008/11/24
250,450,350,2008/11/25
250,450,350,2008/11/26
300,550,425,2008/11/27
300,550,425,2008/11/28
300,500,400,2008/11/30
300,500,400,2008/12/01
325,500,412,2008/12/02
325,525,425,2008/12/03
325,525,425,2008/12/04
325,525,425,2008/12/05
250,400,325,2008/12/07
250,400,325,2008/12/08
250,500,375,2008/12/10
325,500,400,2008/12/11
250,500,375,2008/12/12
250,525,375,2008/12/14
250,525,375,2008/12/15
250,500,375,2008/12/16
250,500,375,2008/12/17
200,550,375,2008/12/18
200,550,375,2008/12/19
200,450,325,2008/12/21
200,450,325,2008/12/22
200,500,350,2008/12/23
225,500,337,2008/12/24
250,500,375,2008/12/28
250,500,375,2008/12/29
200,475,335,2008/12/30
200,500,350,2008/12/31
200,500,350,2009/01/01
250,550,400,2009/01/02
200,550,375,2009/01/04
200,500,350,2009/01/05
250,500,375,2009/01/06
200,550,475,2009/01/07
250,625,400,2009/01/08
375,700,450,2009/01/09
200,625,412,2009/01/28
200,625,412,2009/01/29
200,625,412,2009/01/30
250,550,400,2009/02/01
250,550,400,2009/02/02
250,550,400,2009/02/03
200,500,350,2009/02/04
125,525,300,2009/02/05
125,525,325,2009/02/07
250,500,375,2009/02/08
250,500,375,2009/02/09
250,500,375,2009/02/10
250,500,375,2009/02/11
125,400,275,2009/02/12
125,400,250,2009/02/14
125,400,275,2009/02/15
125,400,375,2009/02/16
125,400,275,2009/02/17
125,400,275,2009/02/18
125,500,300,2009/02/19
125,500,300,2009/02/20
125,500,300,2009/02/22
125,500,300,2009/02/23
125,500,300,2009/02/24
400,525,465,2009/02/25
400,525,462,2009/02/26
300,500,400,2009/02/28
300,500,400,2009/03/01
300,500,400,2009/03/02
300,500,400,2009/03/03
300,500,400,2009/03/04
300,550,425,2009/03/05
200,550,425,2009/03/07
300,500,400,2009/03/08
300,500,400,2009/03/09
450,575,512,2009/03/10
500,687,593,2009/03/13
500,687,593,2009/03/15
500,687,593,2009/03/16
600,750,675,2009/03/17
625,800,712,2009/03/18
625,800,712,2009/03/19
625,800,712,2009/03/21
625,800,712,2009/03/22
625,800,712,2009/03/23
625,800,712,2009/03/24
500,725,612,2009/03/25
500,725,612,2009/03/26
500,725,612,2009/03/28
750,850,800,2009/03/29
750,850,800,2009/03/30
750,850,800,2009/03/31
750,850,800,2009/04/01
800,875,837,2009/04/02
700,875,787,2009/04/03
700,875,787,2009/04/05
700,875,787,2009/04/06
700,875,787,2009/04/07
700,875,787,2009/04/08
400,875,637,2009/04/09
400,875,637,2009/04/10
575,925,750,2009/04/12
575,925,750,2009/04/13
750,875,812,2009/04/14
750,875,812,2009/04/15
625,925,775,2009/04/18
625,925,775,2009/04/19
625,925,775,2009/04/20
800,950,875,2009/04/21
875,950,912,2009/04/22
875,950,912,2009/04/23
750,925,837,2009/04/25
750,925,837,2009/04/26
750,925,837,2009/04/27
750,925,837,2009/04/28
750,925,837,2009/04/29
750,925,837,2009/04/30
700,875,787,2009/05/02
750,900,825,2009/05/03
750,900,825,2009/05/04
750,900,825,2009/05/05
875,950,912,2009/05/06
875,950,912,2009/05/07
875,1000,937,2009/05/09
875,1000,937,2009/05/10
875,1000,937,2009/05/11
950,1000,975,2009/05/12
875,1000,937,2009/05/13
925,1025,975,2009/05/14
950,1000,975,2009/05/17
950,1000,975,2009/05/18
950,1000,975,2009/05/19
950,1000,975,2009/05/20
950,1025,987,2009/05/21
625,1027,826,2009/05/23
825,975,900,2009/05/24
825,975,900,2009/05/25
825,975,900,2009/05/26
875,1062,968,2009/05/28
925,1050,987,2009/05/29
750,1050,900,2009/05/31
750,1050,900,2009/06/01
750,1050,900,2009/06/02
850,1075,962,2009/06/03
825,1100,962,2009/06/04
850,1075,962,2009/06/06
825,1125,975,2009/06/07
825,1125,975,2009/06/08
825,1125,975,2009/06/09
750,1125,937,2009/06/10
1000,1125,1062,2009/06/11
1000,1125,1062,2009/06/13
1000,1200,1100,2009/06/14
1000,1200,1100,2009/06/15
1000,1150,1075,2009/06/16
1000,1150,1075,2009/06/17
900,1150,1025,2009/06/18
875,1225,1050,2009/06/20
1000,1200,1100,2009/06/21
1000,1200,1100,2009/06/22
1100,1225,1162,2009/06/23
1100,1225,1162,2009/06/24
1100,1200,1150,2009/06/25
1000,1200,1100,2009/06/27
900,1200,1050,2009/06/28
900,1200,1050,2009/06/29
900,1200,1050,2009/06/30
1150,1200,1175,2009/07/01
1000,1200,1100,2009/07/02
1200,1250,1225,2009/07/04
1250,1400,1325,2009/07/05
1250,1400,1325,2009/07/06
1300,1350,1325,2009/07/07
1250,1302,1276,2009/07/08
1125,1200,1162,2009/07/09
1125,1200,1162,2009/07/11
1200,1277,1238,2009/07/12
1200,1277,1238,2009/07/13
1200,1300,1250,2009/07/14
1200,1300,1250,2009/07/15
1200,1250,1225,2009/07/16
1100,1200,1150,2009/07/18
1200,1250,1225,2009/07/19
1200,1250,1225,2009/07/20
1200,1250,1225,2009/07/21
1100,1200,1150,2009/07/22
1100,1200,1150,2009/07/23
1200,1250,1225,2009/07/25
1200,1250,1225,2009/07/26
1200,1250,1225,2009/07/27
1025,1150,1087,2009/07/28
1150,1200,1175,2009/07/29
1150,1200,1175,2009/07/30
850,1175,1012,2009/08/01
1000,1200,1100,2009/08/02
1000,1200,1100,2009/08/03
1100,1200,1150,2009/08/04
1100,1200,1150,2009/08/05
1150,1250,1200,2009/08/06
1150,1250,1200,2009/08/08
1175,1250,1212,2009/08/09
1175,1250,0,2009/08/10
1175,1300,0,2009/08/11
1175,1325,1250,2009/08/12
1200,1300,1250,2009/08/13
1200,1275,1237,2009/08/16
1200,1275,1237,2009/08/17
1325,1350,1337,2009/08/18
1200,1250,1225,2009/08/19
1200,1250,1225,2009/08/20
1200,1275,1237,2009/08/22
1200,1285,1247,2009/08/23
1200,1285,1247,2009/08/24
1250,1300,1275,2009/08/25
1300,1350,1325,2009/08/26
800,1300,1050,2009/08/27
1375,1400,1387,2009/08/29
1325,1375,1350,2009/08/30
1325,1375,1350,2009/08/31
1325,1375,1350,2009/09/01
1200,1375,1287,2009/09/02
1125,1400,1250,2009/09/03
1200,1400,1300,2009/09/05
1200,1450,1325,2009/09/06
1200,1450,1325,2009/09/07
1200,1450,1325,2009/09/08
1200,1450,1325,2009/09/09
1000,1500,1250,2009/09/10
1425,1500,1462,2009/09/12
1550,1625,1587,2009/09/13
1550,1625,1587,2009/09/14
1250,1750,1500,2009/09/15
1500,1625,1562,2009/09/16
1500,1625,1562,2009/09/17
1575,1700,1637,2009/09/19
1550,1625,1587,2009/09/20
1550,1625,1587,2009/09/22
1550,1625,1587,2009/09/23
1550,1625,1587,2009/09/24
1600,1675,1637,2009/09/26
1500,1600,1550,2009/09/27
1500,1600,1550,2009/09/29
1600,1625,1612,2009/09/30
1600,1625,1612,2009/10/01
1500,1625,1562,2009/10/03
1625,1675,1650,2009/10/04
1625,1675,1650,2009/10/05
1550,1650,1600,2009/10/06
1550,1650,1600,2009/10/07
1500,1650,1575,2009/10/08
1500,1650,1575,2009/10/10
1700,1750,1725,2009/10/11
1700,1750,1725,2009/10/12
1375,1700,1537,2009/10/14
1375,1700,1537,2009/10/15
1375,1700,1537,2009/10/17
1625,1800,1712,2009/10/19
1625,1825,1725,2009/10/20
1625,1825,1725,2009/10/21
1625,1825,1725,2009/10/22
1750,1850,1800,2009/10/24
1650,1800,1725,2009/10/25
1650,1800,1725,2009/10/26
1500,1750,1625,2009/10/27
1500,1750,1625,2009/10/28
1625,1875,1750,2009/11/02
1250,1700,1475,2009/11/03
1250,1675,1463,2009/11/04
1500,1675,1587,2009/11/05
1375,1450,1412,2009/11/07
1375,1450,1412,2009/11/08
1375,1450,1412,2009/11/09
1250,1450,1350,2009/11/10
1250,1450,1350,2009/11/11
1250,1450,1350,2009/11/12
1000,1375,1187,2009/11/14
1375,1450,1412,2009/11/15
1375,1450,1412,2009/11/16
1500,1550,1525,2009/11/17
1250,1500,1375,2009/11/18
1000,1375,1187,2009/11/19
1125,1312,1218,2009/11/21
1125,1250,1187,2009/11/22
1125,1250,1187,2009/11/23
1000,1250,1125,2009/11/24
1000,1312,1156,2009/11/25
1125,1375,1250,2009/11/26
1250,1500,1375,2009/11/29
1375,1625,1500,2009/11/30
1500,1750,1625,2009/12/01
1500,1750,1625,2009/12/02
1562,1687,1624,2009/12/03
1625,1750,1687,2009/12/05
1000,1625,1312,2009/12/06
1000,1625,1312,2009/12/07
1000,1650,1325,2009/12/08
1000,1650,1325,2009/12/09
1000,1600,1300,2009/12/10
875,1625,1250,2009/12/12
1000,1500,1250,2009/12/13
1000,1500,1250,2009/12/14
1000,1500,1250,2009/12/15
875,1375,1125,2009/12/16
875,1375,1125,2009/12/17
750,1250,1000,2009/12/19
750,1225,987,2009/12/20
700,1325,1012,2009/12/21
625,1250,938,2009/12/22
750,1250,1000,2009/12/23
625,1200,912,2009/12/24
950,1375,1162,2009/12/26
750,1250,1000,2009/12/27
750,1250,1000,2009/12/28
750,1250,1000,2009/12/29
750,1250,1000,2009/12/30
750,1250,1000,2009/12/31
700,1375,1035,2010/01/02
825,1300,1062,2010/01/03
825,1300,1062,2010/01/04
1000,1375,1187,2010/01/05
875,1375,1125,2010/01/06
875,1375,1125,2010/01/07
875,950,912,2010/01/09
450,1000,725,2010/01/10
450,1000,725,2010/01/11
500,1000,750,2010/01/12
500,1000,750,2010/01/13
500,1000,750,2010/01/14
750,1312,1031,2010/01/16
700,1312,1006,2010/01/17
675,950,812,2010/01/19
450,1000,725,2010/01/20
675,875,775,2010/01/23
500,875,687,2010/01/24
500,875,687,2010/01/25
625,1000,812,2010/01/27
625,1000,812,2010/01/28
625,750,687,2010/01/30
625,800,712,2010/01/31
625,800,712,2010/02/01
625,800,712,2010/02/02
600,650,625,2010/02/03
575,625,600,2010/02/04
600,750,675,2010/02/06
600,800,700,2010/02/07
600,800,700,2010/02/08
600,800,700,2010/02/09
550,650,600,2010/02/10
550,650,600,2010/02/11
550,650,600,2010/02/13
550,700,625,2010/02/14
550,700,625,2010/02/15
600,750,675,2010/02/16
600,750,675,2010/02/17
400,625,512,2010/02/18
550,650,600,2010/02/20
375,550,462,2010/02/21
375,550,462,2010/02/22
375,550,462,2010/02/23
400,550,475,2010/02/24
375,625,500,2010/02/25
375,625,500,2010/03/02
375,625,500,2010/03/03
375,625,500,2010/03/04
450,575,512,2010/03/06
450,550,500,2010/03/07
450,550,500,2010/03/08
500,600,550,2010/03/09
500,600,550,2010/03/10
500,600,550,2010/03/11
375,525,450,2010/03/13
375,425,400,2010/03/14
375,425,400,2010/03/15
300,450,375,2010/03/16
300,450,375,2010/03/17
275,425,350,2010/03/18
400,550,475,2010/03/20
375,600,487,2010/03/21
375,600,487,2010/03/22
275,425,350,2010/03/23
400,562,481,2010/03/24
400,562,481,2010/03/25
400,550,475,2010/03/27
400,550,475,2010/03/28
400,550,475,2010/03/29
450,625,537,2010/03/30
400,600,500,2010/03/31
500,700,600,2010/04/01
500,650,575,2010/04/03
500,600,550,2010/04/04
500,600,550,2010/04/05
500,600,550,2010/04/06
550,650,600,2010/04/07
450,625,537,2010/04/08
450,600,525,2010/04/10
400,700,550,2010/04/11
400,700,550,2010/04/12
300,700,500,2010/04/13
400,750,575,2010/04/14
400,750,575,2010/04/15
400,750,575,2010/04/17
500,725,612,2010/04/18
500,725,612,2010/04/19
500,725,612,2010/04/20
300,675,487,2010/04/21
400,700,550,2010/04/22
450,725,587,2010/04/24
450,700,575,2010/04/25
450,700,575,2010/04/26
450,725,587,2010/04/27
375,675,525,2010/04/28
375,675,525,2010/04/29
500,800,650,2010/05/02
650,750,700,2010/05/03
550,700,625,2010/05/04
550,700,625,2010/05/05
500,725,612,2010/05/06
500,700,600,2010/05/08
500,600,550,2010/05/09
500,600,550,2010/05/10
500,600,550,2010/05/11
450,625,537,2010/05/12
450,625,537,2010/05/13
500,750,625,2010/05/15
625,725,675,2010/05/16
625,725,675,2010/05/17
600,725,662,2010/05/18
625,750,687,2010/05/19
500,700,600,2010/05/20
500,700,600,2010/05/22
500,650,575,2010/05/23
500,650,575,2010/05/24
500,650,575,2010/05/25
500,700,600,2010/05/26
550,700,625,2010/05/27
550,700,625,2010/05/29
550,700,625,2010/05/30
550,700,625,2010/05/31
625,700,662,2010/06/01
625,700,662,2010/06/02
650,700,675,2010/06/03
650,700,675,2010/06/05
500,700,600,2010/06/06
500,700,600,2010/06/07
550,650,600,2010/06/08
500,625,562,2010/06/09
500,625,562,2010/06/10
375,725,550,2010/06/13
375,725,550,2010/06/14
500,700,600,2010/06/15
500,675,587,2010/06/16
500,600,550,2010/06/17
600,700,650,2010/06/19
500,650,575,2010/06/20
500,650,575,2010/06/21
550,650,600,2010/06/22
575,700,637,2010/06/23
575,700,637,2010/06/24
575,700,625,2010/06/26
625,725,675,2010/06/27
625,725,675,2010/06/28
500,675,587,2010/06/29
550,675,612,2010/06/30
550,675,612,2010/07/01
500,700,600,2010/07/03
500,650,575,2010/07/04
500,650,575,2010/07/05
500,650,575,2010/07/06
500,625,562,2010/07/07
500,625,562,2010/07/08
500,700,600,2010/07/10
600,650,625,2010/07/11
600,650,625,2010/07/12
500,750,625,2010/07/13
500,662,581,2010/07/14
500,650,575,2010/07/15
500,650,575,2010/07/17
500,625,562,2010/07/18
500,625,562,2010/07/19
500,650,575,2010/07/20
500,650,575,2010/07/21
500,625,562,2010/07/22
650,700,675,2010/07/24
500,650,575,2010/07/25
500,650,575,2010/07/26
500,650,575,2010/07/27
500,650,575,2010/07/28
400,550,475,2010/07/29
450,625,537,2010/07/31
550,700,625,2010/08/01
550,700,625,2010/08/02
550,700,625,2010/08/03
550,700,625,2010/08/04
500,700,600,2010/08/05
400,550,475,2010/08/07
500,650,575,2010/08/08
500,650,575,2010/08/09
500,625,562,2010/08/10
425,650,537,2010/08/11
425,650,537,2010/08/12
500,675,587,2010/08/14
500,675,587,2010/08/16
550,700,625,2010/08/17
550,700,625,2010/08/18
375,650,512,2010/08/19
450,600,525,2010/08/21
625,725,675,2010/08/22
625,725,675,2010/08/23
625,725,675,2010/08/24
450,650,550,2010/08/25
450,650,550,2010/08/26
600,650,625,2010/08/28
625,725,687,2010/08/29
625,725,687,2010/08/30
625,725,675,2010/08/31
550,700,625,2010/09/01
500,650,575,2010/09/02
550,700,625,2010/09/04
600,650,625,2010/09/05
600,650,625,2010/09/06
600,650,625,2010/09/07
600,700,650,2010/09/08
600,700,650,2010/09/09
500,650,575,2010/09/13
750,825,787,2010/09/14
500,650,575,2010/09/15
800,875,837,2010/09/16
800,875,837,2010/09/18
550,875,712,2010/09/19
550,875,712,2010/09/20
550,875,712,2010/09/21
625,750,687,2010/09/22
625,750,687,2010/09/23
625,825,725,2010/09/25
625,950,787,2010/09/26
625,950,787,2010/09/27
750,950,850,2010/09/28
750,900,825,2010/09/29
750,950,850,2010/09/30
750,950,850,2010/10/02
700,950,825,2010/10/03
700,950,825,2010/10/04
875,950,912,2010/10/05
875,950,912,2010/10/06
875,950,912,2010/10/09
750,875,812,2010/10/10
750,875,812,2010/10/11
800,950,875,2010/10/12
700,1000,850,2010/10/13
875,1000,937,2010/10/14
875,1000,937,2010/10/16
875,1000,937,2010/10/18
625,875,750,2010/10/19
875,1062,968,2010/10/20
850,950,900,2010/10/21
875,1025,950,2010/10/23
850,900,875,2010/10/24
850,900,875,2010/10/25
750,900,825,2010/10/26
750,900,825,2010/10/27
750,900,825,2010/10/28
875,950,912,2010/10/30
875,1000,937,2010/10/31
875,1000,937,2010/11/01
875,1000,937,2010/11/02
900,1000,950,2010/11/03
800,1050,925,2010/11/04
800,1000,900,2010/11/07
950,1000,975,2010/11/09
950,1050,1000,2010/11/11
750,925,837,2010/11/13
875,975,925,2010/11/14
875,1000,937,2010/11/15
875,1062,968,2010/11/16
900,1000,950,2010/11/18
875,1062,968,2010/11/20
875,1000,937,2010/11/21
875,1000,937,2010/11/22
750,1077,913,2010/11/23
875,1075,975,2010/11/24
950,1087,1018,2010/11/25
1000,1125,1062,2010/11/27
875,1075,975,2010/11/28
875,1075,975,2010/11/29
1000,1125,1062,2010/11/30
1000,1125,1062,2010/12/01
1000,1125,1062,2010/12/02
875,1075,975,2010/12/04
875,1062,968,2010/12/05
875,1062,968,2010/12/06
875,1100,987,2010/12/07
875,1000,937,2010/12/08
750,1000,875,2010/12/09
875,1075,975,2010/12/11
625,1000,812,2010/12/12
625,1000,812,2010/12/13
750,1000,875,2010/12/14
750,1000,875,2010/12/15
700,1100,900,2010/12/16
700,1075,887,2010/12/19
700,950,825,2010/12/20
750,1100,925,2010/12/21
700,975,837,2010/12/22
700,875,787,2010/12/25
750,1000,875,2010/12/26
700,875,787,2010/12/27
775,1000,887,2010/12/28
750,1062,906,2010/12/29
550,875,712,2011/01/01
550,875,712,2011/01/02
625,1125,875,2011/01/03
450,1100,775,2011/01/04
625,1100,862,2011/01/05
500,1000,750,2011/01/06
600,1000,800,2011/01/08
500,875,687,2011/01/09
500,875,687,2011/01/10
500,950,725,2011/01/11
500,950,625,2011/01/12
400,1000,700,2011/01/15
375,1000,687,2011/01/18
375,1000,687,2011/01/19
650,875,763,2011/01/20
625,1000,812,2011/01/22
450,1000,725,2011/01/23
375,600,488,2011/01/24
500,875,687,2011/01/25
500,925,712,2011/01/27
550,925,737,2011/01/29
575,750,662,2011/01/30
575,750,662,2011/01/31
575,750,662,2011/02/01
400,750,575,2011/02/02
400,875,637,2011/02/03
450,875,662,2011/02/05
450,875,662,2011/02/06
450,875,662,2011/02/07
375,625,500,2011/02/08
400,625,512,2011/02/09
400,625,512,2011/02/10
400,625,512,2011/02/12
450,650,550,2011/02/13
450,625,537,2011/02/14
450,675,562,2011/02/15
550,700,625,2011/02/17
375,675,525,2011/02/19
550,675,612,2011/02/20
550,675,612,2011/02/21
400,700,550,2011/02/22
625,700,662,2011/02/23
400,700,550,2011/02/24
400,700,550,2011/02/26
550,700,625,2011/02/27
400,700,550,2011/02/28
600,675,637,2011/03/01
550,700,625,2011/03/02
600,700,650,2011/03/03
625,700,662,2011/03/05
600,700,650,2011/03/06
625,700,662,2011/03/07
625,700,662,2011/03/08
550,750,650,2011/03/09
550,750,650,2011/03/10
625,700,662,2011/03/12
625,700,662,2011/03/13
600,750,675,2011/03/14
525,750,637,2011/03/15
600,750,675,2011/03/16
550,700,625,2011/03/17
625,750,687,2011/03/19
500,750,625,2011/03/21
650,750,700,2011/03/22
650,750,700,2011/03/23
500,750,625,2011/03/24
700,800,750,2011/03/26
550,750,650,2011/03/27
550,750,650,2011/03/28
400,625,512,2011/03/29
400,600,500,2011/03/31
400,600,500,2011/04/02
375,550,462,2011/04/03
550,625,587,2011/04/04
550,625,587,2011/04/05
650,700,675,2011/04/06
650,700,675,2011/04/07
500,700,600,2011/04/09
500,750,625,2011/04/10
500,750,625,2011/04/11
500,700,600,2011/04/13
500,750,625,2011/04/14
500,625,562,2011/04/16
500,625,562,2011/04/17
625,750,687,2011/04/18
500,750,625,2011/04/19
500,750,625,2011/04/20
500,750,625,2011/04/21
500,750,625,2011/04/23
500,750,625,2011/04/24
500,750,625,2011/04/25
500,750,625,2011/04/26
500,750,625,2011/04/27
500,750,625,2011/04/28
600,775,687,2011/04/30
500,800,650,2011/05/01
500,750,625,2011/05/03
500,700,600,2011/05/04
550,700,625,2011/05/09
650,750,700,2011/05/10
400,750,575,2011/05/11
400,725,562,2011/05/12
400,750,575,2011/05/14
600,800,700,2011/05/15
625,825,725,2011/05/16
700,775,737,2011/06/08
700,775,737,2011/06/09
700,775,737,2011/06/11
650,700,675,2011/06/12
650,700,675,2011/06/13
650,700,675,2011/06/14
600,775,687,2011/06/15
700,800,750,2011/06/16
650,750,700,2011/06/18
625,775,700,2011/06/19
700,775,737,2011/06/20
700,750,725,2011/06/21
600,725,662,2011/06/22
600,725,662,2011/06/23
600,725,662,2011/06/25
675,775,725,2011/06/26
700,777,737,2011/06/27
600,750,675,2011/06/28
700,750,725,2011/06/29
650,750,700,2011/06/30
650,750,700,2011/07/02
625,750,687,2011/07/03
625,750,687,2011/07/04
625,750,687,2011/07/05
625,750,687,2011/07/06
700,750,725,2011/07/07
700,750,725,2011/07/09
662,725,693,2011/07/10
650,750,700,2011/07/11
675,800,737,2011/07/12
675,800,737,2011/07/13
675,800,737,2011/07/14
675,800,737,2011/07/16
650,800,725,2011/07/17
650,775,712,2011/07/18
550,800,675,2011/07/19
625,775,700,2011/07/20
625,775,700,2011/07/21
625,800,712,2011/07/23
625,750,687,2011/07/24
625,775,700,2011/07/26
625,775,700,2011/07/27
625,800,712,2011/07/28
625,800,712,2011/07/30
750,875,812,2011/07/31
750,875,812,2011/08/01
750,875,812,2011/08/02
750,800,775,2011/08/03
700,850,775,2011/08/20
700,850,775,2011/08/21
625,800,712,2011/08/22
550,750,650,2011/08/23
550,750,650,2011/08/24
625,750,687,2011/08/25
625,750,687,2011/08/27
625,750,687,2011/08/28
625,750,687,2011/08/29
675,800,737,2011/09/03
675,850,762,2011/09/04
625,850,737,2011/09/05
750,800,775,2011/09/06
700,875,787,2011/09/07
700,875,787,2011/09/08
625,850,737,2011/09/10
625,850,737,2011/09/11
625,800,712,2011/09/12
675,750,712,2011/09/13
625,800,712,2011/09/14
700,850,775,2011/09/15
550,800,675,2011/09/17
550,800,675,2011/09/18
550,850,700,2011/09/19
625,800,712,2011/09/20
650,850,750,2011/09/21
600,800,700,2011/09/22
650,850,750,2011/09/24
500,750,625,2011/09/25
500,750,625,2011/09/26
625,850,737,2011/09/28
625,750,700,2011/09/29
650,750,700,2011/10/01
650,850,750,2011/10/02
625,750,700,2011/10/03
650,800,725,2011/10/04
650,850,750,2011/10/05
650,800,725,2011/10/08
600,750,675,2011/10/09
650,700,675,2011/10/10
625,750,687,2011/10/11
625,750,687,2011/10/12
625,800,712,2011/10/13
500,750,625,2011/10/15
650,750,700,2011/10/16
650,750,700,2011/10/17
500,750,625,2011/10/18
625,700,662,2011/10/19
500,750,625,2011/10/20
600,700,650,2011/10/22
650,750,700,2011/10/25
625,700,662,2011/10/26
650,750,700,2011/10/29
625,700,662,2011/10/30
625,700,662,2011/10/31
625,750,687,2011/11/01
650,750,700,2011/11/02
650,750,700,2011/11/03
650,750,700,2011/11/05
625,750,687,2011/11/06
500,700,600,2011/11/08
500,650,575,2011/11/21
300,625,462,2011/11/22
500,650,575,2011/11/23
300,650,475,2011/11/26
400,600,500,2011/11/27
400,650,525,2011/11/28
400,600,500,2011/11/29
400,600,500,2011/11/30
300,500,400,2011/12/01
250,550,400,2011/12/03
450,550,500,2011/12/04
450,575,512,2011/12/05
450,550,500,2011/12/06
450,550,500,2011/12/07
450,550,500,2011/12/08
450,550,500,2011/12/10
450,550,500,2011/12/11
400,500,450,2011/12/12
400,500,450,2011/12/13
400,562,481,2011/12/15
400,562,481,2011/12/17
375,500,437,2011/12/18
375,500,437,2011/12/19
375,500,437,2011/12/20
450,600,525,2011/12/21
500,600,550,2011/12/22
500,600,550,2011/12/24
425,625,525,2011/12/25
425,625,525,2011/12/26
425,625,525,2011/12/27
425,625,525,2011/12/28
450,600,525,2011/12/29
450,550,500,2011/12/31
450,575,512,2012/01/01
450,575,512,2012/01/02
450,575,512,2012/01/03
625,675,650,2012/01/15
600,700,650,2012/01/16
600,700,650,2012/01/17
600,700,650,2012/01/18
400,600,500,2012/01/19
400,600,500,2012/01/21
400,600,500,2012/01/22
400,625,512,2012/01/23
400,625,512,2012/01/24
400,625,512,2012/01/25
400,625,512,2012/01/28
400,700,550,2012/01/29
400,700,550,2012/01/30
400,700,550,2012/01/31
500,625,562,2012/02/01
450,750,600,2012/02/02
500,625,562,2012/02/06
450,650,550,2012/02/07
450,650,550,2012/02/08
450,650,550,2012/02/09
450,700,575,2012/02/12
450,700,575,2012/02/13
450,700,575,2012/02/14
450,700,575,2012/02/15
450,700,575,2012/02/18
450,700,575,2012/02/20
450,700,575,2012/02/21
500,625,562,2012/02/23
500,562,525,2012/02/25
500,525,512,2012/02/26
500,525,512,2012/02/27
625,650,637,2012/02/28
625,650,637,2012/02/29
625,650,637,2012/03/01
625,650,637,2012/03/03
625,650,637,2012/03/04
625,650,637,2012/03/05
550,650,600,2012/03/06
500,700,600,2012/03/07
500,700,600,2012/03/10
500,700,600,2012/03/11
750,950,850,2012/03/12
750,950,850,2012/03/13
750,950,850,2012/03/14
750,950,850,2012/03/19
625,875,750,2012/03/20
625,875,750,2012/03/21
625,875,750,2012/03/22
625,875,750,2012/03/24
625,875,750,2012/03/25
625,875,750,2012/03/26
625,875,750,2012/03/27
750,900,825,2012/03/28
750,900,825,2012/03/30
750,900,825,2012/03/31
750,900,825,2012/04/02
750,900,825,2012/04/03
750,875,812,2012/04/04
750,900,825,2012/04/05
750,900,825,2012/04/07
750,900,825,2012/04/08
750,1050,900,2012/04/09
750,1050,900,2012/04/10
750,1050,900,2012/04/11
750,1050,900,2012/04/14
750,1050,900,2012/04/15
750,1050,900,2012/04/16
750,1050,900,2012/04/17
750,1050,900,2012/04/18
950,1250,1100,2012/04/21
950,1250,1100,2012/04/22
950,1250,1100,2012/04/24
1125,1250,1187,2012/04/25
1125,1250,1187,2012/04/28
500,1250,875,2012/04/30
500,1250,875,2012/05/02
500,1200,850,2012/05/03
500,1200,850,2012/05/05
500,1250,850,2012/05/07
500,1200,850,2012/05/08
500,1200,800,2012/05/09
500,1200,800,2012/05/12
500,1200,800,2012/05/13
1125,1300,1212,2012/05/14
1125,1300,1212,2012/05/15
1125,1300,1212,2012/05/16
1125,1300,1212,2012/05/17
1125,1300,1212,2012/05/19
1125,1300,1212,2012/05/20
450,500,475,2012/05/21
1125,1320,1212,2012/05/22
1125,1300,1212,2012/05/23
1125,1250,1187,2012/05/26
1125,1250,1187,2012/05/27
1125,1250,1187,2012/05/28
1125,1250,1187,2012/05/29
1125,1250,1187,2012/05/30
1125,1250,1187,2012/05/31
1125,1250,1187,2012/06/02
1250,1375,1312,2012/06/03
1250,1375,1312,2012/06/04
1250,1375,1312,2012/06/05
1225,1580,1402,2012/06/06
1225,1580,1402,2012/06/07
1225,1580,1402,2012/06/09
1285,1600,1447,2012/06/12
1300,1600,1450,2012/06/14
1150,1250,1200,2012/06/16
1150,1250,1200,2012/06/17
1000,1250,1125,2012/06/18
1000,1250,1125,2012/06/19
1000,1250,1125,2012/06/20
1000,1250,1125,2012/06/21
1200,1300,1250,2012/06/23
1200,1300,1250,2012/06/24
1200,1300,1250,2012/06/25
1016,1320,1168,2012/06/26
1016,1320,1168,2012/06/27
1200,1750,1475,2012/06/30
1250,1450,1350,2012/07/01
1250,1450,1350,2012/07/02
1250,1450,1350,2012/07/03
1250,1450,1350,2012/07/04
1277,1400,1338,2012/07/07
1277,1400,1338,2012/07/08
1277,1400,1338,2012/07/09
1277,1400,1338,2012/07/10
1375,1450,1412,2012/07/11
1375,1450,1412,2012/07/12
1375,1500,1437,2012/07/14
1375,1500,1437,2012/07/15
1375,1500,1437,2012/07/16
1375,1500,1437,2012/07/17
1375,1500,1437,2012/07/19
1375,1500,1437,2012/07/21
1375,1500,1437,2012/07/22
1375,1500,1437,2012/07/23
1375,1525,1450,2012/07/24
1375,1525,1450,2012/07/25
1450,1625,1537,2012/08/05
1450,1625,1537,2012/08/06
1450,1625,1537,2012/08/07
1500,1625,1562,2012/08/08
1450,1600,1525,2012/08/09
1450,1600,1525,2012/08/11
1450,1550,1500,2012/08/12
1450,1550,1500,2012/08/13
1450,1550,1500,2012/08/16
1450,1550,1500,2012/08/19
1450,1550,1500,2012/08/21
1450,1600,1525,2012/08/22
1400,1600,1500,2012/08/23
1400,1600,1500,2012/08/25
1400,1600,1500,2012/08/26
1400,1600,1500,2012/08/27
1400,1600,1500,2012/08/28
1450,1575,1512,2012/08/29
1375,1550,1462,2012/09/01
1375,1550,1462,2012/09/02
1375,1550,1462,2012/09/03
1312,1450,1381,2012/09/04
1312,1450,1381,2012/09/05
1200,1450,1325,2012/09/08
1200,1450,1325,2012/09/09
1200,1450,1325,2012/09/10
1200,1450,1325,2012/09/11
1125,1375,1250,2012/09/12
1125,1375,1250,2012/09/13
1125,1375,1250,2012/09/15
1125,1375,1250,2012/09/16
1125,1375,1250,2012/09/17
1125,1375,1250,2012/09/18
1125,1375,1250,2012/09/19
1125,1375,1250,2012/09/20
1250,1450,1350,2012/09/22
1250,1450,1350,2012/09/23
1250,1450,1350,2012/09/24
1250,1450,1350,2012/09/25
1250,1450,1350,2012/09/26
1250,1562,1406,2012/09/29
1250,1562,1406,2012/09/30
1250,1562,1406,2012/10/01
1250,1562,1406,2012/10/02
1125,1375,1250,2012/10/03
1125,1375,1250,2012/10/04
1125,1300,1212,2012/10/06
1125,1300,1212,2012/10/07
1125,1300,1212,2012/10/08
1000,1250,1125,2012/10/09
1000,1250,1125,2012/10/10
1000,1250,1125,2012/10/11
1125,1250,1187,2012/10/13
1125,1250,1187,2012/10/14
1125,1375,1250,2012/10/16
1125,1375,1250,2012/10/17
1125,1375,1250,2012/10/18
1000,1250,1125,2012/10/20
1000,1250,1125,2012/10/21
1000,1250,1125,2012/10/22
1125,1250,1187,2012/10/23
1125,1250,1187,2012/10/25
1062,1375,1218,2012/10/28
1062,1375,1218,2012/10/29
1062,1375,1218,2012/10/30
1125,1375,1250,2012/10/31
1250,1325,1287,2012/11/03
1250,1325,1287,2012/11/04
1250,1325,1275,2012/11/05
1250,1325,1287,2012/11/06
1062,1250,1156,2012/11/07
1062,1312,1187,2012/11/08
1062,1312,1187,2012/11/10
875,1375,1125,2012/11/11
875,1375,1125,2012/11/12
1250,1375,1312,2012/11/15
1250,1375,1312,2012/11/17
1250,1375,1312,2012/11/18
1250,1375,1312,2012/11/19
1125,1275,1200,2012/11/20
1125,1275,1200,2012/11/21
1125,1275,1200,2012/11/22
1200,1375,1287,2012/11/24
1125,1325,1225,2012/11/26
1125,1325,1225,2012/11/27
1125,1325,1225,2012/11/28
1125,1325,1225,2012/11/29
1000,1312,1156,2012/12/01
1000,1312,1156,2012/12/03
1062,1375,1218,2012/12/04
1062,1375,1218,2012/12/05
1062,1375,1218,2012/12/06
1062,1375,1218,2012/12/08
1125,1312,1218,2012/12/09
1000,1027,1013,2012/12/10
1000,1027,1013,2012/12/11
1000,1027,1013,2012/12/12
1000,1027,1013,2012/12/13
875,1150,1012,2012/12/15
875,1150,1012,2012/12/16
875,1150,1075,2012/12/17
875,1200,1037,2012/12/18
875,1200,1038,2012/12/22
750,1150,950,2012/12/23
750,1150,950,2012/12/24
750,1150,950,2012/12/25
750,1150,950,2012/12/26
750,1150,950,2012/12/27
1000,1375,1187,2012/12/29
1000,1375,1187,2012/12/30
1000,1375,1188,2012/12/31
800,1375,1087,2013/01/01
800,1375,1087,2013/01/02
800,1375,1087,2013/01/03
800,1250,1025,2013/01/05
800,1250,1025,2013/01/06
800,1250,1025,2013/01/07
700,1375,1035,2013/01/08
700,1375,1037,2013/01/09
700,1375,1035,2013/01/10
875,1375,1125,2013/01/12
875,1375,1125,2013/01/13
875,1375,1125,2013/01/14
875,1375,1125,2013/01/15
875,1375,1125,2013/01/16
875,1375,1125,2013/01/17
875,1500,1187,2013/01/19
875,1500,1187,2013/01/20
875,1500,1187,2013/01/21
875,1250,1062,2013/01/22
875,1250,1062,2013/01/23
875,1250,1000,2013/01/24
750,1250,1000,2013/01/27
750,1250,1000,2013/01/28
750,1250,1000,2013/01/30
875,1250,1062,2013/02/02
875,1250,1062,2013/02/03
875,1125,1000,2013/02/14
875,1125,1000,2013/02/16
875,1125,1000,2013/02/17
1000,1355,1187,2013/02/18
875,1125,1000,2013/02/19
1000,1375,1187,2013/02/20
1000,1375,1187,2013/02/21
875,1062,968,2013/02/23
875,1062,968,2013/02/24
875,1062,968,2013/02/25
750,1000,875,2013/02/26
750,1000,875,2013/02/27
750,925,837,2013/03/09
750,925,837,2013/03/10
750,925,837,2013/03/11
100,1125,1062,2013/03/12
1000,1125,1062,2013/03/13
1000,1125,1062,2013/03/14
850,950,900,2013/03/16
850,950,900,2013/03/17
850,950,900,2013/03/18
700,875,787,2013/03/19
700,875,787,2013/03/21
875,1125,1000,2013/03/23
875,1125,1000,2013/03/24
875,1125,1000,2013/03/25
875,1125,1000,2013/03/26
950,1000,975,2013/03/28
950,1000,975,2013/03/30
950,1000,975,2013/03/31
950,1000,975,2013/04/01
1125,1277,1201,2013/04/02
1125,1277,1201,2013/04/03
1125,1277,1200,2013/04/04
875,1125,1000,2013/04/06
1125,1277,1200,2013/04/07
875,1062,968,2013/04/09
875,1062,968,2013/04/10
875,1200,1037,2013/04/11
875,1200,1037,2013/04/13
875,1200,1037,2013/04/14
750,1250,1000,2013/04/16
750,1250,1000,2013/04/17
750,1250,1000,2013/04/18
875,1250,1062,2013/04/20
875,1250,1060,2013/04/21
1000,1250,1125,2013/05/02
950,1325,1137,2013/05/04
950,1375,1137,2013/05/05
950,1325,1137,2013/05/06
950,1250,1100,2013/05/07
1150,1300,1225,2013/06/05
1125,1250,1187,2013/06/06
1125,1250,1187,2013/06/08
1125,1250,1187,2013/06/09
1000,1200,1100,2013/06/10
1000,1200,1100,2013/06/11
1000,1250,1125,2013/06/12
1125,1300,1212,2013/06/13
1062,1250,1156,2013/06/15
1062,1250,1156,2013/06/16
1062,1250,1156,2013/06/17
1050,1200,1125,2013/06/18
1050,1275,1162,2013/06/29
1050,1275,1162,2013/07/01
1062,1275,1168,2013/07/02
1062,1275,1168,2013/07/03
1050,1312,1181,2013/07/04
1050,1312,1181,2013/07/06
1000,1250,1125,2013/07/07
1000,1125,1062,2013/07/08
1000,1250,1125,2013/07/09
1000,1250,1125,2013/07/10
1000,1250,1125,2013/07/13
900,1225,1062,2013/07/14
875,1227,1051,2013/07/15
900,1230,1065,2013/07/16
900,1112,1006,2013/07/17
800,1200,1000,2013/07/18
800,1200,1000,2013/07/20
750,1150,950,2013/07/21
775,1050,912,2013/07/22
800,1250,1025,2013/07/23
800,1050,925,2013/07/24
850,1125,987,2013/07/25
1000,1175,1087,2013/07/27
1000,1175,1087,2013/07/28
1000,1175,1087,2013/07/29
900,1125,1012,2013/07/30
950,1150,1050,2013/07/31
950,1150,1050,2013/08/01
750,1025,887,2013/08/04
900,1350,1125,2013/10/08
950,1250,1150,2013/10/09
900,1300,1100,2013/10/10
900,1200,1050,2013/10/14
925,1350,1137,2013/10/15
900,1300,1100,2013/10/17
900,1500,1200,2013/10/21
900,1625,1262,2013/10/22
900,1650,1275,2013/10/23
900,1650,1275,2013/10/24
1000,2125,1562,2013/10/26
1000,2125,1562,2013/10/27
1000,2125,1572,2013/10/28
950,1750,1350,2013/10/29
1000,1700,1350,2013/10/30
1000,2125,1562,2013/11/02
1800,2200,2000,2013/11/03
1000,2125,1562,2013/11/05
1000,2125,1562,2013/11/06
1250,2500,1875,2013/11/09
1200,2625,1912,2013/11/10
1300,2875,2087,2013/11/11
1250,2375,1812,2013/11/12
1250,2375,1812,2013/11/13
1250,2375,1812,2013/11/14
1250,2250,1750,2013/11/16
1250,2250,1750,2013/11/17
1250,2375,1812,2013/11/18
1200,2350,1775,2013/11/19
1000,1750,1375,2013/11/20
1000,1750,1375,2013/11/21
1250,1875,1562,2013/11/23
1200,1900,1550,2013/11/24
1250,1875,1562,2013/11/30
1375,1875,1625,2013/12/02
1300,1850,1575,2013/12/03
1125,1875,1500,2013/12/04
1125,1875,1500,2013/12/05
1250,1875,1562,2013/12/07
1375,2062,1718,2013/12/16
1375,2125,1750,2013/12/17
1375,1875,1625,2013/12/24
1350,1800,1575,2013/12/28
1350,1800,1575,2013/12/29
1000,1750,1375,2013/12/30
1150,1875,1512,2014/01/01
1200,2000,1600,2014/01/02
1000,1800,1400,2014/01/04
1000,1800,1400,2014/01/05
950,1800,1400,2014/01/06
1000,1750,1375,2014/01/07
1000,1750,1375,2014/01/08
1000,1700,1350,2014/01/09
700,1300,1000,2014/01/12
750,1500,1125,2014/01/13
750,1500,1125,2014/01/15
750,1500,1125,2014/01/18
750,1500,1125,2014/01/19
750,1450,1100,2014/01/20
700,1450,1075,2014/01/21
700,1450,1075,2014/01/22
850,1250,1050,2014/01/25
850,1250,1050,2014/01/27
875,1125,1000,2014/01/28
800,1200,1000,2014/01/29
750,1200,975,2014/01/30
700,1200,950,2014/02/01
700,1250,975,2014/02/02
700,1200,950,2014/02/03
700,1250,975,2014/02/04
700,1250,975,2014/02/05
700,1250,975,2014/02/06
750,1000,875,2014/02/08
750,1000,875,2014/02/09
700,1000,875,2014/02/10
700,1000,875,2014/02/11
700,1000,875,2014/02/12
750,1200,975,2014/02/13
750,1200,975,2014/02/15
750,1200,975,2014/02/16
750,1200,975,2014/02/17
700,1200,950,2014/02/18
700,1200,950,2014/02/19
750,1200,975,2014/02/22
750,1200,975,2014/02/23
800,1250,1025,2014/02/24
750,1250,1000,2014/02/25
700,1200,950,2014/03/01
750,1300,1025,2014/03/03
950,1200,1075,2014/03/09
700,1250,975,2014/03/16
900,1400,1150,2014/04/01
900,1400,1150,2014/04/02
900,1400,1150,2014/04/03
900,1400,1150,2014/04/05
900,1375,1137,2014/04/06
900,1400,1150,2014/04/07
1000,1875,1437,2014/04/12
1000,1875,1437,2014/04/13
1000,1875,1437,2014/04/14
1000,1900,1450,2014/04/15
1000,1950,1475,2014/04/16
1000,1950,1475,2014/04/17
1200,1750,1475,2014/04/24
1200,1700,1450,2014/04/26
1200,1625,1412,2014/04/27
1200,1875,1537,2014/04/28
1200,1850,1525,2014/04/29
1200,1800,1500,2014/04/30
1250,1875,1562,2014/05/03
1250,1875,1562,2014/05/04
1200,1850,1500,2014/05/05
1200,1875,1537,2014/05/06
1200,1850,1525,2014/05/07
1200,1850,1525,2014/05/08
1250,1900,1575,2014/05/10
1250,1900,1575,2014/05/11
1250,1750,1500,2014/05/17
1250,1750,1500,2014/05/18
1250,1850,1550,2014/05/19
1250,1850,1550,2014/05/20
1200,1850,1550,2014/05/21
1250,1800,1525,2014/05/22
1250,1800,1525,2014/05/24
1200,1900,1550,2014/05/25
1250,1850,1550,2014/05/26
1250,1800,1525,2014/05/27
1200,1850,1525,2014/05/28
1200,1800,1500,2014/05/29
1200,1800,1500,2014/05/31
1250,1875,1565,2014/06/02
1250,1875,1565,2014/06/03
1250,1825,1537,2014/06/04
1250,1825,1537,2014/06/05
1250,1825,1537,2014/06/07
1250,1825,1537,2014/06/08
1250,1825,1537,2014/06/09
1250,1825,1537,2014/06/10
1000,1700,1350,2014/06/11
1000,1700,1350,2014/06/12
1000,1800,1400,2014/06/14
1000,1800,1400,2014/06/15
1250,1875,1562,2014/06/16
1250,1950,1600,2014/06/17
1200,2000,1600,2014/06/18
1200,1950,1550,2014/06/19
1250,1875,1562,2014/06/21
1250,1875,1562,2014/06/22
1250,1950,1600,2014/06/23
1250,1950,1600,2014/06/24
1250,1950,1600,2014/06/25
1250,1950,1600,2014/06/26
1200,1900,1550,2014/06/28
1200,1900,1550,2014/06/29
1125,1900,1512,2014/06/30
1250,2000,1625,2014/07/01
1250,2000,1625,2014/07/02
1200,2000,1600,2014/07/03
1300,2100,1700,2014/07/05
1300,2100,1700,2014/07/06
1300,1900,1600,2014/07/07
1300,1900,1600,2014/07/08
1350,2100,1752,2014/07/09
1300,2100,1700,2014/07/10
1300,2100,1700,2014/07/12
1300,2100,1700,2014/07/13
1250,2000,1625,2014/07/14
1200,1900,1550,2014/07/15
1200,1900,1550,2014/07/16
1200,1900,1550,2014/07/17
1250,2000,1625,2014/07/19
1250,1950,1600,2014/07/20
1200,1900,1550,2014/07/21
1250,2000,1625,2014/07/22
1200,2000,1600,2014/07/23
1200,2100,1650,2014/07/24
1200,2100,1650,2014/07/26
1200,2100,1650,2014/07/27
1200,2100,1650,2014/07/28
1250,2500,1875,2014/07/31
1250,2250,1750,2014/08/03
1250,2250,1750,2014/08/04
1200,2100,1650,2014/08/05
1200,2100,1650,2014/08/06
1200,2125,1662,2014/08/07
1250,2250,1750,2014/08/09
1250,2250,1750,2014/08/10
1250,2250,1750,2014/08/11
1200,2300,1750,2014/08/12
1250,2300,1775,2014/08/13
1250,2300,1775,2014/08/14
1200,2250,1725,2014/08/16
1250,2500,1875,2014/08/17
1250,2500,1875,2014/08/18
1250,2500,1875,2014/08/19
1200,2200,1700,2014/08/20
1200,2200,1700,2014/08/21
1250,2300,1775,2014/08/23
1250,2300,1775,2014/08/24
1250,2300,1775,2014/08/25
1250,2300,1775,2014/08/26
1200,2200,1700,2014/08/28
1200,2200,1700,2014/08/30
1300,2400,1850,2014/08/31
1300,2400,1850,2014/09/01
1300,2500,1900,2014/09/02
1250,2400,1825,2014/09/03
1250,2400,1825,2014/09/04
1250,2250,1750,2014/09/06
1250,2250,1750,2014/09/07
1250,2400,1825,2014/09/08
1200,2400,1800,2014/09/09
1250,2400,1825,2014/09/10
1250,2400,1825,2014/09/11
1300,2500,1900,2014/09/13
1300,2500,1900,2014/09/14
1300,2600,1950,2014/09/15
1300,2600,1950,2014/09/16
1300,2600,1950,2014/09/17
1250,2500,1875,2014/09/18
1200,2500,1850,2014/09/20
1250,2400,1825,2014/09/21
1250,2400,1825,2014/09/22
1200,2400,1800,2014/09/24
1250,2400,1825,2014/09/25
1200,2500,1850,2014/09/27
1300,2500,1900,2014/09/28
1300,2400,1850,2014/09/29
1300,2400,1850,2014/09/30
1300,2600,1950,2014/10/01
1250,2500,1875,2014/10/02
1250,2500,1875,2014/10/04
1250,2500,1875,2014/10/05
1200,2400,1800,2014/10/07
1250,2450,1850,2014/10/08
1250,2400,1825,2014/10/09
1250,2400,1825,2014/10/11
1250,2400,1825,2014/10/12
1300,2500,1900,2014/10/13
1300,2450,1875,2014/10/14
1250,2450,1850,2014/10/16
1250,2450,1850,2014/10/18
1200,2400,1800,2014/10/19
1200,2400,1800,2014/10/20
1300,2550,1925,2014/10/21
1300,2500,1900,2014/10/22
1300,2500,1900,2014/10/23
1300,2500,1900,2014/10/25
1400,2600,2000,2014/10/26
1400,2600,2000,2014/10/27
1400,2650,2025,2014/10/28
1400,2600,2000,2014/10/29
1300,2450,1875,2014/10/30
1300,2450,1875,2014/11/01
1400,2500,1950,2014/11/02
1400,2500,1950,2014/11/03
1400,2600,2000,2014/11/04
1400,2600,2000,2014/11/05
1500,2750,2125,2014/11/06
1500,2700,2100,2014/11/08
1500,2625,2062,2014/11/09
1500,2625,2062,2014/11/10
1500,2600,2050,2014/11/11
1500,2500,2000,2014/11/13
1500,2500,2000,2014/11/15
1500,2500,2000,2014/11/16
1400,2450,1925,2014/11/17
1400,2450,1925,2014/11/18
1400,2400,1900,2014/11/19
1400,2400,1900,2014/11/20
1400,2400,1900,2014/11/22
1250,2600,1925,2014/11/23
1300,2700,2000,2014/11/24
1300,2750,2025,2014/11/25
1300,2750,2025,2014/11/26
1300,2700,2000,2014/11/27
1300,2700,2000,2014/11/29
1300,2750,2025,2014/11/30
1300,2700,2000,2014/12/01
1400,2700,2050,2014/12/02
1400,2700,2050,2014/12/03
1300,2600,1950,2014/12/04
1300,2600,1950,2014/12/06
1250,2600,1925,2014/12/07
1250,2625,1937,2014/12/08
1200,2600,1900,2014/12/09
1250,2500,1875,2014/12/10
1250,2500,1875,2014/12/11
1250,2500,1875,2014/12/13
1000,2400,1700,2014/12/14
1000,2400,1700,2014/12/15
1000,2400,1700,2014/12/16
900,2400,1650,2014/12/17
900,2400,1650,2014/12/18
900,2100,1500,2014/12/21
900,2100,1500,2014/12/22
900,2100,1500,2014/12/23
1000,2150,1575,2014/12/24
1000,2150,1575,2014/12/25
1000,2100,1550,2014/12/27
800,1100,950,2014/12/28
800,1100,950,2014/12/29
800,1400,1100,2014/12/30
800,1400,1100,2014/12/31
800,1400,1100,2015/01/01
800,1400,1100,2015/01/03
800,1400,1100,2015/01/05
900,1300,1100,2015/01/06
900,1300,1100,2015/01/07
800,1200,1000,2015/01/08
800,1200,1000,2015/01/10
800,1400,1100,2015/01/11
800,1400,1100,2015/01/11
800,1400,1100,2015/01/12
800,1400,1100,2015/01/12
700,1150,925,2015/01/13
700,1150,925,2015/01/13
700,1150,925,2015/01/14
700,1150,925,2015/01/14
800,1200,1000,2015/01/15
800,1200,1000,2015/01/15
800,1200,1000,2015/01/17
800,1200,1000,2015/01/17
800,1250,1025,2015/01/18
800,1250,1025,2015/01/19
800,1200,1000,2015/01/20
850,1100,975,2015/01/21
850,1100,975,2015/01/22
800,1100,950,2015/01/24
750,1100,925,2015/01/25
750,1100,925,2015/01/27
750,1200,975,2015/01/28
750,1200,975,2015/01/29
750,1200,975,2015/01/31
750,1250,1000,2015/02/01
800,1250,1025,2015/02/02
800,1250,1050,2015/02/03
850,1250,1050,2015/02/04
850,1250,1050,2015/02/05
850,1250,1050,2015/02/07
800,1200,1000,2015/02/08
800,1200,1000,2015/02/09
800,1200,1000,2015/02/10
800,1100,950,2015/02/11
800,1100,950,2015/02/12
800,1100,950,2015/02/14
800,1100,950,2015/02/15
800,1100,950,2015/02/16
800,1100,950,2015/02/17
800,1100,950,2015/02/18
750,900,825,2015/02/22
750,900,825,2015/02/23
700,900,800,2015/02/25
700,900,800,2015/02/28
700,875,787,2015/03/01
600,900,750,2015/03/02
625,850,737,2015/03/03
600,800,700,2015/03/04
600,800,700,2015/03/05
600,800,700,2015/03/07
600,800,700,2015/03/08
700,1000,850,2015/03/09
700,1000,850,2015/03/10
700,1000,850,2015/03/11
700,1000,850,2015/03/12
700,1000,850,2015/03/14
700,1000,850,2015/03/15
700,1000,850,2015/03/16
700,1000,850,2015/03/17
700,900,800,2015/03/18
600,875,737,2015/03/19
600,875,737,2015/03/21
600,875,737,2015/03/22
600,875,737,2015/03/23
600,875,737,2015/03/24
600,900,750,2015/03/25
600,875,737,2015/03/26
600,875,737,2015/03/29
600,875,737,2015/03/30
600,875,737,2015/03/31
600,900,750,2015/04/01
600,900,750,2015/04/02
600,875,737,2015/04/04
600,875,737,2015/04/05
600,875,737,2015/04/06
600,875,737,2015/04/07
500,800,650,2015/04/08
500,800,650,2015/04/09
500,800,650,2015/04/11
500,750,625,2015/04/12
500,750,625,2015/04/13
500,750,625,2015/04/14
500,750,625,2015/04/15
500,750,625,2015/04/16
500,7500,625,2015/04/18
600,800,700,2015/04/19
600,800,700,2015/04/20
600,800,700,2015/04/21
600,800,700,2015/04/22
600,800,700,2015/04/23
600,800,700,2015/04/25
600,800,700,2015/04/26
500,800,650,2015/04/27
500,800,650,2015/04/28
500,800,650,2015/04/29
500,800,650,2015/04/30
500,800,650,2015/05/02
600,1000,800,2015/05/05
600,1000,800,2015/05/06
600,1000,800,2015/05/07
600,1000,800,2015/05/09
850,1050,950,2015/05/10
600,1000,800,2015/05/11
600,1000,800,2015/05/12
600,1000,800,2015/05/13
600,1000,800,2015/05/14
600,1000,800,2015/05/16
600,1000,800,2015/05/17
600,1050,825,2015/05/18
600,1050,825,2015/05/19
600,1050,825,2015/05/20
600,1050,825,2015/05/21
600,1050,825,2015/05/23
700,1000,850,2015/05/24
625,950,787,2015/05/25
625,950,787,2015/05/26
625,950,787,2015/05/27
625,950,787,2015/05/28
625,950,787,2015/05/30
625,950,787,2015/05/31
800,950,875,2015/06/01
800,950,875,2015/06/02
800,950,875,2015/06/03
800,950,875,2015/06/04
800,950,875,2015/06/06
800,950,875,2015/06/07
800,950,875,2015/06/08
800,950,875,2015/06/09
800,900,850,2015/06/10
800,900,850,2015/06/11
900,1000,950,2015/06/13
900,1000,950,2015/06/14
900,1000,950,2015/06/15
900,1000,950,2015/06/16
900,1000,950,2015/06/17
900,1000,975,2015/06/18
900,1000,950,2015/06/20
800,950,900,2015/06/21
800,900,875,2015/06/22
800,900,875,2015/06/23
800,900,875,2015/06/24
800,900,875,2015/06/25
800,900,875,2015/06/27
700,950,850,2015/06/28
700,950,825,2015/06/29
700,950,825,2015/06/30
700,900,850,2015/07/01
700,900,850,2015/07/02
700,900,850,2015/07/04
700,900,850,2015/07/05
700,900,850,2015/07/06
700,900,850,2015/07/07
700,900,850,2015/07/08
700,900,850,2015/07/09
700,900,850,2015/07/11
750,900,862,2015/07/12
750,900,862,2015/07/13
750,900,862,2015/07/14
750,900,862,2015/07/15
750,900,862,2015/07/16
750,950,900,2015/07/20
750,900,862,2015/07/21
750,900,862,2015/07/22
750,900,862,2015/07/23
750,900,862,2015/07/25
700,900,850,2015/07/26
700,900,850,2015/07/27
700,900,850,2015/07/28
700,900,850,2015/07/29
700,900,850,2015/07/30
700,900,850,2015/08/01
600,850,787,2015/08/02
600,850,787,2015/08/03
600,800,750,2015/08/04
600,800,750,2015/08/05
600,800,750,2015/08/06
600,800,750,2015/08/08
500,800,725,2015/08/09
500,800,725,2015/08/10
500,750,687,2015/08/11
500,750,687,2015/08/12
500,750,687,2015/08/13
500,750,687,2015/08/16
600,850,787,2015/08/17
600,850,787,2015/08/18
600,850,787,2015/08/19
600,850,787,2015/08/20
600,850,787,2015/08/22
600,900,825,2015/08/23
600,900,825,2015/08/24
600,900,825,2015/08/25
600,900,825,2015/08/26
600,850,787,2015/08/27
600,850,787,2015/08/29
600,800,750,2015/08/30
600,800,750,2015/08/31
600,850,787,2015/09/01
600,850,787,2015/09/02
600,850,787,2015/09/03
600,850,787,2015/09/05
600,850,787,2015/09/06
600,900,825,2015/09/07
600,900,825,2015/09/08
600,850,800,2015/09/09
600,850,800,2015/09/10
600,850,800,2015/09/12
600,850,787,2015/09/13
600,900,825,2015/09/15
600,850,787,2015/09/16
600,850,787,2015/09/17
600,850,787,2015/09/19
600,875,806,2015/09/20
600,875,806,2015/09/21
600,875,806,2015/09/22
600,900,825,2015/09/23
600,900,825,2015/09/24
600,900,825,2015/09/26
700,900,850,2015/09/27
700,900,850,2015/09/28
700,9000,850,2015/09/29
700,900,850,2015/09/30
700,900,850,2015/10/01
700,900,850,2015/10/03
800,1200,1100,2015/10/04
800,1250,1137,2015/10/05
800,1250,1137,2015/10/06
800,1250,1137,2015/10/07
600,900,825,2015/10/08
600,900,825,2015/10/10
600,900,825,2015/10/11
600,900,825,2015/10/12
600,950,862,2015/10/14
600,950,862,2015/10/15
600,950,862,2015/10/17
600,950,862,2015/10/18
600,950,862,2015/10/19
600,950,862,2015/10/20
700,1100,1000,2015/10/21
700,1100,1000,2015/10/24
700,1100,1000,2015/10/26
700,1175,1056,2015/10/27
700,1200,1075,2015/10/28
700,1200,1075,2015/10/29
700,950,887,2015/10/31
700,950,887,2015/11/01
700,950,887,2015/11/02
700,950,887,2015/11/03
700,1200,1075,2015/11/04
700,1200,1075,2015/11/05
700,1200,1075,2015/11/07
750,1100,1012,2015/11/08
750,1100,1012,2015/11/09
750,1100,1012,2015/11/10
750,1100,1012,2015/11/14
700,1200,1075,2015/11/15
700,1200,1075,2015/11/16
700,1200,1075,2015/11/17
900,1250,1162,2015/11/18
900,1200,1162,2015/11/19
800,1100,1025,2015/11/23
800,1100,1025,2015/11/25
700,1050,962,2015/11/28
800,1050,987,2015/11/29
800,1050,987,2015/11/30
