Min Price redchili,Max Price redchili,Modal Price redchili,Price Date
1100,3100,2100,2005/01/01
1100,3100,2100,2005/01/03
1300,3200,2100,2005/01/05
1300,3200,2100,2005/01/06
1300,3200,2100,2005/01/07
1300,3200,2250,2005/01/08
1300,3200,2250,2005/01/10
1200,2700,1950,2005/01/11
1200,2700,1950,2005/01/12
1200,2700,1950,2005/01/13
1200,2700,1950,2005/01/14
1200,2700,1950,2005/01/15
1200,2700,1950,2005/01/17
1300,3000,2150,2005/01/18
1300,3000,2150,2005/01/19
1300,3000,2150,2005/01/20
1300,3000,2150,2005/01/21
1300,3000,2150,2005/01/22
1300,3000,2150,2005/01/24
1300,3200,2250,2005/01/25
1300,3200,2150,2005/01/27
1300,3200,2250,2005/01/28
1300,3200,2250,2005/01/29
1300,3200,2250,2005/01/31
1300,3100,2200,2005/02/01
1300,3100,2200,2005/02/02
1300,3100,2200,2005/02/03
1300,3100,2200,2005/02/04
1300,3100,2200,2005/02/05
1300,3100,2200,2005/02/07
1500,3000,2250,2005/02/08
1500,3000,2250,2005/02/09
1500,3000,2250,2005/02/10
1500,3000,2250,2005/02/11
1500,3000,2250,2005/02/12
1500,3000,2250,2005/02/14
1300,2800,2050,2005/02/15
1300,2800,2050,2005/02/16
1300,2800,2050,2005/02/17
1300,2800,2050,2005/02/18
1300,2800,2050,2005/02/19
1300,2800,2050,2005/02/21
1200,2500,1850,2005/02/22
1200,2500,1850,2005/02/23
1200,2500,1850,2005/02/24
1200,2500,1850,2005/02/25
1200,2500,1850,2005/02/26
1100,2700,1900,2005/03/01
1100,2700,1900,2005/03/02
1100,2700,1900,2005/03/03
1100,2700,1900,2005/03/04
1100,2700,1900,2005/03/05
1100,2700,1900,2005/03/07
1200,2800,2000,2005/03/08
1200,2800,2000,2005/03/09
1200,2800,2000,2005/03/10
1200,2800,2000,2005/03/11
1200,2800,2000,2005/03/12
1200,2800,2000,2005/03/14
1300,2700,2000,2005/03/15
1300,2700,2000,2005/03/16
1300,2700,2000,2005/03/17
1300,2700,2000,2005/03/18
1300,2700,2000,2005/03/19
1300,2700,2000,2005/03/21
1400,2800,2100,2005/03/22
1400,2800,2100,2005/03/23
1400,2800,2100,2005/03/24
1400,2800,2100,2005/03/25
1400,2800,2100,2005/03/28
1300,2500,1900,2005/03/29
1300,2500,1900,2005/03/30
1300,2500,1900,2005/03/31
1300,2500,1900,2005/04/01
1300,2500,1900,2005/04/02
1300,2500,1900,2005/04/04
800,2000,1400,2005/05/13
800,2000,1400,2005/05/14
700,2200,1450,2005/06/11
700,2200,1450,2005/06/13
800,2300,1550,2005/06/14
800,2300,1550,2005/06/15
800,2300,1550,2005/06/16
800,2300,1550,2005/06/18
800,2300,1550,2005/06/20
600,2000,1300,2005/07/05
600,2000,1300,2005/07/06
600,2000,1300,2005/07/08
600,2000,1300,2005/07/09
700,2200,1450,2005/08/17
800,2200,1500,2005/09/24
800,2200,1500,2005/09/26
800,2200,1500,2005/09/28
800,2200,1500,2005/09/29
1100,2600,1850,2005/10/04
1100,2600,1850,2005/10/06
1100,2600,1850,2005/10/07
1100,2600,1850,2005/10/08
1100,2600,1850,2005/10/10
1100,2600,1850,2005/10/11
1100,2600,1850,2005/10/13
1100,2600,1850,2005/10/14
1100,2600,1850,2005/10/15
1100,2600,1850,2005/10/17
1200,2800,2000,2005/10/18
1200,2800,2000,2005/10/19
1200,2800,2000,2005/10/20
1200,2800,2000,2005/10/21
1200,2800,2000,2005/10/22
1200,2800,2000,2005/10/24
1200,2800,2000,2005/10/25
1200,2800,2000,2005/10/26
1200,2800,2000,2005/10/27
1200,2800,2000,2005/10/28
1200,2800,2000,2005/10/29
1200,2800,2000,2005/10/31
1400,3100,2250,2005/11/07
1500,3500,2500,2005/11/08
1500,3500,2500,2005/11/10
1500,3500,2500,2005/11/11
1500,3500,2500,2005/11/12
1500,3500,2500,2005/11/14
1300,3300,2300,2005/11/15
1300,3300,2300,2005/11/16
1300,3300,2300,2005/11/17
1300,3300,2300,2005/11/18
1300,3300,2300,2005/11/19
1300,3300,2300,2005/11/21
1100,3200,2150,2005/11/22
1100,3200,2150,2005/11/23
1100,3200,2150,2005/11/24
1100,3200,2150,2005/11/25
1100,3200,2150,2005/11/26
1100,3200,2150,2005/11/28
1000,3100,2050,2005/11/29
1000,3100,2050,2005/11/30
1000,3100,2050,2005/12/01
1000,3100,2050,2005/12/02
1000,3100,2050,2005/12/03
1000,3100,2050,2005/12/05
1000,3100,2050,2005/12/06
1000,3100,2050,2005/12/07
1000,3100,2050,2005/12/08
1000,3100,2050,2005/12/09
1000,3100,2050,2005/12/10
1000,3100,2050,2005/12/12
1000,3100,2050,2005/12/13
1100,3100,2050,2005/12/14
1100,3100,2050,2005/12/15
1100,3100,2050,2005/12/16
1100,3100,2050,2005/12/17
1100,3100,2050,2005/12/19
1000,2900,1950,2005/12/20
1000,2900,1950,2005/12/21
1000,2900,1950,2005/12/22
1000,2900,1950,2005/12/23
1000,2900,1950,2005/12/24
1000,2900,1950,2005/12/26
1000,2800,1900,2005/12/27
1000,2800,1900,2005/12/28
1000,2800,1900,2005/12/29
1000,2800,1900,2005/12/30
1000,2800,1900,2006/01/02
1000,2800,1900,2006/01/03
1000,2800,1900,2006/01/04
1000,2800,1900,2006/01/05
1000,2800,1950,2006/01/06
1000,2800,1900,2006/01/07
1000,2800,1900,2006/01/09
1000,2800,1900,2006/01/10
1000,2800,1900,2006/01/11
1000,2800,1900,2006/01/12
1000,2800,1900,2006/01/13
1000,2800,1900,2006/01/14
1000,2800,1900,2006/01/16
1500,3100,2300,2006/01/17
1500,3100,2300,2006/01/18
1500,3100,2300,2006/01/19
1500,3100,2300,2006/01/20
1500,3100,2300,2006/01/21
1500,3100,2300,2006/01/23
1400,3200,2300,2006/01/24
1400,3200,2300,2006/01/25
1400,3200,2300,2006/01/27
1400,3200,2300,2006/01/28
1400,3200,2300,2006/01/30
1200,3400,2300,2006/01/31
1200,3400,2300,2006/02/01
1200,3400,2300,2006/02/02
1200,3400,2300,2006/02/03
1200,3400,2300,2006/02/04
1200,3400,2300,2006/02/06
1200,3400,2300,2006/02/07
1200,3400,2300,2006/02/08
1200,3400,2300,2006/02/09
1200,3400,2300,2006/02/10
1200,3400,2300,2006/02/11
1200,3400,2300,2006/02/13
1200,3300,2250,2006/02/14
1200,3300,2250,2006/02/15
1200,3300,2250,2006/02/16
1200,3300,2250,2006/02/17
1200,3300,2250,2006/02/18
1200,3300,2250,2006/02/20
1200,3400,2300,2006/02/21
1200,3400,2300,2006/02/22
1200,3400,2300,2006/02/23
1200,3400,2300,2006/02/24
1200,3400,2300,2006/02/25
1200,3400,2300,2006/02/27
1500,3600,2550,2006/02/28
1500,3600,2550,2006/03/01
1500,3600,2550,2006/03/02
1500,3600,2550,2006/03/03
1500,3600,2550,2006/03/04
1500,3600,2550,2006/03/06
2000,4100,3050,2006/03/07
2000,4100,3050,2006/03/08
2000,4100,3050,2006/03/09
2000,4100,3050,2006/03/10
2000,4100,3050,2006/03/11
2000,4100,3050,2006/03/13
2000,4000,3000,2006/03/14
2000,4000,3000,2006/03/16
2000,4000,3000,2006/03/17
2000,4000,3000,2006/03/18
2000,4000,3000,2006/03/20
2000,4000,3000,2006/03/21
2000,4000,3000,2006/03/22
2000,4000,3000,2006/03/23
2000,4000,3000,2006/03/24
2000,4000,3000,2006/03/25
2000,4000,3000,2006/03/27
2000,4000,3000,2006/03/28
2000,4000,3000,2006/03/29
2000,4000,3000,2006/03/31
2000,4000,3000,2006/04/01
2000,4000,3000,2006/04/03
2000,4000,3000,2006/04/04
2000,4000,3000,2006/04/05
2000,4000,3000,2006/04/07
2000,4000,3000,2006/04/08
2000,4000,3000,2006/04/10
2000,4000,3000,2006/04/11
2000,4000,3000,2006/04/12
2000,4000,3000,2006/04/13
2000,4000,3000,2006/04/15
2000,4000,3000,2006/04/18
2000,4000,3000,2006/04/19
2000,4000,3000,2006/04/20
2000,4000,3000,2006/04/21
2000,4000,3000,2006/04/22
2000,4000,3000,2006/04/24
2200,4800,3500,2006/05/16
2200,4800,3500,2006/05/17
2200,4800,3500,2006/05/18
2200,4800,3500,2006/05/19
2200,4800,3500,2006/05/20
2200,4800,3500,2006/05/22
2100,5000,3550,2006/05/23
2100,5000,3550,2006/05/24
2100,5000,3550,2006/05/26
2100,5000,3550,2006/05/27
2100,5000,3550,2006/05/29
2100,5100,3600,2006/05/30
2100,5100,3600,2006/06/03
2100,5100,3600,2006/06/05
2100,5100,3600,2006/06/06
2100,5100,3600,2006/06/07
2100,5100,3600,2006/06/08
2100,5100,3600,2006/06/09
2100,5100,3600,2006/06/12
2000,4900,3450,2006/06/13
2000,4900,3450,2006/06/14
2000,4900,3450,2006/06/15
2000,4900,3450,2006/06/16
2000,4900,3450,2006/06/17
2000,4900,3450,2006/06/19
2000,5000,3500,2006/06/20
2000,5000,3500,2006/06/21
2000,5000,3500,2006/06/22
2000,5000,3500,2006/06/23
2000,5000,3500,2006/06/24
2000,5000,3500,2006/06/26
2000,5000,3500,2006/06/27
2000,5000,3500,2006/06/28
2000,5000,3500,2006/06/29
2000,5000,3500,2006/06/30
2000,5000,3500,2006/07/01
1900,3900,3400,2006/07/15
1900,3900,3400,2006/07/17
1900,3900,3400,2006/07/18
1900,3900,3400,2006/07/19
1900,3900,3400,2006/07/20
1900,4900,3400,2006/07/21
1900,4900,3400,2006/07/22
1900,4900,3400,2006/07/24
1900,4900,3400,2006/07/25
1900,4900,3400,2006/07/26
1900,4900,3400,2006/07/27
1900,4900,3400,2006/07/28
1900,4900,3400,2006/07/29
1900,4900,3400,2006/07/31
1900,4900,3400,2006/08/01
1900,4900,3400,2006/08/02
1900,4900,3400,2006/08/03
1900,4900,3400,2006/08/04
1900,4900,3400,2006/08/05
1900,4900,3400,2006/08/07
1900,4900,3400,2006/08/08
1900,4900,3400,2006/08/09
1900,4900,3400,2006/08/10
1900,4900,3400,2006/08/11
1900,4900,3400,2006/08/12
1900,4900,3400,2006/08/14
1900,4900,3400,2006/08/16
1900,4900,3400,2006/08/17
1900,4900,3400,2006/08/18
1900,4900,3400,2006/08/19
1900,4900,3400,2006/08/21
2600,5600,4100,2006/08/22
2600,5600,4100,2006/08/23
2600,5600,4100,2006/08/25
2600,5600,4100,2006/08/26
2600,5600,4100,2006/08/28
2500,5500,4000,2006/08/29
2500,5500,4000,2006/08/30
2500,5500,4000,2006/08/31
2500,5500,4000,2006/09/01
2500,5500,4000,2006/09/02
2500,5500,4000,2006/09/04
3000,5900,4450,2006/09/05
3000,5900,4450,2006/09/06
3000,5900,4450,2006/09/07
3000,5900,4450,2006/09/08
3000,5900,4450,2006/09/09
3000,5900,4450,2006/09/11
3000,6200,4600,2006/09/12
3000,6200,4600,2006/09/13
3000,6200,4600,2006/09/14
3000,6200,4600,2006/09/15
3000,6200,4600,2006/09/16
3000,6200,4600,2006/09/18
3000,6200,4600,2006/09/19
3000,6200,4600,2006/09/20
3000,6200,4600,2006/09/21
3000,6200,4600,2006/09/23
3000,6200,4600,2006/09/25
3000,6200,4600,2006/09/26
3000,6200,4600,2006/09/27
3000,6200,4600,2006/09/28
3000,6200,4600,2006/09/30
3000,6200,4600,2006/10/03
3000,6200,4600,2006/10/04
3000,6200,4600,2006/10/05
3000,6200,4600,2006/10/06
3000,6200,4600,2006/10/07
3000,6400,4700,2006/10/10
3000,6400,4700,2006/10/11
3000,6400,4700,2006/10/12
3000,6400,4700,2006/10/13
3000,6400,4700,2006/10/14
3000,6400,4700,2006/10/16
3000,6100,4550,2006/10/17
3000,6100,5440,2006/10/18
3000,6100,4550,2006/10/19
3000,6100,4550,2006/10/20
3000,6100,4550,2006/10/24
3000,6100,4550,2006/10/26
3000,6100,4550,2006/10/27
3000,6100,4550,2006/10/30
3000,6400,4700,2006/10/31
3000,6400,4700,2006/11/01
3000,6400,4700,2006/11/02
3000,6400,4700,2006/11/03
3000,6400,4700,2006/11/04
3000,6400,4700,2006/11/06
3000,6400,4700,2006/11/07
3000,6400,4700,2006/11/08
3000,6400,4700,2006/11/09
3000,6400,4700,2006/11/10
3000,6400,4700,2006/11/11
3000,6400,4700,2006/11/13
3200,6800,5000,2006/11/14
3200,6800,5000,2006/11/15
3200,6800,5000,2006/11/16
3200,6800,5000,2006/11/17
3200,6800,5000,2006/11/18
3200,6800,5000,2006/11/20
3200,6800,5000,2006/11/28
3200,6800,5000,2006/11/29
3200,6800,5000,2006/11/30
3100,6700,4900,2006/12/12
3100,6700,4900,2006/12/13
3100,6700,4900,2006/12/14
3100,6700,4900,2006/12/18
3100,6700,4900,2006/12/19
3100,6700,4900,2006/12/20
3100,6700,4900,2006/12/21
3100,6700,4900,2006/12/22
2800,6000,4400,2007/01/15
2600,6400,4500,2007/01/16
2600,6400,4500,2007/01/17
2600,6400,4500,2007/01/18
2600,6400,4500,2007/01/19
2600,6400,4500,2007/01/20
2600,6400,4500,2007/01/22
2500,6000,4250,2007/01/23
2400,2500,2450,2007/01/24
2500,6000,4250,2007/01/25
2500,6000,4250,2007/01/31
2500,5400,3950,2007/02/06
2500,5400,3950,2007/02/07
2500,5400,3950,2007/02/08
2500,5400,3950,2007/02/09
2500,5400,3950,2007/02/10
2500,5400,3950,2007/02/12
2100,4200,3150,2007/02/13
2100,4200,3150,2007/02/14
2100,4200,3150,2007/02/17
2100,4200,3150,2007/02/19
2100,4300,3200,2007/02/20
2100,4600,3600,2007/02/21
2100,4300,3200,2007/02/22
2100,4300,3250,2007/02/23
2100,4300,3200,2007/02/24
2100,4300,3200,2007/02/26
2100,4400,3250,2007/02/27
2100,4400,3250,2007/02/28
2100,4400,3250,2007/03/01
2100,4400,3250,2007/03/02
2100,4400,3250,2007/03/03
2200,4600,3400,2007/03/05
2200,4600,3400,2007/03/06
2200,4600,3400,2007/03/08
2200,4600,3400,2007/03/09
2200,4600,3400,2007/03/10
2200,4600,3400,2007/03/11
2400,4800,3600,2007/03/12
2400,4800,3600,2007/03/13
2400,4800,3600,2007/03/14
2400,4800,3600,2007/03/18
2800,5600,4200,2007/03/19
2800,5600,4200,2007/03/21
2800,5600,4200,2007/03/22
2800,5600,4200,2007/03/23
2800,5600,4200,2007/03/24
2800,5600,4200,2007/03/25
2800,5400,4100,2007/03/31
2800,5600,4200,2007/04/02
2800,4600,4200,2007/04/04
2800,5600,4200,2007/04/05
2800,5600,4200,2007/04/06
2800,5600,4200,2007/04/07
2800,5600,4200,2007/04/08
2800,5600,4200,2007/04/10
2800,5600,4200,2007/04/11
2800,5600,4200,2007/04/13
2800,5600,4200,2007/04/14
2600,5400,4000,2007/04/16
2600,5400,4000,2007/04/17
2600,5400,4000,2007/04/18
2600,5400,4000,2007/04/19
2600,5600,4000,2007/04/20
2600,5400,4000,2007/04/21
2600,5400,4000,2007/04/22
2200,5400,4200,2007/04/23
2600,5400,4000,2007/04/24
2300,4600,3450,2007/05/04
2300,4600,3450,2007/05/05
2300,4600,3450,2007/05/06
2300,4600,3450,2007/05/07
2300,4600,3450,2007/05/08
2300,4600,3450,2007/05/09
2300,4600,3450,2007/05/10
2300,4600,3450,2007/05/11
2300,4600,3450,2007/05/12
2300,4600,3450,2007/05/14
2300,4600,3450,2007/05/15
2300,4600,3450,2007/05/17
2300,4600,3450,2007/05/18
2300,4600,3450,2007/05/20
2400,4800,3750,2007/05/21
2400,4800,3700,2007/05/22
2400,4800,3600,2007/05/24
2400,4800,3600,2007/05/25
2400,4800,2650,2007/05/26
2400,4800,3600,2007/05/29
2400,4800,3600,2007/05/31
2400,4800,3600,2007/06/01
2400,4800,3600,2007/06/02
2400,4800,3600,2007/06/04
2400,4800,3600,2007/06/05
2400,4800,3600,2007/06/06
2400,4800,3600,2007/06/07
2400,4800,3600,2007/06/08
2400,4800,3600,2007/06/11
2400,4800,3600,2007/06/12
2400,4800,3600,2007/06/14
2200,4400,3300,2007/07/02
2200,4400,3300,2007/07/04
2200,4400,3300,2007/07/05
2200,4400,3300,2007/07/06
2200,4400,3300,2007/07/07
2200,4400,3300,2007/07/09
2000,4300,3150,2007/07/10
2000,4300,3150,2007/07/11
2000,4300,3150,2007/07/12
2000,4300,3150,2007/07/13
2000,4300,3150,2007/07/14
2000,4200,3100,2007/07/20
2000,4200,3100,2007/07/21
2000,4200,3100,2007/07/23
2000,4200,3100,2007/07/24
2000,4200,3150,2007/07/25
2000,4200,3100,2007/07/26
2000,4200,3100,2007/07/30
2000,4200,3100,2007/08/01
2000,4200,3100,2007/08/02
2000,4200,3100,2007/08/03
2000,4200,3100,2007/08/06
2000,4200,3100,2007/08/07
2000,4200,3100,2007/08/08
2000,4200,3100,2007/08/09
2000,4200,3100,2007/08/10
2000,4200,3100,2007/08/11
2000,4200,3100,2007/08/13
1900,4400,3150,2007/08/14
1900,4400,3100,2007/08/16
1900,4400,3150,2007/08/19
2000,4600,3300,2007/08/20
2000,4600,3300,2007/08/24
2000,4600,3300,2007/08/25
2200,4600,3200,2007/08/27
2200,4600,3150,2007/08/28
2200,4600,3150,2007/08/29
2000,4600,3300,2007/08/30
2000,4600,3300,2007/08/31
2200,4600,3150,2007/09/01
2000,4600,3300,2007/09/03
2000,4600,3300,2007/09/09
2000,4600,3300,2007/09/10
2000,4600,3300,2007/09/12
2200,4200,3300,2007/09/13
2000,4600,3200,2007/09/15
2000,4500,3250,2007/09/17
2000,4500,3250,2007/09/18
2000,4500,3250,2007/09/19
2000,4500,3250,2007/09/20
2000,4200,3250,2007/09/21
2000,4500,3200,2007/09/22
2000,4500,3200,2007/09/23
2000,4500,3200,2007/09/24
2000,4500,3200,2007/09/25
2000,4500,3200,2007/09/26
2000,4500,3250,2007/09/27
2000,4500,3250,2007/09/29
2000,4500,3250,2007/10/01
2000,4500,3250,2007/10/03
2000,4500,3250,2007/10/04
2000,4500,3250,2007/10/06
1800,4200,3050,2007/10/08
2000,4300,3350,2007/10/09
1800,4300,3050,2007/10/11
1800,4300,3050,2007/10/12
1800,4300,3050,2007/10/13
1800,4200,3000,2007/10/18
1800,4200,3000,2007/10/19
1800,4200,3000,2007/10/20
1800,4200,3000,2007/10/21
1800,4200,3000,2007/10/23
1800,4200,3000,2007/10/25
1800,4200,3000,2007/10/26
2000,4400,3200,2007/10/27
1800,4200,3000,2007/10/29
2000,4400,3200,2007/10/30
2000,4400,3200,2007/10/31
2000,4400,3200,2007/11/03
2000,4400,3200,2007/11/05
2000,4400,3200,2007/11/06
2000,4400,3200,2007/11/07
2000,4400,3200,2007/11/10
2000,4400,3200,2007/11/11
2000,4400,3250,2007/11/13
2000,4400,3200,2007/11/15
2000,4400,3200,2007/11/16
2000,4400,3200,2007/11/17
2000,4400,3200,2007/11/18
2000,4400,3200,2007/11/19
2000,4400,3200,2007/11/20
2000,4400,3200,2007/11/23
2000,4400,3200,2007/11/24
2000,4200,3100,2007/12/04
2000,4200,3100,2007/12/05
2000,4200,3100,2007/12/07
2000,4200,3100,2007/12/08
2000,4000,3000,2007/12/10
2000,4000,3000,2007/12/11
1800,3900,2850,2007/12/20
1800,3900,2850,2007/12/22
1800,3900,2850,2007/12/24
1700,4000,2850,2007/12/25
1700,4000,2850,2007/12/26
1700,4000,2850,2007/12/27
1700,4000,2850,2007/12/29
1700,4000,2850,2007/12/31
1700,4000,2850,2008/01/03
1700,4000,2850,2008/01/07
1900,4000,2950,2008/01/08
1900,4000,2950,2008/01/09
1900,4000,2950,2008/01/11
1900,4000,2950,2008/01/12
1900,4000,2950,2008/01/14
1900,4000,2950,2008/01/15
1900,4000,2950,2008/01/17
1900,4000,2950,2008/01/18
1900,4000,2950,2008/01/21
2000,3900,2950,2008/01/22
2000,3900,2950,2008/01/23
2000,3900,2950,2008/01/25
2000,3900,2950,2008/01/28
2000,4200,3100,2008/01/29
2000,4200,3100,2008/01/30
2000,4200,3100,2008/01/31
2000,4200,3100,2008/02/01
2000,4200,3100,2008/02/02
2000,4300,3150,2008/02/11
2100,4400,3250,2008/02/12
2100,4400,3250,2008/02/13
2100,4400,3250,2008/02/15
2100,4400,3250,2008/02/18
2000,4000,3000,2008/02/19
2000,4000,3000,2008/02/20
2000,4000,3000,2008/02/21
2000,4000,3000,2008/02/22
2000,4000,3000,2008/02/23
2000,4000,3000,2008/02/25
2000,4000,3000,2008/02/26
2000,4000,3000,2008/02/27
2000,4000,3000,2008/02/28
2000,4000,3000,2008/02/29
2000,4000,3000,2008/03/03
2100,4100,3100,2008/03/04
2100,4100,3100,2008/03/05
2100,4100,3100,2008/03/06
2100,4100,3100,2008/03/08
2300,4300,3300,2008/03/12
2300,4300,3300,2008/03/13
2300,4300,3300,2008/03/14
2300,4300,3300,2008/03/15
2300,4300,3300,2008/03/17
2100,4000,3050,2008/03/18
2100,4000,3050,2008/03/19
2100,4000,3050,2008/03/20
2100,4000,3050,2008/03/21
2100,4000,3050,2008/03/24
2100,4100,3100,2008/03/25
2100,4100,3100,2008/03/26
2100,4100,3100,2008/03/27
2100,4100,3100,2008/03/28
2100,4100,3100,2008/03/29
2100,4100,3100,2008/03/31
2100,4100,3100,2008/04/01
2100,4100,3100,2008/04/02
2100,4100,3100,2008/04/03
2100,4100,3100,2008/04/07
2100,4100,3100,2008/04/08
2100,4100,3100,2008/04/09
2100,4100,3100,2008/04/14
2200,4200,3200,2008/04/15
2200,4200,3200,2008/04/16
2200,4200,3200,2008/04/17
2200,4200,3200,2008/04/18
2200,4200,3200,2008/04/19
2200,4200,3200,2008/04/21
2200,4230,3250,2008/04/22
2200,4300,3250,2008/04/23
2200,4300,3250,2008/04/24
2200,4300,3250,2008/04/25
2200,4300,3250,2008/04/26
2200,4300,3250,2008/04/28
2100,4100,3100,2008/04/29
2100,4100,3100,2008/04/30
2100,4100,3100,2008/05/02
2100,4100,3100,2008/05/03
2100,4100,3100,2008/05/05
2400,4400,3400,2008/05/06
2400,4400,3400,2008/05/07
2400,4400,3400,2008/05/08
2400,4400,3400,2008/05/09
2400,4400,3400,2008/05/10
2400,4400,3400,2008/05/12
2400,4800,3600,2008/05/13
2400,4800,3600,2008/05/14
2400,4800,3600,2008/05/15
2400,4800,3600,2008/05/16
2400,4800,3600,2008/05/17
2200,4600,3400,2008/05/26
2300,4600,3500,2008/05/27
2300,4600,3500,2008/05/28
2300,4700,3500,2008/05/29
2300,4700,3500,2008/05/30
2300,4700,3500,2008/05/31
2300,4600,3500,2008/06/02
2300,4700,3500,2008/06/03
2300,4700,3500,2008/06/04
2300,4700,3500,2008/06/05
2300,4700,3500,2008/06/07
2300,4700,3500,2008/06/09
2400,4800,3600,2008/06/10
2400,4800,3600,2008/06/11
2400,4800,3600,2008/06/12
2400,4800,3600,2008/06/13
2400,4800,3600,2008/06/16
2500,5500,4000,2008/06/17
2500,5500,4000,2008/06/18
2500,5500,4000,2008/06/19
2500,5500,4000,2008/06/20
2500,5500,4000,2008/06/21
2500,5500,4000,2008/06/23
2400,4800,3600,2008/06/24
2400,4800,3600,2008/06/25
2400,4800,3600,2008/06/26
2400,4800,3600,2008/06/27
2400,4800,3600,2008/06/28
2400,4800,3600,2008/06/30
2300,4700,3500,2008/07/01
2300,4700,3500,2008/07/02
2300,4700,3500,2008/07/03
2300,4700,3500,2008/07/04
2300,4700,3500,2008/07/05
2300,4700,3500,2008/07/07
2200,4600,3400,2008/07/11
2200,4600,3400,2008/07/12
2200,4600,3400,2008/07/14
2200,4800,3500,2008/07/15
2200,4800,3500,2008/07/16
2200,4800,3500,2008/07/17
2200,4800,3500,2008/07/19
2200,4800,3500,2008/07/21
2200,4600,3400,2008/07/22
2200,4600,3400,2008/07/23
2200,4600,3400,2008/07/24
2200,4600,3400,2008/07/25
2200,4600,3400,2008/07/28
2200,4600,3400,2008/08/01
2200,4600,3400,2008/08/02
2200,4600,3400,2008/08/04
2200,4600,3400,2008/08/07
2200,4600,3400,2008/08/08
2200,4600,3400,2008/08/09
2200,4600,3400,2008/08/25
2200,4600,3400,2008/08/26
2200,4600,3400,2008/08/27
2200,4600,3400,2008/08/29
2200,4600,3400,2008/08/30
2200,4600,3400,2008/09/01
2100,4500,3300,2008/09/06
2100,4500,3300,2008/09/08
2100,4500,3300,2008/09/09
2100,4500,3300,2008/09/10
2100,4500,3300,2008/09/11
2100,4500,3300,2008/09/12
2100,4500,3300,2008/09/13
2100,4500,3300,2008/09/15
2100,4500,3300,2008/09/16
2100,4500,3300,2008/09/18
2100,4500,3300,2008/09/20
2100,4500,3300,2008/09/22
2100,4500,3300,2008/09/23
2100,4500,3300,2008/09/24
2100,4500,3300,2008/09/25
2100,4500,3300,2008/09/27
2100,4500,3300,2008/09/29
2100,4500,3300,2008/09/30
2100,4500,3300,2008/10/01
2100,4500,3300,2008/10/03
2100,4500,3300,2008/10/06
2000,4400,3200,2008/10/07
2000,4400,3200,2008/10/08
2000,4400,3200,2008/10/10
2000,4400,3200,2008/10/11
2100,4600,3350,2008/10/24
2100,4600,3350,2008/10/25
2100,4600,3350,2008/10/27
2100,4600,3350,2008/10/28
2100,4600,3350,2008/10/30
2100,4600,3350,2008/11/03
2100,4700,3400,2008/11/04
2100,4700,3400,2008/11/05
2100,4700,3400,2008/11/06
2100,4700,3400,2008/11/07
2100,4700,3400,2008/11/08
2100,4700,3400,2008/11/10
2100,4700,3400,2008/11/11
2100,4700,3400,2008/11/12
2100,4700,3400,2008/11/14
2100,4700,3400,2008/11/17
2100,5200,3650,2008/11/18
2100,5200,3650,2008/11/20
2100,5200,3650,2008/11/24
2200,5300,3750,2008/11/25
2200,5300,3750,2008/11/26
2200,5300,3750,2008/11/27
2200,5300,3750,2008/11/28
2200,5300,3750,2008/12/01
2100,5600,3850,2008/12/02
2100,5600,3850,2008/12/03
2100,5600,3850,2008/12/05
2100,5600,3850,2008/12/06
2100,5600,3850,2008/12/08
2000,5400,3700,2008/12/10
2000,5400,3700,2008/12/11
2000,5400,3600,2008/12/12
2000,5400,3700,2008/12/13
2000,5400,3700,2008/12/15
2000,5100,3550,2008/12/16
2000,5100,3550,2008/12/17
2000,5100,3550,2008/12/18
2000,5100,3550,2008/12/20
2000,5100,3550,2008/12/22
2500,5800,4150,2008/12/23
2500,5800,4150,2008/12/24
2500,5800,4150,2008/12/26
2500,5800,4150,2008/12/27
2500,5800,4150,2008/12/29
2300,5600,3950,2008/12/30
2300,5600,3950,2008/12/31
2300,5600,3950,2009/01/01
2300,5600,3950,2009/01/02
2300,5600,3950,2009/01/03
2300,5600,3950,2009/01/05
2400,5000,3700,2009/01/06
2400,5000,3700,2009/01/07
2400,5000,3700,2009/01/08
2400,5000,3700,2009/01/09
2400,5000,3600,2009/01/10
2300,5000,3650,2009/01/27
2300,5000,3650,2009/01/28
2300,5000,3650,2009/01/29
2300,5000,3650,2009/01/30
2300,5000,3650,2009/01/31
2300,5000,3650,2009/02/02
2300,5000,3650,2009/02/03
2300,5000,3650,2009/02/04
2300,5000,3650,2009/02/05
2300,5000,3650,2009/02/06
2300,5000,3650,2009/02/07
2300,5000,3650,2009/02/09
2300,4900,3650,2009/02/10
2300,4900,3600,2009/02/11
2300,4900,3650,2009/02/12
2300,4900,3600,2009/02/13
2300,4900,3600,2009/02/14
2300,4900,3600,2009/02/16
2500,5100,3800,2009/02/17
2500,5100,3800,2009/02/18
2500,5100,3800,2009/02/19
2500,5100,3800,2009/02/20
2500,5100,3800,2009/02/22
2500,5100,3800,2009/02/23
2500,5100,3800,2009/02/24
2500,5100,3800,2009/02/25
2500,5100,3800,2009/02/26
2500,5100,3800,2009/02/27
2500,5100,3800,2009/02/28
2500,5100,3800,2009/03/02
2500,5100,3800,2009/03/03
2500,5100,3800,2009/03/04
2500,5100,3800,2009/03/05
2500,5100,3800,2009/03/06
2500,5100,3800,2009/03/07
2500,5100,3800,2009/03/09
2400,5000,3700,2009/03/10
2400,5000,3700,2009/03/12
2400,5000,3600,2009/03/13
2400,5000,3600,2009/03/14
2400,5000,3600,2009/03/16
2400,5200,3800,2009/03/17
2400,5200,3800,2009/03/18
2400,5200,3800,2009/03/19
2400,5200,3800,2009/03/20
2400,5200,3800,2009/03/21
2400,5200,3800,2009/03/23
2500,5500,4000,2009/03/24
2500,5500,4000,2009/03/25
2500,5500,4000,2009/03/26
2500,5500,4000,2009/03/28
2500,5500,4000,2009/03/30
2300,5200,3750,2009/03/31
2300,5200,3750,2009/04/01
2300,5200,3750,2009/04/02
2300,5200,3750,2009/04/03
2300,5200,3750,2009/04/04
2300,5200,3750,2009/04/06
2300,5300,3800,2009/04/07
2300,5300,3800,2009/04/08
2300,5300,3800,2009/04/09
2300,5300,3800,2009/04/10
2300,5300,3800,2009/04/11
2300,5300,3800,2009/04/13
2300,5300,3800,2009/04/15
2300,5300,3800,2009/04/17
2300,5300,3800,2009/04/18
2300,5300,3800,2009/04/20
2200,5000,3600,2009/04/21
2200,5000,3600,2009/04/22
2200,5000,3600,2009/04/23
2200,5000,3600,2009/04/24
2200,5000,3600,2009/04/25
2200,5000,3600,2009/04/27
2100,4700,3400,2009/04/28
2100,4700,3400,2009/04/29
2100,4700,3400,2009/04/30
2100,4700,3400,2009/05/02
2100,4700,3400,2009/05/04
2100,4600,3350,2009/05/05
2100,4600,3350,2009/05/06
2100,4600,3350,2009/05/07
2100,4600,3350,2009/05/08
2400,4800,3600,2009/05/12
2400,4800,3600,2009/05/13
2400,4800,3600,2009/05/14
2400,4800,3600,2009/05/15
2400,4800,3600,2009/05/18
2400,4800,3600,2009/05/19
2400,4800,3600,2009/05/20
2400,4800,3600,2009/05/21
2400,4800,3600,2009/05/22
2400,4800,3600,2009/05/23
2400,4800,3600,2009/05/25
2400,4800,3600,2009/05/26
2400,4800,3600,2009/05/28
2400,4800,3600,2009/05/29
2400,4800,3600,2009/05/30
2400,4800,3600,2009/06/01
2400,4800,3600,2009/06/02
2400,4800,3600,2009/06/03
2400,4800,3600,2009/06/04
2400,4800,3600,2009/06/05
2400,4800,3600,2009/06/06
2400,4800,3600,2009/06/08
2400,4800,3600,2009/06/09
2400,4800,3600,2009/06/10
2400,4800,3600,2009/06/11
2400,4800,3600,2009/06/12
2400,4800,3600,2009/06/13
2400,4800,3600,2009/06/15
2400,4800,3600,2009/06/16
2400,4800,3600,2009/06/17
2400,4800,3600,2009/06/18
2400,4800,3600,2009/06/19
2400,4800,3600,2009/06/20
2400,4800,3600,2009/06/22
2400,4800,3600,2009/06/23
2400,4800,3600,2009/06/24
2400,4800,3600,2009/06/26
2400,4800,3600,2009/06/29
2400,4800,3600,2009/06/30
2400,4800,3600,2009/07/01
2400,4800,3600,2009/07/02
2400,4800,3600,2009/07/03
2400,4800,3600,2009/07/04
2400,4800,3600,2009/07/06
2400,4800,3600,2009/07/07
2400,4800,3600,2009/07/08
2400,4800,3600,2009/07/09
2400,4800,3600,2009/07/10
2400,4800,3600,2009/07/13
2400,4800,3600,2009/07/14
2400,4800,3600,2009/07/15
2400,4800,3600,2009/07/17
2400,4800,3600,2009/07/18
2400,4800,3600,2009/07/20
2600,5200,3900,2009/07/21
2600,5200,3900,2009/07/22
2600,5200,3900,2009/07/23
2600,5200,3900,2009/07/24
2600,5200,3900,2009/07/25
2600,5200,3900,2009/07/27
2600,5200,3900,2009/07/28
2600,5200,3900,2009/07/29
2600,5200,3900,2009/07/31
2600,5200,3900,2009/08/01
2600,5200,3900,2009/08/03
2600,5200,3900,2009/08/04
2600,5200,3900,2009/08/06
2600,5200,0,2009/08/10
2600,5400,0,2009/08/11
2600,5400,4000,2009/08/13
2600,5400,4000,2009/08/14
2600,4500,4000,2009/08/17
2600,5400,4000,2009/08/18
2600,5400,4000,2009/08/20
2600,5400,4000,2009/08/22
2600,5400,4000,2009/08/24
2600,5400,4000,2009/08/25
2600,5400,4000,2009/08/26
2600,5400,4000,2009/08/27
2600,5400,4000,2009/08/31
2600,5400,4000,2009/09/01
2600,5400,4000,2009/09/02
2600,5400,4000,2009/09/03
2600,5400,4000,2009/09/04
2600,5400,4000,2009/09/05
2600,5400,4000,2009/09/07
2600,5400,4000,2009/09/08
2600,5400,4000,2009/09/09
2600,5400,4000,2009/09/10
2600,5400,4000,2009/09/11
2600,5400,4000,2009/09/12
2600,5400,4000,2009/09/14
2600,5400,4000,2009/09/15
2600,5400,4000,2009/09/16
2600,5400,4000,2009/09/17
2600,5400,4000,2009/09/19
2600,5400,4000,2009/09/21
2600,5400,4000,2009/09/22
2600,5400,4000,2009/09/23
2600,5400,4000,2009/09/24
2600,5400,4000,2009/09/25
2600,5400,4000,2009/09/26
2600,5400,4000,2009/09/29
2600,5400,4000,2009/09/30
2600,5400,4000,2009/10/01
2600,5400,4000,2009/10/05
2700,5500,4100,2009/10/06
2700,5500,4100,2009/10/07
2700,5500,4100,2009/10/08
2700,5500,4100,2009/10/09
2700,5500,4100,2009/10/10
2700,5500,4100,2009/10/12
2900,5700,4300,2009/10/14
2900,5700,4300,2009/10/15
2900,5700,4300,2009/10/16
2900,5700,4300,2009/10/17
2900,5700,4300,2009/10/19
2900,5700,4300,2009/10/20
2900,5700,4300,2009/10/21
2900,5700,4300,2009/10/22
2900,5700,4300,2009/10/23
2900,5700,4300,2009/10/24
2900,5700,4300,2009/10/26
4200,5700,4300,2009/10/27
2900,5700,4300,2009/10/28
2900,5700,4300,2009/11/02
3100,6200,4650,2009/11/03
3100,6200,4650,2009/11/04
1200,1400,1300,2009/11/04
3100,6200,4650,2009/11/05
3100,6200,4650,2009/11/06
3100,6200,4650,2009/11/07
3100,6200,4650,2009/11/09
3000,6000,4500,2009/11/10
3000,6000,4500,2009/11/11
3000,6000,4500,2009/11/12
3000,6000,4500,2009/11/13
3000,6000,4500,2009/11/14
3000,6000,4500,2009/11/16
3000,6000,4500,2009/11/17
3000,6000,4500,2009/11/18
3000,6000,4500,2009/11/19
3000,6000,4500,2009/11/20
3000,6000,4500,2009/11/21
3000,6000,4500,2009/11/23
3000,6000,4500,2009/11/24
3000,6000,4500,2009/11/25
3000,6000,4500,2009/11/26
3000,6000,4500,2009/11/27
3000,6000,4500,2009/11/30
3000,6000,4500,2009/12/01
3000,6000,4500,2009/12/02
3000,6000,4500,2009/12/03
3000,6000,4500,2009/12/04
3000,6000,4500,2009/12/05
3000,6000,4500,2009/12/07
3000,6000,4500,2009/12/08
3000,6000,4500,2009/12/09
3000,6000,4500,2009/12/10
3000,6000,4500,2009/12/11
3000,6000,4500,2009/12/12
3000,6000,4500,2009/12/14
3100,5700,4400,2009/12/15
3100,5700,4400,2009/12/16
3100,5700,4400,2009/12/17
3100,5700,4400,2009/12/18
3100,5700,4400,2009/12/19
3100,5700,4400,2009/12/21
4500,5800,5150,2009/12/22
4500,5800,5150,2009/12/23
4500,5800,5150,2009/12/24
4500,5800,5150,2009/12/25
4500,5800,5150,2009/12/26
4300,5700,5000,2009/12/29
4300,5700,5000,2009/12/30
4300,5700,5000,2009/12/31
4300,5700,5000,2010/01/01
4300,5700,5000,2010/01/02
4300,5700,5000,2010/01/04
4300,5700,5000,2010/01/05
4300,5700,5000,2010/01/06
4300,5700,5000,2010/01/08
4300,5700,5000,2010/01/09
4300,5700,5000,2010/01/11
3100,4700,3900,2010/01/12
3100,4700,3900,2010/01/13
3100,4700,3900,2010/01/14
3100,4700,3900,2010/01/15
3100,4700,3900,2010/01/16
3100,4700,3900,2010/01/18
2500,4700,3600,2010/01/19
2500,4700,3600,2010/01/20
2500,4700,3600,2010/01/21
2500,4700,3600,2010/01/22
2500,4700,3600,2010/01/23
2500,4700,3600,2010/01/25
2500,4700,3600,2010/01/27
2500,4700,3600,2010/01/28
2500,4700,3600,2010/01/29
2500,4700,3600,2010/01/30
2500,4700,3600,2010/02/01
2500,4700,3600,2010/02/02
2500,4700,3600,2010/02/03
2500,4700,3600,2010/02/04
2500,4700,3600,2010/02/05
2500,4700,3600,2010/02/06
2500,4700,3600,2010/02/08
2400,4800,3600,2010/02/09
2400,4800,3600,2010/02/10
2400,4800,3600,2010/02/11
2400,4800,3600,2010/02/12
2400,4800,3600,2010/02/13
2400,4800,3600,2010/02/15
2400,4800,3600,2010/02/16
2400,4800,3600,2010/02/17
2400,4800,3600,2010/02/18
2400,4800,3600,2010/02/19
2400,4800,3600,2010/02/20
2400,4800,3600,2010/02/22
2400,4600,3500,2010/02/23
2400,4600,3500,2010/02/24
2400,4600,3500,2010/02/25
2400,4600,3500,2010/02/26
2400,4600,3500,2010/03/02
2400,4600,3500,2010/03/03
2400,4600,3500,2010/03/04
2400,4600,3500,2010/03/05
2400,4600,3500,2010/03/06
2400,4600,3500,2010/03/08
2400,4800,3600,2010/03/09
2400,4800,3600,2010/03/10
2400,4800,3600,2010/03/11
2400,4800,3600,2010/03/12
2400,4800,3600,2010/03/13
2400,4800,3600,2010/03/15
2500,4900,3600,2010/03/16
2500,4900,3700,2010/03/17
2500,4900,3700,2010/03/18
2500,4900,3700,2010/03/19
2500,4900,3700,2010/03/20
2500,4900,3700,2010/03/22
2500,4900,3700,2010/03/23
2500,4900,3700,2010/03/24
2500,4900,3700,2010/03/25
2500,4900,3700,2010/03/26
2500,4900,3700,2010/03/27
2500,4900,3700,2010/03/29
2400,4800,3600,2010/03/30
2400,4800,3600,2010/03/31
2400,4800,3600,2010/04/01
2400,4800,3600,2010/04/02
2400,4800,3600,2010/04/03
2400,4800,3600,2010/04/05
2400,4800,3600,2010/04/06
2400,4800,3600,2010/04/07
2400,4800,3600,2010/04/08
2400,4800,3600,2010/04/09
2400,4800,3600,2010/04/10
2400,4800,3600,2010/04/12
2300,4700,3500,2010/04/13
2300,4700,3500,2010/04/14
2300,4700,3500,2010/04/15
2300,4700,3500,2010/04/16
2300,4700,3500,2010/04/17
2300,4700,3500,2010/04/19
2300,4700,3500,2010/04/20
2300,4700,3500,2010/04/21
2300,4700,3500,2010/04/22
2300,4700,3500,2010/04/23
2300,4700,3500,2010/04/24
2300,4700,3500,2010/04/26
2300,4700,3500,2010/04/27
2300,4700,3500,2010/04/28
2300,4700,3500,2010/04/29
2300,4700,3500,2010/04/30
2300,4700,3500,2010/05/03
2000,4400,3200,2010/05/04
2000,4400,3200,2010/05/05
2000,4400,3200,2010/05/06
2000,4400,3200,2010/05/07
2000,4400,3200,2010/05/08
2000,4400,3200,2010/05/10
2000,4400,3200,2010/05/11
2000,4400,3200,2010/05/12
2000,4400,3200,2010/05/13
2000,4400,3200,2010/05/14
2000,4400,3200,2010/05/15
2000,4400,3200,2010/05/17
2000,4400,3200,2010/05/18
2000,4400,3200,2010/05/19
2000,4400,3200,2010/05/20
2000,4400,3200,2010/05/21
2000,4400,3200,2010/05/22
2000,4400,3200,2010/05/24
2000,4400,3200,2010/05/25
2000,4400,3200,2010/05/26
2000,4400,3200,2010/05/27
2000,4400,3200,2010/05/28
2000,4400,3200,2010/05/29
2000,4400,3200,2010/05/31
2000,4400,3200,2010/06/01
2000,4400,3200,2010/06/02
2000,4400,3200,2010/06/03
2000,4400,3200,2010/06/04
2000,4400,3200,2010/06/05
2000,4400,3200,2010/06/07
3500,6000,4750,2010/06/08
3500,6000,4750,2010/06/09
3500,6000,4750,2010/06/10
3500,6000,4750,2010/06/11
3500,6000,4750,2010/06/14
3500,6000,4750,2010/06/15
3500,6000,4750,2010/06/16
3500,6000,4750,2010/06/17
3500,6000,4750,2010/06/18
3500,6000,4750,2010/06/19
3500,6000,4750,2010/06/21
3500,6000,4750,2010/06/22
3500,6000,4750,2010/06/23
3500,6000,4750,2010/06/24
3500,6000,4750,2010/06/25
3500,6000,4750,2010/06/26
3500,6000,4750,2010/06/28
3500,6000,4750,2010/06/29
3500,6000,4750,2010/06/30
3500,6000,4750,2010/07/01
3500,6000,4750,2010/07/02
3500,6000,4750,2010/07/03
3500,6000,4750,2010/07/05
3500,6000,4750,2010/07/06
3500,6000,4750,2010/07/07
3500,6000,4750,2010/07/08
3500,6000,4750,2010/07/09
3500,6000,4750,2010/07/10
3500,6000,4750,2010/07/12
3500,6000,4750,2010/07/13
3500,6000,4750,2010/07/14
3500,6000,4750,2010/07/15
3500,6000,4750,2010/07/16
3500,6000,4750,2010/07/17
3500,6000,4750,2010/07/19
3500,6000,4750,2010/07/20
3500,6000,4750,2010/07/21
3500,6000,4750,2010/07/22
3500,6000,4750,2010/07/23
3500,6000,4750,2010/07/24
3500,6000,4750,2010/07/26
3500,6000,4750,2010/07/27
3500,6000,4750,2010/07/29
3500,6000,4750,2010/07/30
3500,6000,4750,2010/07/31
3500,6000,4750,2010/08/02
3500,6000,4750,2010/08/03
3500,6000,4750,2010/08/04
3500,6000,4750,2010/08/05
3500,6000,4750,2010/08/06
3500,6000,4750,2010/08/07
3500,6000,4750,2010/08/09
3000,5000,4000,2010/08/10
3000,5000,4000,2010/08/11
3000,5000,4000,2010/08/12
3000,5000,4000,2010/08/13
3000,5000,4000,2010/08/14
3000,5000,4000,2010/08/16
3000,5000,4000,2010/08/17
3000,5000,4000,2010/08/18
3000,5000,4000,2010/08/19
3000,5000,4000,2010/08/20
3000,5000,4000,2010/08/21
3000,5000,4000,2010/08/23
3000,5000,4000,2010/08/24
3000,5000,4000,2010/08/25
3000,5000,4000,2010/08/26
3000,5000,4000,2010/08/27
3000,5000,4000,2010/08/28
3000,5000,4000,2010/08/30
3000,5000,4000,2010/08/31
3000,5000,4000,2010/09/01
3000,5000,4000,2010/09/02
3000,5000,4000,2010/09/03
3000,5000,4000,2010/09/04
3000,5000,4000,2010/09/06
3000,5000,4000,2010/09/07
3000,5000,4000,2010/09/08
3000,5000,4000,2010/09/13
3000,5000,4000,2010/09/14
3000,5000,4000,2010/09/15
3000,5000,4000,2010/09/16
3000,5000,4000,2010/09/17
3000,5000,4000,2010/09/18
3000,5000,4000,2010/09/20
3000,5000,4000,2010/09/21
3000,5000,4000,2010/09/22
3000,5000,4000,2010/09/23
3000,5000,4000,2010/09/24
3000,5000,4000,2010/09/25
3000,5000,4000,2010/09/27
3000,5000,4000,2010/09/28
3000,5000,4000,2010/09/29
3000,5000,4000,2010/09/30
3000,5000,4000,2010/10/04
3000,5000,4000,2010/10/05
3000,5000,4000,2010/10/06
3000,5000,4000,2010/10/08
3000,5000,4000,2010/10/09
3000,5000,4000,2010/10/11
3000,5000,4000,2010/10/12
3000,5000,4000,2010/10/13
3000,5000,4000,2010/10/14
3000,5000,4000,2010/10/16
3000,5000,4000,2010/10/18
3000,5000,4000,2010/10/19
3000,5000,4000,2010/10/20
3000,5000,4000,2010/10/21
3000,5000,4000,2010/10/22
3000,5000,4000,2010/10/23
3000,5000,4000,2010/10/25
3000,5000,4000,2010/10/26
3000,5000,4000,2010/10/27
3000,5000,4000,2010/10/29
3000,5000,4000,2010/10/30
3000,5000,4000,2010/11/01
3000,6000,4500,2010/11/02
3000,6000,4500,2010/11/03
3000,6000,4500,2010/11/04
3000,6000,4500,2010/11/08
3000,6000,4500,2010/11/09
3000,6000,4500,2010/11/11
3000,6000,4500,2010/11/12
3000,6000,4500,2010/11/13
3000,6000,4500,2010/11/15
4000,7000,5500,2010/11/16
4000,6000,5000,2010/11/18
4000,6000,5000,2010/11/19
4000,6000,5000,2010/11/20
4000,6000,5000,2010/11/22
4000,6000,5500,2010/11/23
4000,6000,5000,2010/11/24
4000,6000,5000,2010/11/25
4000,6000,5000,2010/11/26
4000,6000,5000,2010/11/27
4000,6000,5000,2010/11/29
4000,6000,5000,2010/11/30
4000,6000,5000,2010/12/01
4000,6000,5000,2010/12/02
4000,6000,5000,2010/12/03
4000,6000,5000,2010/12/04
4000,6000,5000,2010/12/06
4000,7000,5500,2010/12/07
4000,7000,5500,2010/12/08
4000,7000,5500,2010/12/09
4000,7000,5500,2010/12/10
4000,7000,5500,2010/12/11
4000,7000,5500,2010/12/13
4000,7000,5500,2010/12/14
4000,7000,5500,2010/12/15
4000,7000,5500,2010/12/16
4000,7000,5500,2010/12/20
4000,7000,5500,2010/12/21
4000,7000,5500,2010/12/22
4000,7000,5500,2010/12/24
4000,7000,5500,2010/12/27
5000,8500,6750,2010/12/28
5000,8500,6750,2010/12/29
5000,8500,6750,2010/12/31
5000,8500,6750,2011/01/03
5000,8500,6750,2011/01/04
5000,8500,6750,2011/01/06
5000,8500,6750,2011/01/07
5000,8500,6750,2011/01/08
5000,8500,6750,2011/01/10
5000,8500,6750,2011/01/11
5000,8500,6750,2011/01/12
5000,8500,6750,2011/01/14
5000,8500,6750,2011/01/15
5000,8500,6750,2011/01/18
5000,8500,6750,2011/01/19
5000,8500,6750,2011/01/20
5000,8500,6750,2011/01/21
5000,8500,6750,2011/01/22
5000,8500,6750,2011/01/24
5000,8500,6750,2011/01/25
5000,8500,6750,2011/01/27
5000,8500,6750,2011/01/28
5000,8500,6750,2011/01/29
5000,8500,6750,2011/01/31
5000,8500,6750,2011/02/01
5000,8500,6750,2011/02/02
5000,8500,6750,2011/02/03
5000,8500,6750,2011/02/04
5000,8500,6750,2011/02/05
5000,8500,6750,2011/02/07
7500,9000,8250,2011/02/08
7500,9000,8250,2011/02/09
7500,9000,8250,2011/02/10
7500,9000,8250,2011/02/11
7500,9000,8250,2011/02/12
7500,9000,8520,2011/02/14
7500,9000,8250,2011/02/15
7500,9000,8250,2011/02/17
7500,9000,8250,2011/02/18
7500,9000,8250,2011/02/21
7500,9000,8250,2011/02/22
7500,9000,8250,2011/02/23
7500,9000,8250,2011/02/24
7500,9000,8250,2011/02/25
7500,9000,8250,2011/02/26
7500,9000,8250,2011/02/28
7500,9000,8250,2011/03/01
7500,9000,8250,2011/03/02
7500,9000,8250,2011/03/03
7500,9000,8250,2011/03/04
7500,9000,8250,2011/03/05
7500,9000,8250,2011/03/07
7500,9000,8250,2011/03/08
7500,9000,8250,2011/03/09
7500,9000,8250,2011/03/10
7500,9000,8250,2011/03/11
7500,9000,8250,2011/03/14
7500,9000,8250,2011/03/15
7500,9000,8250,2011/03/16
7500,9000,8250,2011/03/17
7500,9000,8250,2011/03/18
7500,9000,8250,2011/03/19
7500,9000,8250,2011/03/21
7500,9000,8250,2011/03/22
7500,9000,8250,2011/03/23
7500,9000,8250,2011/03/24
7500,9000,8250,2011/03/25
7500,9000,8250,2011/03/26
7500,9000,8250,2011/03/28
5500,8500,7000,2011/03/29
5500,8500,7000,2011/03/30
5500,8500,7000,2011/03/31
5500,8500,7000,2011/04/01
5500,8500,7500,2011/04/02
5500,8500,7000,2011/04/05
5500,8500,7000,2011/04/06
5500,8500,7000,2011/04/07
5500,8500,7000,2011/04/08
5500,8500,7000,2011/04/11
5500,8500,7000,2011/04/13
5500,8500,7000,2011/04/14
5500,8500,7000,2011/04/16
5500,8500,7000,2011/04/18
5500,8500,7000,2011/04/19
5500,8500,7000,2011/04/20
5500,8500,7000,2011/04/21
5500,8500,7000,2011/04/23
5500,8500,7000,2011/04/25
5500,8500,7000,2011/04/26
5500,8500,7000,2011/04/27
5500,8500,7000,2011/04/28
5500,8500,7000,2011/04/29
5500,8500,7000,2011/04/30
5500,8500,7000,2011/05/02
5500,8500,7000,2011/05/03
5500,8500,7000,2011/05/04
5500,8500,7000,2011/05/09
5000,7500,6250,2011/05/10
5000,7500,6250,2011/05/11
5000,7500,6250,2011/05/12
5000,7500,6250,2011/05/13
5000,7500,6250,2011/05/14
5000,7500,6250,2011/05/16
6000,8500,7250,2011/06/08
6000,8500,7250,2011/06/09
6000,8500,7250,2011/06/10
6000,8500,7250,2011/06/11
6000,8500,7250,2011/06/13
6000,8500,7250,2011/06/14
6000,8500,7250,2011/06/15
6000,8500,7250,2011/06/16
6000,8500,7250,2011/06/17
6000,8500,7250,2011/06/20
4000,7500,5750,2011/06/21
4000,7500,5750,2011/06/22
4000,7500,5750,2011/06/23
4000,7500,5750,2011/06/24
4000,7500,5750,2011/06/25
4000,7500,5750,2011/06/27
4000,7500,5750,2011/06/28
4000,7500,5750,2011/06/29
4000,7500,5750,2011/07/02
4000,7500,5750,2011/07/04
4000,7500,5750,2011/07/05
4000,7500,5750,2011/07/06
4000,7500,5750,2011/07/08
4000,7500,5750,2011/07/09
4000,7500,5750,2011/07/11
4000,7500,5750,2011/07/12
4000,7500,5750,2011/07/13
4000,7500,5750,2011/07/14
4000,7500,5750,2011/07/15
4000,7500,5750,2011/07/16
4000,7500,5750,2011/07/18
4000,7500,5750,2011/07/19
4000,7500,5750,2011/07/20
4000,7500,5750,2011/07/21
4000,7500,5750,2011/07/22
4000,7500,5750,2011/07/26
4000,7500,5750,2011/07/27
4000,7500,5750,2011/07/28
4000,7500,5750,2011/07/29
4000,7500,5750,2011/07/30
4000,7500,5750,2011/08/01
4000,7500,5750,2011/08/02
4000,7500,5750,2011/08/03
4000,7500,5750,2011/08/19
4000,7500,5750,2011/08/22
7500,9500,8500,2011/08/23
7500,9500,8500,2011/08/24
7500,9500,8500,2011/08/25
7500,9500,8500,2011/08/26
7500,9500,8500,2011/08/27
7500,9500,8500,2011/08/29
7500,9500,8500,2011/08/30
7500,9500,8500,2011/09/03
7500,9500,8500,2011/09/05
7500,9500,8500,2011/09/06
7500,9500,8500,2011/09/07
7500,9500,8500,2011/09/08
7500,9500,8500,2011/09/09
7500,9500,8500,2011/09/10
7500,9500,8500,2011/09/12
7500,9500,8500,2011/09/13
7500,9500,8500,2011/09/14
7500,9500,8500,2011/09/16
7500,9500,8500,2011/09/17
7500,9500,8500,2011/09/19
7500,9500,8500,2011/09/20
7500,9500,8500,2011/09/22
7500,9500,8500,2011/09/23
7500,9500,8500,2011/09/24
7500,9500,8500,2011/09/26
7500,9500,8500,2011/09/28
7500,9500,8500,2011/09/30
7500,9500,8500,2011/10/01
7500,9500,8500,2011/10/03
7500,9500,8500,2011/10/05
7500,9500,8500,2011/10/07
7500,9500,8500,2011/10/10
7500,9500,8500,2011/10/11
7500,9500,8500,2011/10/12
7500,9500,8500,2011/10/13
7500,9500,8500,2011/10/14
7500,9500,8500,2011/10/15
7500,9500,8500,2011/10/17
6000,9000,7500,2011/10/18
6000,9000,7500,2011/10/19
6000,9000,7500,2011/10/21
6000,9000,7500,2011/10/22
6500,8500,7500,2011/10/25
6500,8500,7500,2011/10/26
6500,8500,7500,2011/10/29
6500,8500,7500,2011/11/01
6500,8500,7500,2011/11/02
4000,8500,6250,2011/11/03
4000,8500,6250,2011/11/04
6500,8500,7500,2011/11/08
4000,8500,6250,2011/11/21
3500,7500,5500,2011/11/22
3500,7500,5500,2011/11/23
3500,7500,5500,2011/11/25
3500,7500,5500,2011/11/26
3500,7500,5500,2011/11/28
3500,7000,5250,2011/11/29
3500,7000,5250,2011/11/30
3500,7000,5250,2011/12/01
3500,7000,5250,2011/12/02
3500,7000,5250,2011/12/03
3500,7000,5250,2011/12/05
3500,7000,5250,2011/12/06
3500,7000,5250,2011/12/07
3500,7000,5250,2011/12/08
3500,7000,5250,2011/12/09
3500,7000,5250,2011/12/10
3500,7000,5250,2011/12/12
3500,7000,5250,2011/12/13
3500,7000,5250,2011/12/14
3500,7000,5250,2011/12/15
3500,7000,5250,2011/12/16
3500,7000,5250,2011/12/17
3500,7000,5250,2011/12/19
3500,7000,5250,2011/12/20
3500,7000,5250,2011/12/21
3500,7000,5250,2011/12/22
3500,7000,5250,2011/12/23
3500,7000,5250,2011/12/24
3500,7000,5250,2011/12/26
3000,6500,4750,2011/12/27
3000,6500,4750,2011/12/28
3000,6500,4750,2011/12/29
3000,6500,4750,2011/12/30
3000,6500,4750,2011/12/31
3000,6500,4750,2012/01/02
3000,6500,4750,2012/01/03
3000,6500,4750,2012/01/16
3000,6500,4750,2012/01/18
3000,6500,4750,2012/01/19
3000,6500,4750,2012/01/20
3000,6500,4750,2012/01/21
3000,6500,4750,2012/01/23
3000,6200,4650,2012/01/24
3000,6200,4600,2012/01/25
3000,6200,4600,2012/01/27
3000,6200,4650,2012/01/28
3000,6200,4600,2012/01/30
3000,6200,4600,2012/02/01
3000,6200,4600,2012/02/02
3000,6200,4600,2012/02/03
3000,6200,4600,2012/02/04
3000,6200,4600,2012/02/06
2000,6000,4000,2012/02/07
2000,6000,4000,2012/02/08
2000,6000,4000,2012/02/09
2000,6000,4000,2012/02/10
2000,6000,4000,2012/02/11
2000,6000,4000,2012/02/13
2500,5800,4150,2012/02/14
2500,5800,4150,2012/02/15
2500,5800,4150,2012/02/17
2500,5800,4150,2012/02/18
2500,5800,4150,2012/02/20
2500,5800,4200,2012/02/21
2500,5800,4150,2012/02/23
2500,5800,4150,2012/02/24
2500,5800,4150,2012/02/25
2500,5800,4150,2012/02/27
2000,6000,4000,2012/02/28
2000,6000,4000,2012/02/29
2000,6000,4000,2012/03/01
2000,6000,4000,2012/03/03
2000,6000,5000,2012/03/05
2000,6000,4000,2012/03/06
2000,6000,4000,2012/03/07
2000,6000,4000,2012/03/09
2000,6000,4000,2012/03/10
2200,6000,4000,2012/03/12
2000,6000,4000,2012/03/13
2000,6000,4000,2012/03/14
2000,6000,4000,2012/03/15
2000,5800,3900,2012/03/19
2000,5800,3900,2012/03/20
2000,5800,3900,2012/03/21
2000,5800,3900,2012/03/22
2000,5800,3900,2012/03/24
2000,5500,3750,2012/03/26
2000,5500,3750,2012/03/27
2000,5500,3750,2012/03/28
2000,5500,3750,2012/03/29
2000,5500,3750,2012/03/31
2000,5200,3600,2012/04/02
2000,5200,3600,2012/04/03
2000,5200,3600,2012/04/04
2000,5200,3600,2012/04/05
2000,5200,3600,2012/04/07
2000,5200,3600,2012/04/09
2000,5200,3600,2012/04/10
2000,5200,3600,2012/04/11
2000,5200,3600,2012/04/12
2000,5200,3600,2012/04/13
2000,5200,3600,2012/04/14
2000,5500,3750,2012/04/16
2000,5500,3750,2012/04/17
2000,5500,3600,2012/04/18
2000,5500,3750,2012/04/19
2000,5500,3600,2012/04/21
1000,5000,3000,2012/04/23
1000,5000,3000,2012/04/24
1000,5000,3000,2012/04/25
1000,5000,3000,2012/04/26
1000,5000,3000,2012/04/27
3000,5000,4000,2012/04/30
3000,5000,4000,2012/05/02
3000,5000,4000,2012/05/03
3000,5000,4000,2012/05/04
3000,5000,4000,2012/05/05
3000,5000,4000,2012/05/07
3000,5000,4000,2012/05/08
3000,5000,4000,2012/05/09
3000,5000,4000,2012/05/10
3000,5000,4000,2012/05/12
3000,5200,4100,2012/05/14
3000,5200,4100,2012/05/15
3000,5200,4100,2012/05/16
3000,5200,4100,2012/05/17
3000,5200,4100,2012/05/18
3000,5200,4100,2012/05/19
3000,5400,4200,2012/05/21
3000,5400,3700,2012/05/22
3000,5400,4200,2012/05/23
3000,5400,4200,2012/05/25
3000,5400,4200,2012/05/26
3000,5400,4200,2012/05/28
3000,5400,4200,2012/05/29
3000,5400,4200,2012/05/30
3000,5400,4200,2012/05/31
3000,5400,4200,2012/06/01
3000,5400,4200,2012/06/02
3000,5400,4200,2012/06/04
1000,1200,1100,2012/06/04
3000,5400,4200,2012/06/05
3000,5400,4200,2012/06/06
3000,5400,4200,2012/06/07
3000,5400,4200,2012/06/08
3000,5400,4200,2012/06/09
3000,5400,4700,2012/06/12
3000,5400,4200,2012/06/14
3000,5400,4200,2012/06/15
3000,5400,4200,2012/06/16
3000,5400,4200,2012/06/18
3000,5400,4200,2012/06/19
3000,5400,4200,2012/06/21
3000,5400,4200,2012/06/22
3000,5400,4200,2012/06/23
3000,5400,4200,2012/06/24
3000,5200,4100,2012/06/25
3000,5200,4100,2012/06/26
3000,5200,4100,2012/06/27
3000,5200,4100,2012/06/28
3000,5200,4100,2012/06/29
3000,5200,4100,2012/06/30
3000,5200,4100,2012/07/02
3000,5200,4100,2012/07/03
3000,5200,4100,2012/07/04
3000,5200,4100,2012/07/05
3000,5200,4100,2012/07/06
3000,5200,4100,2012/07/07
3000,5200,4100,2012/07/09
3000,5200,4100,2012/07/10
3000,5200,4100,2012/07/11
3000,5200,4100,2012/07/12
3000,5200,4100,2012/07/13
3000,5200,4100,2012/07/14
3000,5200,4100,2012/07/16
3000,4200,4100,2012/07/17
3000,5200,4100,2012/07/19
3000,5200,4100,2012/07/20
3000,5200,4100,2012/07/21
3000,5200,4100,2012/07/23
3000,5200,4100,2012/07/24
3000,5200,4100,2012/07/25
3000,5200,4100,2012/07/26
3000,5000,4000,2012/08/06
3000,5000,4000,2012/08/07
3000,5000,4000,2012/08/08
3000,5000,4000,2012/08/09
3000,5000,4000,2012/08/10
3000,5000,4000,2012/08/11
3000,5000,4000,2012/08/13
3000,5000,4000,2012/08/16
3000,5000,4000,2012/08/18
3000,5000,4000,2012/08/19
3000,5000,4000,2012/08/20
3000,5000,4000,2012/08/21
3000,5000,4000,2012/08/22
3000,5000,4000,2012/08/23
3000,5000,4000,2012/08/24
3000,5000,4000,2012/08/25
3000,5000,4000,2012/08/27
3000,5000,4000,2012/08/28
3000,5000,4000,2012/08/29
3000,5000,4000,2012/08/30
3000,5000,4000,2012/09/01
3000,5000,4000,2012/09/03
3000,5000,4000,2012/09/04
3000,5000,4000,2012/09/05
3000,5000,4000,2012/09/06
3000,5000,4000,2012/09/07
3000,5000,4000,2012/09/08
3000,5200,4100,2012/09/10
3000,5200,4100,2012/09/11
3000,5200,4100,2012/09/12
3000,5200,4100,2012/09/13
3000,5200,4100,2012/09/14
3000,5200,4100,2012/09/15
3000,5200,4100,2012/09/17
3000,5200,4100,2012/09/18
3000,5200,4100,2012/09/20
3000,5200,4100,2012/09/21
3000,5200,4100,2012/09/22
3000,5200,4100,2012/09/24
3000,5200,4100,2012/09/25
3000,5200,4100,2012/09/26
3000,5200,4100,2012/09/27
3000,5200,4100,2012/09/28
3000,5200,4100,2012/09/29
3000,5200,4100,2012/10/01
3000,5200,4100,2012/10/02
3000,5200,4100,2012/10/03
3000,5200,4100,2012/10/04
3000,5200,4100,2012/10/05
3000,5200,4100,2012/10/06
3000,5200,4100,2012/10/08
3000,5200,4100,2012/10/09
3000,5200,4100,2012/10/10
3000,5200,4100,2012/10/11
3000,5200,4100,2012/10/12
3000,5000,4000,2012/10/13
3000,5000,4000,2012/10/15
3000,5000,4000,2012/10/16
3000,5000,4000,2012/10/17
3000,5000,4000,2012/10/18
3000,5000,4000,2012/10/19
3000,5000,4000,2012/10/20
3500,5200,4350,2012/10/22
3500,5200,4250,2012/10/23
3500,5200,4350,2012/10/25
3500,5200,4350,2012/10/26
3500,5200,4350,2012/10/27
3500,5200,4350,2012/10/28
3500,5200,4350,2012/10/29
3500,5200,4350,2012/10/30
3500,5200,4350,2012/10/31
3500,5200,4350,2012/11/01
3500,5200,4350,2012/11/03
3500,5400,4450,2012/11/05
3500,5400,4450,2012/11/06
3500,5400,4450,2012/11/07
3500,5400,4450,2012/11/08
3500,5400,4450,2012/11/09
3500,5400,4450,2012/11/11
3500,5400,4450,2012/11/12
3500,5400,4450,2012/11/15
3500,5400,4450,2012/11/16
3500,5400,4450,2012/11/17
3500,5400,4450,2012/11/19
3500,5400,4450,2012/11/20
3500,5400,4450,2012/11/21
3500,5400,4450,2012/11/22
3500,5400,4450,2012/11/23
3400,5400,4450,2012/11/24
3500,5400,4450,2012/11/26
3500,5400,4450,2012/11/27
3500,5400,4450,2012/11/28
3500,5400,4450,2012/11/29
3500,5400,4450,2012/11/30
3500,6000,4750,2012/12/03
3500,6000,4750,2012/12/04
3500,6000,4750,2012/12/05
3500,6000,4750,2012/12/06
3500,6000,4750,2012/12/07
3500,6000,4750,2012/12/08
3500,6000,4750,2012/12/10
3500,6000,4750,2012/12/11
3500,6000,4750,2012/12/12
3500,6000,4750,2012/12/13
3500,6000,4750,2012/12/14
3500,6000,4750,2012/12/15
3500,6000,4750,2012/12/17
3500,6000,4750,2012/12/18
3500,6000,4750,2012/12/20
3500,6000,4750,2012/12/21
3500,6000,4750,2012/12/22
3500,6000,4750,2012/12/24
3500,6000,4750,2012/12/25
3500,6000,4750,2012/12/26
3500,6000,4750,2012/12/27
3500,6000,4750,2012/12/28
3500,6000,4750,2012/12/29
3500,6000,4750,2012/12/31
3500,6000,4750,2013/01/01
3500,6000,4750,2013/01/02
3500,6000,4750,2013/01/03
3500,6000,4750,2013/01/04
3500,6000,4750,2013/01/05
3500,6000,4750,2013/01/07
3500,6000,4750,2013/01/08
3500,6000,4750,2013/01/09
3500,6000,4750,2013/01/10
3500,6000,4750,2013/01/11
3500,6000,4750,2013/01/12
4000,6500,5250,2013/01/14
4000,6500,5250,2013/01/15
4000,6500,5250,2013/01/16
4000,6500,5250,2013/01/17
4000,6500,4250,2013/01/18
4000,6500,5250,2013/01/19
4000,6500,5250,2013/01/21
4000,6500,5250,2013/01/22
4000,6500,5250,2013/01/23
4000,6500,5250,2013/01/24
4000,6500,5250,2013/01/25
4000,6500,5250,2013/01/30
4000,6500,5250,2013/01/31
4000,6500,5250,2013/02/01
4000,6500,5250,2013/02/02
4000,6500,5250,2013/02/03
4000,6500,5250,2013/02/14
4000,6500,5250,2013/02/15
4000,6500,5250,2013/02/16
4000,6500,5250,2013/02/18
4000,6500,5250,2013/02/19
4000,6500,5250,2013/02/20
4000,6500,5250,2013/02/21
4000,6500,5250,2013/02/23
4000,6500,5250,2013/02/25
4000,6500,5250,2013/02/26
4000,6500,5250,2013/02/27
4000,6500,5250,2013/03/09
4500,7000,5750,2013/03/11
4500,7000,5750,2013/03/12
4500,7000,5750,2013/03/13
4500,7000,5750,2013/03/14
4500,7000,5750,2013/03/15
4500,6000,5250,2013/03/18
4500,6000,5250,2013/03/19
4500,6000,5250,2013/03/21
4500,6500,5250,2013/03/22
4500,6000,5250,2013/03/23
4500,6000,5250,2013/03/25
4500,6000,5250,2013/03/28
4500,6000,5250,2013/03/29
4500,6000,5250,2013/03/30
4500,6000,5250,2013/04/01
4500,6000,5250,2013/04/02
4500,6000,5250,2013/04/03
4500,6000,5250,2013/04/04
4500,6000,5250,2013/04/05
4500,6000,5250,2013/04/06
4500,6000,5250,2013/04/09
4500,6000,5250,2013/04/12
4500,6000,5250,2013/04/13
5000,6500,5750,2013/04/16
5000,65000,5750,2013/04/17
5000,6500,5750,2013/04/18
5000,6500,5750,2013/04/19
5000,6500,5750,2013/04/20
5000,6500,5750,2013/05/02
5000,6500,5750,2013/05/03
5000,6500,5750,2013/05/04
5000,6500,5750,2013/05/06
5000,6500,5750,2013/05/07
4000,6000,5000,2013/06/05
4000,6000,5000,2013/06/06
4000,6000,5000,2013/06/07
4000,6000,5000,2013/06/08
3500,6000,4750,2013/06/10
3500,6000,4750,2013/06/11
3500,6000,4750,2013/06/12
3500,6000,4750,2013/06/13
3500,6000,4750,2013/06/15
3500,6000,4750,2013/06/17
3500,6000,4750,2013/06/18
3500,6000,4750,2013/06/29
3500,6000,4750,2013/07/01
3500,6000,4750,2013/07/02
3500,6000,4750,2013/07/03
3500,6000,4750,2013/07/04
3500,6000,4750,2013/07/05
3500,6000,4750,2013/07/06
3000,6000,4500,2013/07/08
3000,6000,4500,2013/07/09
3000,6000,4500,2013/07/10
3000,6000,4500,2013/07/14
3000,6000,4500,2013/07/15
3000,6000,4500,2013/07/16
3000,6000,4500,2013/07/17
3000,6000,4500,2013/07/18
3000,6000,4500,2013/07/19
3000,6000,4500,2013/07/20
3000,6000,4500,2013/07/22
3000,6000,4500,2013/07/23
3000,6000,4500,2013/07/24
3000,6000,4500,2013/07/25
3000,6000,4500,2013/07/30
3000,6000,4500,2013/07/31
3000,6000,4500,2013/08/01
3000,6000,4500,2013/08/02
4000,6000,5000,2013/10/08
4000,6000,5000,2013/10/09
4000,6000,5000,2013/10/10
3500,6000,4750,2013/10/14
3500,6000,4750,2013/10/15
3500,6000,4750,2013/10/17
3500,6000,4750,2013/10/21
3500,6000,4750,2013/10/22
3500,6000,4750,2013/10/23
3500,6000,4750,2013/10/26
3500,6000,4750,2013/10/27
4000,6500,5250,2013/10/28
4000,6500,5250,2013/10/29
4000,6000,5250,2013/10/30
4000,6500,5250,2013/10/31
4000,6000,5000,2013/11/01
4000,6500,5250,2013/11/02
4000,6500,5250,2013/11/05
4000,6500,5250,2013/11/06
4000,6500,5250,2013/11/07
4000,6500,5250,2013/11/08
4000,6500,5250,2013/11/09
4000,6500,5250,2013/11/11
4000,6500,5250,2013/11/12
4000,6500,5250,2013/11/14
4000,6500,5250,2013/11/15
4000,6500,5250,2013/11/16
4000,6500,5250,2013/11/17
4000,6500,5250,2013/11/18
4000,6500,5250,2013/11/20
4000,6500,5250,2013/11/21
4000,6500,5250,2013/11/23
4500,7000,5750,2013/11/30
5000,7500,6250,2013/12/02
5000,7500,6250,2013/12/03
5000,7500,6250,2013/12/04
5000,7000,6250,2013/12/05
5000,7500,6250,2013/12/06
5000,7500,6250,2013/12/24
5000,7500,6250,2013/12/25
5000,7500,6250,2013/12/30
5000,7500,6250,2014/01/01
5000,7500,6250,2014/01/03
5000,7500,6250,2014/01/04
5000,7500,6250,2014/01/06
5000,7500,6250,2014/01/08
5000,7500,6250,2014/01/09
5000,7500,6250,2014/01/13
5000,7500,6250,2014/01/15
5000,7500,6250,2014/01/16
5000,7500,6250,2014/01/17
5000,7500,6250,2014/01/18
5000,7500,6250,2014/01/20
5000,7500,6250,2014/01/21
5000,7500,6250,2014/01/22
5000,7500,6250,2014/01/23
5000,7500,6250,2014/01/25
5000,7500,6250,2014/01/27
5000,7500,6250,2014/01/28
5000,7500,6250,2014/01/30
5000,7500,6250,2014/01/31
5000,7500,6250,2014/02/01
5000,7500,6250,2014/02/04
5000,7500,6250,2014/02/05
5000,7500,6250,2014/02/06
5000,7500,6250,2014/02/07
5000,7500,6250,2014/02/08
5000,7500,6250,2014/02/10
5000,7500,6250,2014/02/12
5000,7500,6250,2014/02/13
5000,7500,6250,2014/02/14
5000,7500,6250,2014/02/15
5500,7750,6625,2014/02/21
5500,7750,6625,2014/02/24
5500,7750,6625,2014/02/25
5500,7750,6625,2014/02/26
5500,7750,6625,2014/02/27
5500,7750,6625,2014/03/01
5500,7750,6625,2014/03/03
4000,6500,5250,2014/03/28
5500,7000,6250,2014/04/01
5500,7000,6725,2014/04/03
5500,7000,6625,2014/04/07
5500,7000,6625,2014/04/09
5500,7000,6625,2014/04/12
5500,7000,6625,2014/04/13
5500,7000,6625,2014/04/14
5500,7000,6625,2014/04/15
5500,7000,6625,2014/04/16
5500,7000,6625,2014/04/17
4500,6500,5500,2014/04/24
4500,6500,5500,2014/04/25
4500,6500,5500,2014/04/29
4500,6500,5500,2014/04/30
4500,6500,5500,2014/05/03
4500,6000,5250,2014/05/05
4000,6000,5000,2014/05/06
4000,6000,5000,2014/05/07
4000,6000,5000,2014/05/09
4000,6000,5000,2014/05/10
4000,6000,5000,2014/05/17
4000,7000,5500,2014/05/19
4000,7000,5500,2014/05/20
4000,7000,5500,2014/05/21
4000,7000,5500,2014/05/23
4000,7000,5500,2014/05/24
4000,7000,5500,2014/05/26
4000,7000,5500,2014/05/27
4000,7000,5500,2014/05/28
4000,7000,5500,2014/05/29
4000,7000,5500,2014/05/31
4000,7000,5500,2014/06/02
4000,7000,5500,2014/06/03
4000,7000,5500,2014/06/04
4000,7000,5500,2014/06/05
4000,7000,5500,2014/06/06
4000,7000,5500,2014/06/07
5000,7500,6250,2014/06/09
5000,7500,6250,2014/06/10
5000,7500,6250,2014/06/11
5000,7500,6250,2014/06/12
5000,7500,6250,2014/06/13
5000,7500,6250,2014/06/14
5000,7500,6250,2014/06/16
5000,6500,6250,2014/06/17
5000,7500,6250,2014/06/18
5000,7500,6250,2014/06/19
5000,7500,6250,2014/06/20
5000,7500,6250,2014/06/21
5000,7500,6250,2014/06/23
5000,7500,6250,2014/06/25
5000,7500,6250,2014/06/26
5000,7500,6250,2014/06/27
5000,7500,6250,2014/06/28
5000,7500,6250,2014/06/29
5000,7500,6250,2014/06/30
5000,7500,6250,2014/07/01
5000,7500,6250,2014/07/02
5000,7500,6250,2014/07/03
5000,7500,6250,2014/07/04
5000,7500,6250,2014/07/05
5000,7500,6250,2014/07/07
5000,7500,6250,2014/07/08
5000,7500,6250,2014/07/09
5000,7500,6250,2014/07/10
5000,7500,6250,2014/07/11
5000,7500,6250,2014/07/12
5000,7500,6250,2014/07/14
5000,7500,6250,2014/07/15
5000,7500,6250,2014/07/16
5000,7500,6250,2014/07/17
5000,7500,6250,2014/07/18
5000,7500,6250,2014/07/19
5000,7500,6250,2014/07/21
5000,7500,6250,2014/07/22
5000,7500,6250,2014/07/23
5000,7500,6250,2014/07/24
5000,7500,6250,2014/07/26
5000,7500,6250,2014/07/28
5000,7500,6250,2014/07/29
5000,7500,6250,2014/07/30
5000,7500,6250,2014/07/31
5000,7500,6250,2014/08/02
5000,7500,6250,2014/08/04
5000,7000,6000,2014/08/05
5000,7000,6000,2014/08/06
5000,7000,6000,2014/08/07
5000,7000,6000,2014/08/08
5000,7000,6000,2014/08/09
5000,7000,6000,2014/08/11
5000,7000,6000,2014/08/12
5000,7000,6000,2014/08/13
5000,7000,6000,2014/08/14
5000,7000,6000,2014/08/16
5000,7000,6000,2014/08/18
5000,7000,6000,2014/08/19
5000,7000,6000,2014/08/20
5000,7000,6000,2014/08/21
5000,7000,6000,2014/08/22
5000,7000,6000,2014/08/23
5000,7000,6000,2014/08/25
5000,7000,6000,2014/08/26
5000,7000,6000,2014/08/27
5000,7000,6000,2014/08/28
5000,7000,6000,2014/08/30
5000,7000,6000,2014/09/01
5000,7000,6000,2014/09/02
5000,7000,6000,2014/09/03
5000,7000,6000,2014/09/04
5000,7000,6000,2014/09/05
5000,7000,6000,2014/09/06
5000,7000,6000,2014/09/08
5000,7000,6000,2014/09/09
5000,7000,6000,2014/09/10
5000,7000,6000,2014/09/11
5000,7000,6000,2014/09/12
5000,7000,6000,2014/09/13
5000,7000,6000,2014/09/15
5000,7000,6000,2014/09/16
5000,7000,6000,2014/09/17
5000,7000,6000,2014/09/18
5000,7000,6000,2014/09/19
5000,7000,6000,2014/09/20
5000,7000,6000,2014/09/22
5000,7000,6000,2014/09/23
5000,7000,6000,2014/09/24
5000,7000,6000,2014/09/25
5000,7000,6000,2014/09/26
5000,7000,6000,2014/09/27
5000,7000,6000,2014/09/29
6000,7500,6750,2014/09/30
6000,7500,6750,2014/10/01
6000,7500,6750,2014/10/02
6000,7500,6750,2014/10/04
6000,7500,6750,2014/10/06
6000,7500,6750,2014/10/07
6000,7500,6250,2014/10/08
6000,7500,6750,2014/10/09
6000,7500,6750,2014/10/10
6000,7500,6750,2014/10/11
6000,7500,6750,2014/10/13
6000,7500,6750,2014/10/14
6000,7500,6750,2014/10/17
6000,7500,6750,2014/10/18
6000,7500,6750,2014/10/20
6000,7500,6750,2014/10/21
6000,7500,6750,2014/10/22
6000,7500,6750,2014/10/23
6000,7500,6750,2014/10/25
6000,7500,6750,2014/10/27
6000,7500,6750,2014/10/28
6000,7500,6750,2014/10/29
6000,7500,6750,2014/10/30
6000,7500,6750,2014/10/31
6000,7500,6750,2014/11/01
6000,7500,6750,2014/11/03
6500,8000,7250,2014/11/04
6500,8000,7250,2014/11/05
6000,7500,6750,2014/11/06
6000,7500,6750,2014/11/07
6000,7500,6750,2014/11/08
6000,7500,6750,2014/11/10
6000,7500,6750,2014/11/11
6000,7500,6750,2014/11/12
6000,7500,6750,2014/11/13
6000,7500,6750,2014/11/14
6000,7500,6750,2014/11/15
6000,7500,6750,2014/11/17
7500,8500,8000,2014/11/18
7500,8500,8000,2014/11/19
7500,8500,8000,2014/11/20
7500,8500,8000,2014/11/21
7500,8500,8000,2014/11/22
7500,8500,8000,2014/11/24
7500,8500,8000,2014/11/25
7500,8500,8000,2014/11/26
7500,8500,8000,2014/11/27
7500,8500,8000,2014/11/28
7500,8500,8000,2014/11/29
7500,8500,8000,2014/12/01
7500,8500,8000,2014/12/02
7500,8500,8000,2014/12/03
7500,8500,8000,2014/12/04
7500,8500,8000,2014/12/05
7500,8500,8000,2014/12/06
7500,8500,8000,2014/12/08
7500,8500,8000,2014/12/09
7500,8500,8000,2014/12/10
7500,8500,8000,2014/12/11
7500,8500,8000,2014/12/12
7500,8500,8000,2014/12/13
7500,8500,8000,2014/12/15
7500,8500,8000,2014/12/17
7500,8500,8000,2014/12/18
7500,8500,8000,2014/12/19
7500,8500,8000,2014/12/20
7500,8500,8000,2014/12/22
7500,8500,8000,2014/12/23
7500,8500,8000,2014/12/24
7500,8500,8000,2014/12/26
7500,8500,8000,2014/12/27
7500,8500,8000,2014/12/29
6000,8500,7250,2014/12/30
6000,8500,7250,2014/12/31
6000,8500,7250,2015/01/01
6000,8500,7250,2015/01/02
6000,8500,7250,2015/01/03
6000,8500,7250,2015/01/05
6000,8500,7250,2015/01/06
6000,8500,7250,2015/01/08
6000,8500,7250,2015/01/09
6000,8500,7250,2015/01/10
6000,8500,7250,2015/01/12
6000,8500,7250,2015/01/12
6000,8000,7000,2015/01/13
6000,8000,7000,2015/01/13
6000,8000,7000,2015/01/14
6000,8000,7000,2015/01/14
6000,8000,7000,2015/01/15
6000,8000,7000,2015/01/15
6000,8000,7000,2015/01/16
6000,8000,7000,2015/01/16
6000,8000,7000,2015/01/17
6000,8000,7000,2015/01/17
6000,8000,7000,2015/01/19
6000,8000,7000,2015/01/20
6000,8000,7000,2015/01/21
6000,8000,7000,2015/01/22
6000,8000,7000,2015/01/23
6000,8000,7000,2015/01/24
6000,8000,7000,2015/01/27
6000,8000,7000,2015/01/28
6000,8000,7000,2015/01/29
6000,8000,7000,2015/01/30
6000,8000,7000,2015/01/31
6000,8000,7000,2015/02/02
6000,8000,7000,2015/02/03
6000,8000,7000,2015/02/06
6000,8000,7000,2015/02/07
6000,8000,7000,2015/02/09
6000,8000,7000,2015/02/10
6000,8000,7000,2015/02/11
6000,8000,7000,2015/02/12
6000,8000,7000,2015/02/13
6000,8000,7000,2015/02/14
6000,8000,7000,2015/02/16
6000,8000,7000,2015/02/17
6000,8000,7000,2015/02/23
5500,7500,6500,2015/02/25
5500,7500,6500,2015/02/27
5500,7500,6500,2015/02/28
5500,7500,6500,2015/03/02
5500,7500,6500,2015/03/03
5500,7500,6500,2015/03/04
5500,7500,6500,2015/03/05
5500,7500,6500,2015/03/07
5500,7500,6500,2015/03/09
5500,7500,6500,2015/03/10
5500,7500,6500,2015/03/11
5500,7500,6500,2015/03/12
5500,7500,6500,2015/03/13
5500,7500,6500,2015/03/14
5500,7500,6500,2015/03/16
5500,7500,6500,2015/03/17
5500,7500,6500,2015/03/18
5500,7500,6500,2015/03/19
5500,7500,6500,2015/03/20
5500,7500,6500,2015/03/21
5500,7500,6500,2015/03/23
5500,7500,6500,2015/03/24
5500,7500,6500,2015/03/25
5500,7500,6500,2015/03/26
5500,7500,6500,2015/03/27
5500,7500,6500,2015/03/28
5500,7500,6500,2015/03/30
5500,7500,6500,2015/03/31
5500,7500,6500,2015/04/01
5500,7500,6500,2015/04/02
5500,7500,6500,2015/04/04
5500,7500,6500,2015/04/06
5500,7500,6250,2015/04/07
5500,7500,6500,2015/04/08
5500,7500,6500,2015/04/10
5500,7500,6500,2015/04/11
5500,7500,6500,2015/04/13
5500,7500,6500,2015/04/14
5500,7500,6500,2015/04/15
5500,7500,6500,2015/04/16
5500,7500,6500,2015/04/17
5500,7500,6500,2015/04/18
5500,7500,6500,2015/04/20
5500,7500,6500,2015/04/21
5500,7500,6500,2015/04/22
5500,7500,6500,2015/04/23
5500,7500,6500,2015/04/24
5500,7500,6500,2015/04/25
5500,7500,6500,2015/04/27
5500,7500,6500,2015/04/28
5500,7500,6500,2015/04/29
5500,7500,6500,2015/04/30
5500,7500,6500,2015/05/02
5500,7500,6500,2015/05/04
5500,7500,6500,2015/05/05
5500,7500,6500,2015/05/06
5500,7500,6500,2015/05/07
5500,7500,6500,2015/05/08
5500,7500,6500,2015/05/09
5500,7500,6500,2015/05/11
5500,7500,6500,2015/05/12
5500,7500,6500,2015/05/13
5500,7500,6500,2015/05/14
5500,7500,6500,2015/05/15
5500,7500,6500,2015/05/16
5500,7500,6500,2015/05/18
5500,7500,6500,2015/05/19
5500,7500,6500,2015/05/20
5500,7500,6500,2015/05/21
5500,7500,6500,2015/05/23
5500,7500,6500,2015/05/25
5500,7500,6500,2015/05/26
5500,7500,6500,2015/05/27
5500,7500,6500,2015/05/28
5500,7500,6500,2015/05/29
5500,7500,6500,2015/05/30
5500,7500,6500,2015/06/02
5500,7500,6500,2015/06/03
5500,7500,6500,2015/06/04
5500,7500,6500,2015/06/05
5500,7500,6500,2015/06/06
5500,7500,6500,2015/06/08
6500,8500,7500,2015/06/09
6500,8500,7500,2015/06/10
6500,8500,7500,2015/06/11
6500,8500,7500,2015/06/12
6500,8500,7500,2015/06/13
5500,7500,6500,2015/06/15
6500,8500,7500,2015/06/16
6500,8500,7500,2015/06/17
6500,8500,8000,2015/06/18
6500,8500,8000,2015/06/19
6500,8500,8000,2015/06/20
6500,8500,8000,2015/06/22
6500,8500,8000,2015/06/23
6500,8500,8000,2015/06/24
6500,8500,8000,2015/06/25
6500,8500,8000,2015/06/26
6500,8500,8000,2015/06/29
6500,8500,8000,2015/06/30
6500,8500,8000,2015/07/02
6500,8500,8000,2015/07/03
6500,8500,8000,2015/07/04
6500,8500,8000,2015/07/06
6500,8500,8000,2015/07/07
6500,8500,8000,2015/07/08
6500,8500,8000,2015/07/09
6500,8500,8000,2015/07/11
6500,8500,8000,2015/07/13
6500,8500,8000,2015/07/14
6500,8500,8000,2015/07/15
6500,8500,8000,2015/07/16
6500,8500,8000,2015/07/17
6500,8500,8000,2015/07/20
6500,8500,8000,2015/07/21
6500,8500,8000,2015/07/22
6500,8500,8000,2015/07/23
6500,8500,8000,2015/07/24
6500,8500,8000,2015/07/25
6500,8500,8000,2015/07/27
6500,8500,8000,2015/07/28
6500,8500,8000,2015/07/29
6500,8500,8000,2015/07/30
6500,8500,8000,2015/07/31
6500,8500,8000,2015/08/01
6500,8500,8000,2015/08/03
6500,8500,8000,2015/08/04
6500,8500,8000,2015/08/06
6500,8500,8000,2015/08/07
6500,8500,8000,2015/08/08
6500,8500,8000,2015/08/10
7000,9000,8500,2015/08/11
7000,9000,8500,2015/08/12
7000,9000,8500,2015/08/13
7000,9000,8500,2015/08/14
7000,9000,8500,2015/08/17
7000,9000,8500,2015/08/18
7000,9000,8500,2015/08/19
7000,9000,8500,2015/08/20
7000,9000,8500,2015/08/21
7000,9000,8500,2015/08/22
7000,9000,8500,2015/08/24
7000,9000,8500,2015/08/25
7000,9000,8500,2015/08/26
7000,9000,8500,2015/08/27
7000,9000,8500,2015/08/28
7000,9000,8500,2015/08/29
7000,9000,8500,2015/08/31
7000,9000,8500,2015/09/01
7000,9000,8500,2015/09/02
7000,9000,8500,2015/09/03
7000,9000,8500,2015/09/04
7000,9000,8500,2015/09/05
7000,9000,8500,2015/09/07
7000,9000,8500,2015/09/08
7000,9000,8500,2015/09/09
7000,9000,8500,2015/09/10
7000,9000,8500,2015/09/11
7000,9000,8500,2015/09/12
7000,9000,8500,2015/09/14
7000,9000,8500,2015/09/15
7000,9000,8500,2015/09/16
7000,9000,8500,2015/09/17
7000,9000,8500,2015/09/18
7000,9000,8500,2015/09/19
7000,9000,8500,2015/09/21
7000,9000,8500,2015/09/22
7000,9000,8500,2015/09/23
7000,9000,8500,2015/09/24
7000,9000,8500,2015/09/25
7000,9000,8500,2015/09/26
7000,9000,8500,2015/09/28
7000,9000,8500,2015/09/29
7000,9000,8500,2015/09/30
7000,9000,8500,2015/10/01
7000,9000,8500,2015/10/03
7000,9000,8500,2015/10/05
7500,9500,9000,2015/10/06
7500,9500,9000,2015/10/07
7500,9500,9000,2015/10/08
7500,9500,9000,2015/10/09
7500,9500,9000,2015/10/10
7500,9500,9000,2015/10/12
7500,9500,9000,2015/10/13
7500,9500,9000,2015/10/14
7500,9500,9000,2015/10/15
7500,9500,9000,2015/10/16
7500,9500,9000,2015/10/17
7500,9500,9000,2015/10/19
7500,9500,9000,2015/10/20
7500,9500,9000,2015/10/21
7500,9500,9000,2015/10/23
7500,9500,9000,2015/10/26
7500,9500,9000,2015/10/27
7500,9500,9000,2015/10/28
7500,9500,9000,2015/10/29
7500,9500,9000,2015/10/30
7500,9500,9000,2015/10/31
7000,9500,8875,2015/11/02
7500,9500,9000,2015/11/03
7500,9500,9000,2015/11/04
7500,9500,9000,2015/11/05
7500,9500,9000,2015/11/06
7500,9500,9000,2015/11/07
7500,9500,9000,2015/11/10
7500,9500,9000,2015/11/12
7500,9500,9000,2015/11/13
7500,9500,9000,2015/11/14
7500,9500,9000,2015/11/16
8000,10000,9500,2015/11/18
800,10000,9500,2015/11/20
8000,10000,9500,2015/11/21
8000,10000,9500,2015/11/23
8000,10000,9500,2015/11/24
8000,10000,9500,2015/11/25
8000,10000,9500,2015/11/26
8000,10000,9500,2015/11/27
8000,10000,9500,2015/11/28
8000,10000,9500,2015/11/30
