Min Price soyabean,Max Price soyabean,Modal Price soyabean,Price Date
1161,1303,1230,2005/01/01
1125,1309,1200,2005/01/03
1150,1306,1225,2005/01/04
1110,1258,1200,2005/01/06
1100,1270,1185,2005/01/07
1111,1281,1195,2005/01/08
1150,1287,1220,2005/01/10
1011,1286,1188,2005/01/11
1111,1299,1200,2005/01/12
1125,1294,1200,2005/01/13
1050,1282,1165,2005/01/14
1151,1295,1223,2005/01/15
1151,1283,1216,2005/01/18
1125,1267,1200,2005/01/19
1050,1251,1150,2005/01/20
1120,1257,1187,2005/01/21
1051,1255,1151,2005/01/24
1050,1236,1150,2005/01/25
1050,1216,1125,2005/01/27
1040,1181,1100,2005/01/28
1000,1199,1100,2005/01/29
1060,1200,1130,2005/01/31
1025,1191,1100,2005/02/02
950,1237,1100,2005/02/03
1000,1240,1120,2005/02/04
1111,1212,1150,2005/02/05
1075,1221,1146,2005/02/07
1125,1245,1180,2005/02/08
1115,1248,1200,2005/02/09
1150,1258,1204,2005/02/10
1125,1290,1200,2005/02/11
1131,1286,1205,2005/02/12
1150,1280,1215,2005/02/14
1171,1281,1220,2005/02/15
1171,1257,1230,2005/02/16
1190,1251,1220,2005/02/17
1150,1247,1200,2005/02/18
1190,1270,1230,2005/02/19
1180,1271,1225,2005/02/22
1100,1278,1185,2005/02/23
1050,1271,1150,2005/02/24
1100,1266,1186,2005/02/25
1170,1267,1210,2005/02/26
1100,1286,1180,2005/02/28
1111,1284,1200,2005/03/01
1151,1271,1200,2005/03/02
1051,1282,1151,2005/03/03
1051,1292,1151,2005/03/04
1141,1304,1225,2005/03/05
1100,1312,1212,2005/03/07
1111,1307,1207,2005/03/08
1180,1300,1240,2005/03/09
1175,1325,1265,2005/03/11
1175,1325,1250,2005/03/12
1180,1330,1255,2005/03/14
1111,1312,1212,2005/03/15
1175,1313,1212,2005/03/16
1200,1317,1250,2005/03/17
1051,1303,1175,2005/03/18
1150,1310,1230,2005/03/19
1125,1295,1200,2005/03/21
1125,1292,1200,2005/03/22
1100,1284,1165,2005/03/23
1150,1285,1240,2005/03/24
1101,1297,1200,2005/03/25
1100,1297,1200,2005/03/28
1161,1309,1250,2005/04/05
1100,1308,1204,2005/04/06
1100,1328,1215,2005/04/07
1111,1331,1200,2005/04/08
1150,1331,1250,2005/04/09
1175,1325,1225,2005/04/12
1125,1315,1250,2005/04/13
1200,1300,1250,2005/04/15
1211,1296,1250,2005/04/20
1175,1301,1200,2005/04/21
1111,1310,1210,2005/04/22
1111,1313,1212,2005/04/23
1125,1335,1225,2005/04/25
1171,1293,1210,2005/04/26
1160,1298,1230,2005/04/27
1175,1294,1235,2005/04/28
1105,1275,1200,2005/04/29
1160,1264,1210,2005/04/30
1125,1268,1200,2005/05/02
1135,1248,1200,2005/05/03
1115,1265,1200,2005/05/04
1151,1280,1200,2005/05/05
1111,1275,1200,2005/05/06
1111,1275,1200,2005/05/07
1081,1275,1200,2005/05/09
1190,1265,1230,2005/05/10
1121,1271,1200,2005/05/11
1100,1269,1185,2005/05/13
1100,1266,1183,2005/05/14
1100,1260,1180,2005/05/16
1100,1258,1180,2005/05/17
1125,1260,1200,2005/05/18
1100,1242,1175,2005/05/19
1125,1249,1190,2005/05/20
1085,1245,1160,2005/05/21
1157,1246,1200,2005/05/23
1181,1245,1210,2005/05/24
1100,1242,1170,2005/05/25
1100,1250,1175,2005/05/26
1070,1257,1157,2005/05/27
1161,1270,1210,2005/05/28
1121,1274,1200,2005/05/30
1175,1275,1225,2005/05/31
1181,1266,1230,2005/06/01
1151,1275,1220,2005/06/02
1151,1277,1200,2005/06/03
1200,1275,1237,2005/06/04
1151,1275,1210,2005/06/06
1151,1270,1210,2005/06/07
1100,1253,1175,2005/06/08
1100,1241,1170,2005/06/09
1151,1227,1190,2005/06/10
1175,1242,1210,2005/06/11
1100,1238,1170,2005/06/13
1175,1245,1200,2005/06/14
1176,1262,1220,2005/06/15
1101,1267,1180,2005/06/16
1175,1256,1235,2005/06/17
1151,1257,1200,2005/06/18
1125,1273,1200,2005/06/20
1181,1277,1225,2005/06/21
1151,1279,1210,2005/06/23
1241,1284,1260,2005/06/24
1201,1287,1245,2005/06/25
1200,1276,1235,2005/06/27
1211,1264,1240,2005/06/28
1190,1246,1223,2005/06/29
1175,1257,1210,2005/06/30
1175,1261,1220,2005/07/01
1151,1257,1200,2005/07/02
1111,1263,1190,2005/07/04
1111,1259,1185,2005/07/05
1150,1270,1210,2005/07/07
1200,1285,1242,2005/07/08
1181,1271,1225,2005/07/09
1150,1250,1200,2005/07/11
1131,1240,1185,2005/07/12
1100,1247,1170,2005/07/13
1125,1250,1190,2005/07/14
1100,1268,1185,2005/07/16
1145,1268,1200,2005/07/18
1050,1285,1120,2005/07/19
1205,1270,1235,2005/07/21
1085,1270,1170,2005/07/23
1100,1275,1185,2005/07/25
1161,1271,1215,2005/07/26
1115,1275,1195,2005/07/27
1175,1275,1225,2005/07/28
1150,1270,1210,2005/07/29
1200,1272,1235,2005/07/30
1151,1260,1210,2005/08/01
1185,1250,1220,2005/08/02
1151,1256,1200,2005/08/03
1150,1257,1200,2005/08/04
1150,1248,1200,2005/08/05
1125,1242,1210,2005/08/06
1151,1241,1200,2005/08/09
1151,1230,1200,2005/08/11
1181,1221,1200,2005/08/12
1141,1231,1200,2005/08/13
1141,1231,1191,2005/08/16
1150,1213,1185,2005/08/17
1100,1191,1145,2005/08/18
1100,1212,1155,2005/08/19
1125,1226,1175,2005/08/22
1101,1232,1165,2005/08/23
1126,1236,1175,2005/08/24
1151,1225,1190,2005/08/25
1145,1227,1190,2005/08/26
1100,1208,1154,2005/08/27
1125,1195,1155,2005/08/30
1120,1207,1160,2005/08/31
1101,1232,1165,2005/09/01
1075,1219,1100,2005/09/02
1121,1221,1171,2005/09/03
1141,1205,1170,2005/09/06
1100,1204,1150,2005/09/07
1150,1210,1180,2005/09/09
1125,1225,1175,2005/09/10
1150,1211,1180,2005/09/12
1171,1220,1195,2005/09/13
1101,1220,1160,2005/09/14
1121,1213,1170,2005/09/16
1115,1200,1155,2005/09/17
1100,1185,1142,2005/09/20
1051,1175,1110,2005/09/21
1050,1172,1110,2005/09/22
1111,1160,1135,2005/09/23
1110,1170,1140,2005/09/24
1100,1171,1135,2005/09/26
1125,1186,1155,2005/09/27
1110,1189,1150,2005/09/28
1100,1190,1145,2005/09/29
1100,1187,1143,2005/09/30
1075,1187,1130,2005/10/01
1075,1186,1125,2005/10/04
1101,1187,1145,2005/10/05
1111,1173,1141,2005/10/06
1051,1171,1110,2005/10/07
1075,1150,1105,2005/10/08
1101,1151,1125,2005/10/10
1001,1113,1060,2005/10/11
1001,1113,1055,2005/10/13
1001,1139,1070,2005/10/14
1045,1162,1100,2005/10/15
1025,1187,1100,2005/10/17
1051,1192,1120,2005/10/18
1031,1185,1100,2005/10/19
1000,1221,1110,2005/10/20
1050,1222,1135,2005/10/22
1000,1185,1100,2005/10/24
951,1173,1062,2005/10/25
950,1191,1070,2005/10/26
940,1192,1015,2005/10/27
951,1171,1061,2005/10/28
951,1185,1068,2005/10/29
951,1172,1060,2005/10/31
900,1146,1023,2005/11/08
925,1139,1032,2005/11/09
951,1162,1056,2005/11/10
985,1170,1077,2005/11/11
1021,1181,1101,2005/11/12
920,1185,1052,2005/11/14
1001,1160,1080,2005/11/15
951,1136,1043,2005/11/16
951,1126,1038,2005/11/18
951,1131,1041,2005/11/19
951,1138,1044,2005/11/21
921,1145,1033,2005/11/22
951,1121,1033,2005/11/23
921,1102,1011,2005/11/24
974,1105,1040,2005/11/25
951,1116,1033,2005/11/26
951,1109,1031,2005/11/28
950,1085,1017,2005/11/30
925,1083,1004,2005/12/01
925,1091,1008,2005/12/02
950,1109,1025,2005/12/03
950,1110,1030,2005/12/05
950,1110,1030,2005/12/06
951,1111,1030,2005/12/07
1000,1100,1050,2005/12/08
1061,1101,1081,2005/12/16
981,1115,1048,2005/12/17
951,1120,1035,2005/12/19
951,1125,1031,2005/12/20
931,1138,1034,2005/12/21
951,1140,1045,2005/12/23
975,1160,1067,2005/12/24
951,1170,1060,2005/12/26
951,1187,1069,2005/12/27
1000,1191,1095,2005/12/28
975,1190,1082,2005/12/29
981,1164,1072,2005/12/30
975,1160,1067,2005/12/31
951,1173,1062,2006/01/02
950,1185,1065,2006/01/03
961,1195,1078,2006/01/04
971,1213,1092,2006/01/05
1000,1217,1108,2006/01/06
960,1224,1092,2006/01/07
931,1235,1083,2006/01/09
1050,1227,1138,2006/01/10
1051,1219,1135,2006/01/11
1051,1217,1161,2006/01/13
1041,1212,1126,2006/01/14
1031,1211,1121,2006/01/16
1041,1210,1135,2006/01/17
1050,1175,1110,2006/01/21
1041,1191,1116,2006/01/23
1031,1214,1122,2006/01/24
1051,1215,1133,2006/01/25
1000,1210,1105,2006/01/27
1000,1214,1107,2006/01/28
1051,1215,1133,2006/01/30
1061,1217,1139,2006/01/31
1031,1214,1122,2006/02/01
1051,1195,1133,2006/02/02
1045,1191,1118,2006/02/03
1000,1195,1100,2006/02/04
1025,1213,1120,2006/02/06
1061,1215,1130,2006/02/07
1051,1207,1130,2006/02/08
1025,1214,1125,2006/02/09
1075,1211,1143,2006/02/10
1101,1209,1151,2006/02/11
1071,1206,1105,2006/02/13
1075,1186,1130,2006/02/14
1071,1185,1120,2006/02/15
1091,1199,1145,2006/02/16
1120,1215,1170,2006/02/17
1050,1229,1150,2006/02/18
1050,1229,1130,2006/02/20
1060,1187,1110,2006/02/21
1050,1195,1120,2006/02/22
1100,1190,1145,2006/02/23
1080,1190,1135,2006/02/24
1060,1200,1130,2006/02/25
1100,1200,1150,2006/02/27
1050,1202,1125,2006/03/01
1100,1211,1155,2006/03/02
1100,1215,1150,2006/03/03
1081,1207,1140,2006/03/04
1100,1204,1152,2006/03/06
1051,1207,1125,2006/03/07
1051,1200,1125,2006/03/08
1051,1197,1120,2006/03/09
1100,1189,1145,2006/03/10
1101,1192,1145,2006/03/13
1100,1196,1145,2006/03/14
1075,1177,1125,2006/03/21
1050,1186,1100,2006/03/22
1050,1198,1125,2006/03/23
1051,1195,1120,2006/03/24
1090,1189,1140,2006/03/25
1100,1191,1145,2006/03/27
1051,1175,1112,2006/03/28
1041,1181,1100,2006/03/29
1051,1185,1115,2006/03/31
1051,1176,1100,2006/04/01
1100,1185,1145,2006/04/03
1081,1185,1120,2006/04/04
1051,1186,1120,2006/04/05
1085,1183,1135,2006/04/07
1051,1187,1115,2006/04/08
1061,1191,1105,2006/04/10
1100,1210,1155,2006/04/13
1131,1207,1170,2006/04/15
1100,1217,1160,2006/04/17
1100,1217,1160,2006/04/18
1101,1235,1115,2006/04/19
1151,1242,1200,2006/04/20
1181,1250,1215,2006/04/21
1151,1264,1205,2006/04/22
1175,1295,1225,2006/04/24
1251,1366,1300,2006/05/16
1225,1325,1275,2006/05/17
1270,1370,1320,2006/05/18
1247,1339,1290,2006/05/19
1161,1339,1250,2006/05/22
1161,1339,1250,2006/05/23
1205,1311,1250,2006/05/24
1101,1320,1210,2006/05/26
1051,1316,1200,2006/05/27
1175,1307,1240,2006/05/29
1151,1307,1225,2006/05/30
1150,1275,1200,2006/06/03
1176,1286,1225,2006/06/05
1144,1288,1210,2006/06/06
1250,1285,1265,2006/06/07
1100,1266,1183,2006/06/08
1150,1285,1210,2006/06/09
1150,1285,1220,2006/06/10
1100,1281,1190,2006/06/12
1151,1290,1220,2006/06/13
1000,1286,1140,2006/06/14
1150,1293,1240,2006/06/15
1201,1300,1250,2006/06/16
1161,1299,1200,2006/06/17
1100,1299,1200,2006/06/19
1150,1300,1225,2006/06/20
1175,1290,1225,2006/06/21
1150,1281,1215,2006/06/22
1150,1280,1220,2006/06/23
1175,1285,1225,2006/06/24
1176,1277,1220,2006/06/26
1175,1283,1200,2006/06/27
1165,1277,1200,2006/06/28
1225,1278,1250,2006/06/29
1231,1274,1255,2006/06/30
1225,1270,1250,2006/07/01
1200,1297,1250,2006/07/15
1225,1322,1275,2006/07/17
1241,1311,1275,2006/07/18
1251,1315,1290,2006/07/19
1100,1311,1205,2006/07/20
1150,1291,1220,2006/07/21
1155,1291,1220,2006/07/22
1240,1285,1260,2006/07/24
1175,1285,1225,2006/07/25
1100,1295,1200,2006/07/26
1200,1300,1250,2006/07/27
1200,1291,1245,2006/07/28
1175,1287,1225,2006/07/29
1211,1295,1260,2006/07/31
1200,1295,1250,2006/08/01
1211,1295,1245,2006/08/02
1200,1300,1250,2006/08/03
1221,1314,1270,2006/08/04
1251,1318,1280,2006/08/05
1225,1318,1290,2006/08/07
1241,1310,1280,2006/08/08
1211,1321,1260,2006/08/09
1280,1320,1300,2006/08/11
1275,1315,1300,2006/08/12
1270,1322,1300,2006/08/14
1200,1311,1250,2006/08/16
1250,1275,1265,2006/08/18
1251,1275,1265,2006/08/19
1250,1275,1265,2006/08/21
1250,1283,1265,2006/08/22
1241,1283,1260,2006/08/23
1255,1280,1265,2006/08/28
1251,1275,1265,2006/08/29
1225,1275,1250,2006/08/30
1241,1276,1260,2006/08/31
1111,1275,1200,2006/09/01
1111,1285,1200,2006/09/04
1250,1285,1265,2006/09/05
1200,1281,1241,2006/09/06
1250,1285,1265,2006/09/08
1200,1281,1240,2006/09/09
1235,1275,1255,2006/09/11
1200,1251,1225,2006/09/12
1211,1241,1225,2006/09/13
1200,1235,1215,2006/09/14
1151,1235,1200,2006/09/15
1225,1251,1235,2006/09/16
1175,1251,1200,2006/09/18
1210,1251,1230,2006/09/19
1235,1251,1245,2006/09/20
1230,1245,1237,2006/09/21
1230,1241,1235,2006/09/23
1225,1240,1235,2006/09/25
1211,1255,1240,2006/09/26
1225,1251,1235,2006/09/27
1230,1251,1241,2006/09/28
1150,1231,1200,2006/09/30
1230,1241,1235,2006/10/03
1205,1251,1230,2006/10/04
1200,1245,1222,2006/10/05
1175,1235,1200,2006/10/06
1190,1240,1210,2006/10/07
1201,1235,1215,2006/10/09
1041,1180,1100,2006/10/10
1055,1180,1100,2006/10/12
1081,1188,1130,2006/10/13
1100,1205,1150,2006/10/14
1091,1226,1150,2006/10/16
1091,1205,1150,2006/10/17
1100,1191,1145,2006/10/18
1100,1200,1150,2006/10/19
1125,1211,1175,2006/10/20
1100,1213,1160,2006/10/24
1141,1211,1180,2006/10/27
1155,1216,1180,2006/10/28
1145,1221,1175,2006/10/30
1115,1205,1160,2006/10/31
1141,1195,1160,2006/11/01
1165,1181,1171,2006/11/02
1135,1195,1165,2006/11/03
1125,1239,1131,2006/11/04
1071,1278,1100,2006/11/06
1161,1268,1210,2006/11/08
1151,1264,1210,2006/11/09
1151,1309,1225,2006/11/10
1251,1329,1290,2006/11/13
1201,1337,1265,2006/11/14
1200,1318,1260,2006/11/15
1200,1358,1275,2006/11/16
1200,1364,1280,2006/11/17
1250,1363,1300,2006/11/18
1265,1363,1300,2006/11/20
1300,1412,1360,2006/11/28
1300,1425,1365,2006/11/29
1251,1380,1300,2006/11/30
1248,1370,1300,2006/12/12
1261,1371,1310,2006/12/13
1241,1382,1300,2006/12/14
1200,1358,1280,2006/12/18
1200,1330,1265,2006/12/19
1200,1326,1265,2006/12/20
1225,1335,1275,2006/12/21
1250,1345,1300,2006/12/22
1325,1431,1375,2007/01/17
1345,1433,1400,2007/01/18
1350,1478,1400,2007/01/19
1280,1439,1350,2007/01/20
1300,1423,1370,2007/01/22
1350,1401,1375,2007/01/23
1351,1408,1375,2007/01/24
1300,1409,1350,2007/01/25
1311,1400,1350,2007/01/27
1250,1423,1350,2007/01/29
1361,1401,1380,2007/01/31
1325,1438,1375,2007/02/06
1350,1433,1400,2007/02/07
1350,1415,1375,2007/02/08
1301,1421,1350,2007/02/09
1351,1419,1385,2007/02/10
1300,1430,1350,2007/02/12
1365,1418,1380,2007/02/13
1311,1425,1350,2007/02/14
1350,1442,1400,2007/02/17
1361,1445,1400,2007/02/20
1350,1454,1400,2007/02/21
1375,1465,1400,2007/02/22
1351,1443,1400,2007/02/23
1361,1440,1400,2007/02/24
1361,1440,1400,2007/02/26
1334,1450,1400,2007/02/27
1371,1442,1400,2007/02/28
1350,1445,1400,2007/03/01
1375,1441,1400,2007/03/02
1370,1455,1400,2007/03/08
1375,1455,1400,2007/03/09
1300,1479,1400,2007/03/10
1370,1492,1400,2007/03/12
1361,1501,1450,2007/03/13
1400,1497,1450,2007/03/14
1421,1556,1500,2007/03/20
1465,1585,1500,2007/03/21
1451,1593,1500,2007/03/22
1501,1616,1605,2007/03/23
1475,1618,1550,2007/03/24
1500,1646,1550,2007/03/31
1541,1661,1590,2007/04/02
1425,1637,1550,2007/04/04
1500,1632,1575,2007/04/05
1500,1632,1575,2007/04/06
1541,1629,1600,2007/04/07
1541,1629,1600,2007/04/09
1461,1612,1550,2007/04/10
1451,1592,1500,2007/04/16
1500,1590,1545,2007/04/17
1426,1561,1500,2007/04/18
1500,1578,1550,2007/04/20
1471,1602,1500,2007/04/21
1475,1600,1550,2007/04/23
1475,1575,1500,2007/04/24
1451,1590,1500,2007/05/04
1500,1587,1550,2007/05/05
1400,1571,1500,2007/05/07
1500,1574,1550,2007/05/08
1501,1565,1525,2007/05/09
1425,1560,1500,2007/05/10
1501,1560,1530,2007/05/11
1481,1582,1550,2007/05/12
1500,1600,1550,2007/05/14
1400,1590,1550,2007/05/15
1451,1595,1500,2007/05/16
1361,1582,1450,2007/05/17
1525,1581,1550,2007/05/18
1475,1575,1500,2007/05/19
1451,1560,1500,2007/05/21
1425,1555,1500,2007/05/22
1465,1556,1500,2007/05/23
1475,1554,1525,2007/05/24
1450,1555,1525,2007/05/25
1375,1541,1450,2007/05/26
1371,1551,1450,2007/05/29
1351,1565,1450,2007/06/01
1461,1575,1500,2007/06/02
1400,1560,1500,2007/06/04
1425,1565,1500,2007/06/05
1475,1555,1525,2007/06/06
1400,1555,1500,2007/06/07
1481,1560,1500,2007/06/08
1401,1561,1500,2007/06/11
1381,1561,1500,2007/06/12
1461,1551,1500,2007/06/13
1455,1544,1500,2007/06/14
1500,1580,1540,2007/06/30
1425,1588,1500,2007/07/02
1425,1588,1500,2007/07/03
1515,1600,1560,2007/07/04
1511,1591,1540,2007/07/05
1525,1618,1575,2007/07/06
1500,1637,1575,2007/07/07
1580,1632,1610,2007/07/09
1561,1645,1600,2007/07/11
1575,1655,1610,2007/07/12
1575,1669,1600,2007/07/13
1571,1729,1650,2007/07/14
1651,1691,1675,2007/07/20
1665,1691,1675,2007/07/21
1600,1691,1650,2007/07/24
1641,1661,1650,2007/07/25
1615,1665,1650,2007/07/26
1585,1640,1600,2007/07/28
1501,1620,1575,2007/07/30
1532,1601,1575,2007/08/01
1531,1560,1540,2007/08/02
1500,1545,1525,2007/08/03
1460,1520,1475,2007/08/06
1421,1461,1450,2007/08/07
1400,1451,1425,2007/08/08
1425,1475,1450,2007/08/09
1375,1475,1450,2007/08/10
1445,1481,1475,2007/08/11
1425,1475,1450,2007/08/13
1451,1510,1475,2007/08/14
1500,1603,1550,2007/08/16
1485,1531,1500,2007/08/17
1526,1551,1540,2007/08/20
1482,1527,1500,2007/08/23
1516,1563,1540,2007/08/24
1475,1554,1500,2007/08/25
1411,1540,1500,2007/08/27
1351,1485,1400,2007/08/29
1421,1481,1450,2007/08/30
1450,1475,1460,2007/08/31
1421,1495,1450,2007/09/01
1400,1485,1450,2007/09/03
1521,1563,1540,2007/09/09
1561,1595,1575,2007/09/12
1500,1570,1535,2007/09/15
1525,1586,1550,2007/09/17
1546,1575,1560,2007/09/18
1545,1580,1560,2007/09/20
1450,1621,1500,2007/09/21
1595,1633,1600,2007/09/22
1621,1645,1640,2007/09/24
1650,1680,1670,2007/09/26
1600,1661,1630,2007/09/27
1640,1660,1650,2007/09/28
1511,1655,1600,2007/09/29
1401,1631,1500,2007/10/01
1301,1503,1400,2007/10/03
1291,1557,1350,2007/10/04
1411,1595,1500,2007/10/05
1400,1600,1500,2007/10/06
1351,1550,1450,2007/10/08
1345,1541,1450,2007/10/09
1311,1608,1500,2007/10/11
1311,1605,1350,2007/10/12
1400,1607,1500,2007/10/13
1411,1625,1525,2007/10/18
1425,1658,1550,2007/10/19
1491,1640,1550,2007/10/20
1450,1631,1500,2007/10/21
1450,1631,1550,2007/10/22
1501,1652,1575,2007/10/23
1451,1698,1600,2007/10/24
1500,1681,1650,2007/10/25
1451,1709,1650,2007/10/26
1501,1710,1600,2007/10/27
1550,1702,1650,2007/10/29
1509,1693,1550,2007/10/30
1351,1666,1600,2007/10/31
1412,1605,1550,2007/11/03
1475,1644,1550,2007/11/05
1475,1585,1490,2007/11/06
1491,1647,1575,2007/11/07
1450,1695,1550,2007/11/12
1575,1727,1650,2007/11/13
1631,1783,1700,2007/11/15
1631,1761,1700,2007/11/16
1600,1736,1700,2007/11/17
1601,1702,1650,2007/11/19
1653,1737,1680,2007/11/20
1500,1763,1650,2007/11/23
1501,1770,1700,2007/12/04
1501,1789,1675,2007/12/05
1651,1800,1750,2007/12/07
1651,1825,1800,2007/12/08
1581,1843,1800,2007/12/10
1651,1861,1750,2007/12/11
1701,1890,1800,2007/12/20
1690,1931,1800,2007/12/21
1800,1977,1900,2007/12/24
1850,1999,1925,2007/12/31
1800,2000,1900,2008/01/01
1785,2035,1910,2008/01/03
1875,2075,1975,2008/01/05
1911,2068,2000,2008/01/07
1800,2055,1925,2008/01/08
1951,2039,2000,2008/01/09
1875,2075,1975,2008/01/10
1851,2065,1950,2008/01/11
1901,2074,1975,2008/01/12
1950,2125,2025,2008/01/14
1951,2120,2020,2008/01/15
1975,2072,2000,2008/01/18
1950,2062,2000,2008/01/21
1925,2030,1975,2008/01/22
1791,1914,1800,2008/01/23
1850,1971,1900,2008/01/24
1875,1973,1925,2008/01/25
1691,2031,1875,2008/01/28
1951,2069,2000,2008/01/29
1800,2070,1930,2008/01/30
1925,2077,2000,2008/01/31
1851,2074,1950,2008/02/01
1941,2074,2000,2008/02/02
2041,2121,2100,2008/02/11
1950,2100,2025,2008/02/12
1976,2119,2010,2008/02/13
1811,2119,2050,2008/02/15
1951,2125,2051,2008/02/18
2050,2120,2100,2008/02/19
2070,2136,2100,2008/02/20
2050,2158,2100,2008/02/21
2021,2197,2050,2008/02/22
2060,2200,2150,2008/02/23
2061,2223,2150,2008/02/25
2100,2250,2200,2008/02/26
2100,2221,2150,2008/02/27
2100,2215,2170,2008/02/28
2137,2225,2200,2008/02/29
2151,2285,2200,2008/03/03
2071,2389,2250,2008/03/04
2000,2281,2140,2008/03/06
2000,2281,2140,2008/03/07
1951,2288,2100,2008/03/12
2150,2314,2225,2008/03/13
2100,2365,2225,2008/03/14
2150,2380,2212,2008/03/15
2200,2350,2275,2008/03/17
2161,2241,2200,2008/03/18
2000,2162,2075,2008/03/19
2045,2171,2100,2008/03/20
1991,2161,2050,2008/03/21
2151,2225,2200,2008/03/26
2011,2261,2111,2008/03/27
2125,2261,2200,2008/03/28
2100,2281,2175,2008/03/29
2100,2230,2165,2008/03/31
2100,2211,2160,2008/04/01
1975,2155,2125,2008/04/02
2100,2155,2135,2008/04/03
2075,2236,2150,2008/04/07
1950,2200,2075,2008/04/09
2035,2222,2150,2008/04/15
2081,2232,2150,2008/04/16
2000,2249,2125,2008/04/17
1951,2243,2100,2008/04/18
2151,2251,2200,2008/04/19
2075,2241,2175,2008/04/21
2171,2238,2210,2008/04/22
2075,2216,2125,2008/04/23
2171,2264,2200,2008/04/24
2075,2242,2150,2008/04/25
2041,2246,2125,2008/04/26
2000,2261,2130,2008/04/28
2050,2261,2175,2008/04/29
2100,2278,2200,2008/04/30
2100,2270,2200,2008/05/02
2151,2278,2200,2008/05/03
2050,2240,2150,2008/05/05
2100,2260,2200,2008/05/06
2051,2271,2150,2008/05/08
2151,2300,2225,2008/05/09
2041,2313,2200,2008/05/10
2000,2351,2175,2008/05/12
2171,2378,2250,2008/05/13
2151,2379,2300,2008/05/15
2141,2389,2225,2008/05/16
2151,2375,2300,2008/05/17
2251,2413,2300,2008/05/26
2251,2400,2325,2008/05/27
2175,2417,2300,2008/05/28
2005,2426,2200,2008/05/29
2200,2477,2335,2008/05/30
2321,2463,2400,2008/05/31
2200,2458,2350,2008/06/02
1900,2484,2175,2008/06/03
2351,2494,2400,2008/06/04
2300,2475,2400,2008/06/05
2200,2489,2350,2008/06/07
2290,2497,2400,2008/06/09
2400,2511,2460,2008/06/10
2361,2475,2420,2008/06/11
2351,2491,2400,2008/06/12
2411,2512,2475,2008/06/13
2351,2491,2410,2008/06/14
2411,2575,2500,2008/06/16
2500,2611,2555,2008/06/17
2500,2685,2600,2008/06/18
2500,2687,2600,2008/06/20
2525,2695,2600,2008/06/21
2500,2681,2600,2008/06/23
2500,2685,2600,2008/06/24
2541,2686,2600,2008/06/25
2550,2686,2620,2008/06/26
2500,2671,2600,2008/06/27
2551,2700,2625,2008/06/28
2451,2675,2550,2008/06/30
2600,2681,2641,2008/07/01
2400,2675,2550,2008/07/02
2551,2681,2600,2008/07/03
2600,2735,2660,2008/07/05
2551,2761,2650,2008/07/07
2651,2700,2675,2008/07/10
2625,2738,2700,2008/07/11
2670,2751,2700,2008/07/12
2670,2751,2700,2008/07/14
2625,2765,2700,2008/07/15
2651,2800,2725,2008/07/17
2700,2823,2765,2008/07/18
2700,2761,2730,2008/07/21
2711,2781,2740,2008/07/22
2651,2780,2710,2008/07/23
2661,2725,2700,2008/07/24
2675,2716,2700,2008/07/25
2641,2703,2670,2008/07/26
2635,2655,2645,2008/07/28
2551,2600,2575,2008/07/31
2551,2611,2575,2008/08/01
2550,2611,2580,2008/08/02
2551,2611,2580,2008/08/04
2450,2550,2500,2008/08/08
2450,2561,2500,2008/08/09
2654,2685,2665,2008/08/25
2600,2675,2635,2008/08/26
2631,2651,2641,2008/08/27
2616,2665,2645,2008/08/30
2500,2600,2550,2008/09/06
2581,2601,2590,2008/09/08
2200,2601,2400,2008/09/09
2475,2551,2510,2008/09/10
2350,2411,2380,2008/09/17
2375,2411,2400,2008/09/19
2351,2351,2351,2008/09/22
2051,2051,2051,2008/09/23
1800,1831,1815,2008/10/01
1792,1951,1851,2008/10/03
1625,1886,1756,2008/10/04
1616,1824,1717,2008/10/06
1611,1819,1719,2008/10/07
1551,1765,1651,2008/10/08
1550,1796,1650,2008/10/11
1600,1755,1675,2008/10/23
1500,1729,1610,2008/10/24
1551,1746,1650,2008/10/25
1550,1710,1625,2008/10/31
1581,1758,1650,2008/11/01
1551,1758,1650,2008/11/03
1591,1779,1650,2008/11/04
1551,1750,1650,2008/11/05
1575,1725,1650,2008/11/06
1550,1699,1620,2008/11/07
1500,1696,1600,2008/11/08
1591,1698,1640,2008/11/10
1500,1690,1600,2008/11/11
1500,1644,1560,2008/11/12
1451,1615,1550,2008/11/14
1400,1569,1480,2008/11/15
1351,1561,1451,2008/11/17
1341,1490,1410,2008/11/18
1300,1590,1450,2008/11/19
1361,1600,1500,2008/11/20
1451,1491,1471,2008/11/21
1476,1684,1550,2008/11/22
1452,1721,1650,2008/11/24
1500,1696,1600,2008/11/25
1461,1708,1600,2008/11/26
1475,1775,1625,2008/11/27
1641,1795,1700,2008/11/28
1500,1812,1650,2008/11/29
1649,1800,1725,2008/12/01
1600,1779,1700,2008/12/02
1651,1775,1700,2008/12/03
1625,1742,1690,2008/12/04
1500,1679,1600,2008/12/05
1551,1685,1615,2008/12/06
1571,1691,1630,2008/12/08
1600,1745,1670,2008/12/10
1641,1787,1700,2008/12/11
1651,1814,1750,2008/12/12
1651,1778,1700,2008/12/13
1650,1762,1700,2008/12/15
1600,1750,1675,2008/12/16
1600,1742,1660,2008/12/17
1650,1796,1720,2008/12/18
1651,1792,1720,2008/12/19
1621,1800,1700,2008/12/20
1665,1794,1700,2008/12/22
1685,1811,1750,2008/12/23
1665,1832,1750,2008/12/24
1751,1894,1800,2008/12/25
1741,1892,1800,2008/12/26
1760,1920,1820,2008/12/27
1741,2011,1875,2008/12/29
1945,2017,1980,2008/12/30
1925,1988,1950,2008/12/31
1885,1968,1910,2009/01/01
1841,1980,1910,2009/01/02
1860,2000,1930,2009/01/03
1885,2018,1950,2009/01/05
1925,2020,1975,2009/01/06
1991,2101,2050,2009/01/07
1980,2116,2050,2009/01/08
1951,2070,2000,2009/01/09
2040,2161,2100,2009/01/10
2251,2385,2310,2009/01/27
2251,2396,2320,2009/01/28
2200,2375,2300,2009/01/29
2151,2300,2225,2009/01/30
2135,2270,2200,2009/01/31
2151,2262,2200,2009/02/02
2050,2215,2125,2009/02/03
2050,2211,2125,2009/02/04
2140,2278,2210,2009/02/05
2151,2322,2250,2009/02/06
2251,2416,2350,2009/02/07
2225,2390,2300,2009/02/09
2075,2361,2150,2009/02/10
2200,2371,2285,2009/02/11
2101,2352,2225,2009/02/12
2100,2317,2208,2009/02/13
2101,2307,2202,2009/02/14
2030,2315,2150,2009/02/16
2050,2260,2155,2009/02/25
2080,2318,2199,2009/02/26
2050,2270,2150,2009/02/27
2050,2274,2160,2009/02/28
2002,2275,2140,2009/03/02
2100,2255,2175,2009/03/03
1970,2236,2103,2009/03/04
2075,2265,2170,2009/03/05
2121,2273,2180,2009/03/06
2100,2270,2185,2009/03/07
2050,2275,2160,2009/03/09
2052,2278,2160,2009/03/10
2131,2286,2208,2009/03/17
2000,2281,2141,2009/03/18
2100,2269,2180,2009/03/19
2100,2233,2165,2009/03/20
2100,2255,2175,2009/03/21
2100,2261,2180,2009/03/23
2100,2281,2190,2009/03/24
2241,2300,2270,2009/03/25
2175,2295,2235,2009/03/26
2100,2298,2200,2009/03/28
2151,2291,2220,2009/03/30
2100,2286,2200,2009/03/31
2011,2266,2138,2009/04/01
2050,2301,2175,2009/04/02
2175,2358,2270,2009/04/04
2275,2446,2360,2009/04/06
2315,2491,2403,2009/04/07
2300,2490,2400,2009/04/08
2300,2495,2400,2009/04/09
2311,2545,2428,2009/04/11
2411,2581,2496,2009/04/13
2400,2576,2490,2009/04/17
2500,2594,2544,2009/04/18
2400,2631,2515,2009/04/20
2451,2636,2550,2009/04/21
2496,2618,2557,2009/04/22
2541,2683,2621,2009/04/23
2563,2690,2626,2009/04/24
2550,2693,2621,2009/04/25
2491,2670,2580,2009/04/28
2471,2625,2548,2009/04/29
2475,2611,2543,2009/04/30
2500,2660,2580,2009/05/02
2525,2721,2625,2009/05/04
2571,2750,2660,2009/05/05
2600,2707,2653,2009/05/06
2500,2715,2607,2009/05/07
2585,2713,2649,2009/05/08
2501,2709,2604,2009/05/09
2511,2679,2595,2009/05/11
2525,2625,2575,2009/05/12
2500,2641,2570,2009/05/13
2491,2629,2560,2009/05/14
2500,2620,2560,2009/05/15
2501,2601,2550,2009/05/19
2425,2596,2510,2009/05/20
2501,2594,2547,2009/05/21
2421,2591,2506,2009/05/22
2400,2561,2480,2009/05/23
2311,2481,2396,2009/05/25
2300,2471,2385,2009/05/26
2321,2500,2410,2009/05/28
2400,2522,2461,2009/05/29
2351,2493,2422,2009/05/30
2400,2501,2450,2009/06/01
2440,2520,2480,2009/06/02
2300,2511,2406,2009/06/03
2300,2511,2406,2009/06/04
2300,2501,2401,2009/06/05
2391,2509,2450,2009/06/06
2300,2485,2400,2009/06/08
2300,2465,2380,2009/06/09
2300,2461,2380,2009/06/10
2357,2463,2410,2009/06/11
2312,2468,2390,2009/06/12
2300,2500,2400,2009/06/13
2361,2500,2430,2009/06/15
2301,2470,2385,2009/06/16
2185,2470,2327,2009/06/17
2251,2471,2361,2009/06/18
2300,2462,2380,2009/06/19
2325,2455,2370,2009/06/20
2300,2403,2350,2009/06/22
2311,2420,2365,2009/06/23
2161,2416,2288,2009/06/24
2315,2455,2385,2009/06/25
2360,2465,2410,2009/06/26
2301,2465,2385,2009/06/27
2350,2466,2410,2009/06/29
2371,2445,2408,2009/06/30
2311,2461,2386,2009/07/01
2375,2455,2415,2009/07/02
2365,2435,2400,2009/07/03
2341,2425,2383,2009/07/04
2111,2337,2250,2009/07/07
2151,2280,2215,2009/07/09
2010,2141,2075,2009/07/10
2041,2199,2120,2009/07/11
2011,2198,2104,2009/07/13
2000,2191,2100,2009/07/14
2090,2188,2139,2009/07/15
2100,2208,2150,2009/07/16
2100,2220,2160,2009/07/17
2061,2211,2085,2009/07/18
2051,2230,2150,2009/07/20
2141,2300,2220,2009/07/21
2160,2300,2230,2009/07/22
2151,2300,2225,2009/07/23
2051,2330,2190,2009/07/24
2175,2332,2253,2009/07/25
2161,2311,2235,2009/07/27
2091,2281,2186,2009/07/28
2000,2214,2107,2009/07/29
2025,2180,2102,2009/07/30
1975,2205,2090,2009/07/31
1900,2228,2064,2009/08/01
2051,2282,2166,2009/08/03
2075,2325,2200,2009/08/04
2021,2330,2175,2009/08/05
2051,2325,2188,2009/08/07
2051,2346,2198,2009/08/08
2150,2411,0,2009/08/10
2100,2341,0,2009/08/11
2100,2305,2202,2009/08/13
2051,2301,2176,2009/08/14
2100,2211,2155,2009/08/18
2000,2201,2100,2009/08/19
1951,2215,2083,2009/08/20
2100,2271,2185,2009/08/24
2111,2265,2188,2009/08/25
2151,2300,2225,2009/08/26
2171,2295,2233,2009/08/27
2100,2291,2195,2009/08/29
2071,2200,2135,2009/08/31
1950,2131,2040,2009/09/01
1901,2131,2016,2009/09/02
1900,2125,2010,2009/09/03
1900,2051,1975,2009/09/05
1751,2005,1878,2009/09/07
1661,1905,1783,2009/09/08
1751,1991,1871,2009/09/09
1900,2045,1972,2009/09/10
1851,2074,1962,2009/09/11
1800,2070,1935,2009/09/12
1831,1991,1911,2009/09/14
1825,1995,1910,2009/09/15
1700,2007,1850,2009/09/16
1900,2010,1955,2009/09/17
1825,2030,1925,2009/09/22
1701,2015,1850,2009/09/23
1700,2005,1852,2009/09/24
1711,1950,1830,2009/09/25
1825,2011,1918,2009/09/26
1861,1991,1926,2009/09/29
1811,1951,1881,2009/09/30
1800,1931,1865,2009/10/01
1811,1961,1886,2009/10/03
1800,1961,1880,2009/10/05
1811,2000,1905,2009/10/06
1825,1981,1903,2009/10/07
1825,1981,1903,2009/10/08
1811,1981,1896,2009/10/09
1771,2000,1885,2009/10/10
1771,1961,1866,2009/10/12
1611,1951,1781,2009/10/14
1701,2105,1901,2009/10/15
1751,2101,1926,2009/10/16
1781,2103,1942,2009/10/21
1851,2040,1945,2009/10/22
1851,2065,1958,2009/10/23
1851,2118,1984,2009/10/24
1901,2226,2063,2009/10/26
1901,2333,2117,2009/10/27
2051,2318,2184,2009/10/28
2075,2297,2186,2009/11/02
2035,2350,2192,2009/11/03
2200,2424,2312,2009/11/05
2275,2419,2347,2009/11/06
2271,2455,2363,2009/11/07
2251,2461,2356,2009/11/09
2325,2464,2394,2009/11/10
2201,2399,2300,2009/11/11
2231,2411,2321,2009/11/12
2051,2379,2215,2009/11/13
2211,2388,2299,2009/11/14
2200,2385,2292,2009/11/16
2200,2398,2299,2009/11/17
2231,2464,2347,2009/11/18
2351,2489,2420,2009/11/19
2340,2493,2416,2009/11/20
2325,2469,2397,2009/11/21
2301,2478,2390,2009/11/23
2260,2520,2390,2009/11/24
2351,2500,2425,2009/11/25
2331,2525,2428,2009/11/26
2351,2500,2425,2009/11/27
2305,2472,2388,2009/11/30
2300,2476,2388,2009/12/01
2331,2508,2419,2009/12/02
2375,2505,2440,2009/12/03
2351,2496,2423,2009/12/04
2300,2480,2390,2009/12/05
2351,2472,2411,2009/12/07
2350,2468,2409,2009/12/08
2300,2454,2367,2009/12/09
2311,2420,2365,2009/12/10
2261,2401,2331,2009/12/11
2291,2422,2356,2009/12/12
2300,2471,2385,2009/12/14
2290,2433,2361,2009/12/15
2370,2435,2400,2009/12/16
2275,2443,2359,2009/12/17
2285,2437,2361,2009/12/18
2251,2383,2317,2009/12/21
2281,2394,2338,2009/12/22
2171,2363,2267,2009/12/23
2151,2354,2252,2009/12/24
2125,2386,2255,2009/12/25
2051,2380,2215,2009/12/26
2071,2394,2233,2009/12/28
2200,2400,2300,2009/12/29
2200,2411,2306,2009/12/30
2225,2407,2316,2009/12/31
2200,2407,2303,2010/01/01
2251,2411,2331,2010/01/02
2135,2417,2272,2010/01/04
2100,2400,2250,2010/01/05
2175,2400,2287,2010/01/06
2151,2400,2275,2010/01/07
2171,2351,2261,2010/01/08
2075,2322,2198,2010/01/09
2151,2340,2235,2010/01/11
2100,2300,2200,2010/01/12
2111,2270,2190,2010/01/13
2075,2222,2143,2010/01/14
2076,2217,2146,2010/01/18
2050,2236,2143,2010/01/19
2100,2256,2178,2010/01/20
2051,2277,2164,2010/01/22
2075,2242,2158,2010/01/23
2061,2261,2161,2010/01/25
2081,2271,2176,2010/01/27
2061,2221,2141,2010/01/28
1951,2161,2056,2010/01/29
1951,2119,2035,2010/01/30
1901,2100,2000,2010/02/01
1951,2090,2020,2010/02/02
2000,2135,2067,2010/02/03
2051,2205,2128,2010/02/04
1975,2191,2083,2010/02/05
2000,2211,2105,2010/02/06
2000,2225,2112,2010/02/08
2051,2251,2151,2010/02/09
2001,2275,2137,2010/02/10
1921,2297,2109,2010/02/11
2055,2310,2182,2010/02/12
2051,2290,2170,2010/02/13
2021,2211,2116,2010/02/17
2050,2240,2145,2010/02/18
1975,2200,2087,2010/02/19
2051,2161,2106,2010/02/20
2000,2170,2085,2010/02/22
1975,2161,2068,2010/02/23
2000,2165,2082,2010/02/24
1991,2151,2071,2010/02/25
1941,2075,2008,2010/02/26
1900,2041,1970,2010/03/02
1951,2091,2021,2010/03/04
1921,2137,2029,2010/03/05
2000,2131,2065,2010/03/06
2000,2126,2063,2010/03/08
1751,2080,1915,2010/03/08
2000,2100,2050,2010/03/09
1951,2087,2019,2010/03/10
1910,2060,1985,2010/03/11
1900,2001,1951,2010/03/15
1875,1951,1913,2010/03/15
1800,1998,1899,2010/03/17
1941,1965,1953,2010/03/17
1900,2090,1995,2010/03/18
1851,2035,1943,2010/03/19
1955,1975,1965,2010/03/19
1811,2041,1926,2010/03/20
1851,2057,1951,2010/03/22
1850,1971,1910,2010/03/22
1721,1971,1846,2010/03/25
1901,2060,1981,2010/03/27
1825,2051,1938,2010/03/29
1900,3060,1980,2010/03/30
1901,2076,1988,2010/04/01
1900,2061,1980,2010/04/02
1875,2066,1970,2010/04/03
1911,2084,1997,2010/04/05
1875,2011,1943,2010/04/05
1850,2075,1962,2010/04/06
1800,2011,1906,2010/04/07
1871,2094,1982,2010/04/08
1885,1991,1938,2010/04/08
1900,2078,1989,2010/04/09
1821,2025,1925,2010/04/10
1900,2026,1975,2010/04/12
1700,1975,1837,2010/04/12
1800,2030,1915,2010/04/13
1875,2005,1940,2010/04/15
1800,2000,1900,2010/04/16
1871,1985,1928,2010/04/16
1801,2005,1901,2010/04/17
1781,1970,1875,2010/04/19
1500,1850,1675,2010/04/20
1781,1921,1851,2010/04/22
1751,1935,1843,2010/04/23
1700,1925,1812,2010/04/23
1751,1945,1848,2010/04/24
1800,1990,1900,2010/04/26
1800,1991,1900,2010/04/27
1851,1985,1918,2010/04/28
1780,1925,1852,2010/04/28
1800,1976,1837,2010/04/29
1725,1985,1855,2010/04/30
1845,1901,1873,2010/04/30
1800,1951,1875,2010/05/03
1800,1985,1900,2010/05/04
1851,1964,1907,2010/05/05
1800,1975,1887,2010/05/06
1875,1931,1903,2010/05/06
1831,1965,1898,2010/05/07
1775,1940,1875,2010/05/07
1800,1941,1870,2010/05/08
1811,1991,1901,2010/05/10
1800,1927,1863,2010/05/11
1800,1971,1885,2010/05/12
1800,1955,1877,2010/05/13
1807,1921,1864,2010/05/13
1800,1945,1872,2010/05/14
1850,1940,1895,2010/05/17
1801,1925,1863,2010/05/18
1751,1929,1840,2010/05/19
1800,1911,1855,2010/05/19
1801,1918,1859,2010/05/20
1801,1951,1876,2010/05/21
1801,1961,1881,2010/05/22
1801,1961,1881,2010/05/24
1761,1965,1863,2010/05/25
1761,1971,1866,2010/05/26
1861,1977,1919,2010/05/27
1851,1986,1918,2010/05/28
1821,1986,1903,2010/05/29
1821,1991,1906,2010/05/31
1850,1991,1920,2010/06/01
1800,1990,1900,2010/06/02
1816,1932,1874,2010/06/02
1885,1981,1933,2010/06/03
1801,1965,1883,2010/06/04
1751,1974,1862,2010/06/05
1801,1955,1878,2010/06/07
1801,1920,1860,2010/06/08
1761,1910,1835,2010/06/09
1761,1909,1835,2010/06/10
1750,1916,1833,2010/06/11
1751,1911,1831,2010/06/14
1700,1916,1808,2010/06/14
1701,1906,1803,2010/06/15
1751,1911,1831,2010/06/16
1761,1911,1836,2010/06/17
1711,1908,1809,2010/06/18
1750,1900,1825,2010/06/19
1785,1915,1850,2010/06/21
1751,1950,1851,2010/06/22
1700,1948,1825,2010/06/23
1701,1947,1825,2010/06/24
1831,1950,1890,2010/06/25
1831,1959,1895,2010/06/26
1751,1975,1863,2010/06/28
1800,1999,1900,2010/06/29
1750,1995,1872,2010/06/30
1800,1975,1887,2010/07/01
1851,1970,1910,2010/07/02
1780,1975,1877,2010/07/03
1801,1966,1883,2010/07/05
1831,1961,1896,2010/07/07
1801,1962,1881,2010/07/08
1801,1975,1888,2010/07/09
1801,1995,1898,2010/07/10
1805,1985,1895,2010/07/13
1800,1971,1885,2010/07/14
1800,2000,1900,2010/07/15
1800,2019,1910,2010/07/16
1851,2024,1937,2010/07/17
1791,2024,1907,2010/07/19
1825,2055,1940,2010/07/20
1811,2051,1931,2010/07/21
1800,2077,1938,2010/07/22
1851,2111,1981,2010/07/24
1801,2100,1950,2010/07/26
1901,2071,1986,2010/07/27
1751,2063,1907,2010/07/28
1751,2074,1912,2010/07/29
1851,2108,1980,2010/07/30
1861,2116,1988,2010/07/31
2003,2160,2081,2010/08/02
1891,2164,2027,2010/08/03
1911,2143,2027,2010/08/04
1951,2145,2048,2010/08/05
1901,2122,2011,2010/08/06
1800,2130,1965,2010/08/07
1801,2128,1964,2010/08/09
2011,2158,2084,2010/08/10
1950,2131,2040,2010/08/11
1950,2135,2042,2010/08/12
2001,2121,2061,2010/08/13
2000,2150,2075,2010/08/14
1951,2095,2023,2010/08/17
1900,2085,1992,2010/08/18
1851,2070,1960,2010/08/19
1900,2082,1991,2010/08/20
1900,2079,1989,2010/08/21
1851,2093,1972,2010/08/23
1900,2109,2000,2010/08/24
1950,2090,2020,2010/08/26
1925,2048,1986,2010/08/27
1951,2065,2008,2010/08/28
1901,2041,1971,2010/08/31
1901,2044,1972,2010/09/01
1945,2040,1992,2010/09/02
1921,2050,1985,2010/09/04
1850,2050,1950,2010/09/06
1925,2051,1988,2010/09/07
1946,2059,2002,2010/09/08
1800,1985,1892,2010/09/14
1801,1975,1888,2010/09/16
1850,2070,1960,2010/09/17
1881,1999,1940,2010/09/18
1905,2032,1968,2010/09/20
1901,2081,1991,2010/09/21
1881,2001,1941,2010/09/22
1850,2031,1940,2010/09/24
1821,2031,1926,2010/09/25
1940,2051,1995,2010/09/27
1851,2071,1961,2010/09/28
1851,2011,1931,2010/09/29
1825,2050,1937,2010/09/30
1877,2017,1947,2010/10/01
1851,2001,1926,2010/10/04
1861,1970,1915,2010/10/05
1801,1982,1891,2010/10/06
1901,2011,1956,2010/10/08
1801,2066,1933,2010/10/09
1811,2090,1950,2010/10/11
1811,2141,1976,2010/10/12
1801,2201,2001,2010/10/13
1950,2190,2070,2010/10/14
1851,2205,2028,2010/10/15
1901,2176,2038,2010/10/16
1961,2153,2057,2010/10/18
1801,2089,1945,2010/10/19
2000,2125,2062,2010/10/19
1900,2146,2023,2010/10/20
1921,2165,2043,2010/10/21
1875,2212,2043,2010/10/21
2000,2228,2114,2010/10/22
1975,2230,2102,2010/10/23
1900,2224,2062,2010/10/25
1751,2190,1970,2010/10/25
1900,2230,2065,2010/10/26
1910,2258,2084,2010/10/27
1700,2125,1912,2010/10/27
1900,2180,2040,2010/10/28
1900,2125,2012,2010/10/28
1951,2208,2079,2010/10/29
1721,2131,1926,2010/10/29
1901,2161,2031,2010/10/30
1801,2065,1933,2010/11/01
1751,2040,1896,2010/11/01
1900,2062,1981,2010/11/02
1825,2020,1925,2010/11/03
1651,2015,1833,2010/11/03
1800,2025,1912,2010/11/04
1911,2121,2016,2010/11/08
1860,2201,2030,2010/11/09
1950,2336,2143,2010/11/11
1930,2315,2122,2010/11/12
1825,2251,2038,2010/11/15
1861,2170,2015,2010/11/16
1860,2160,2010,2010/11/18
1825,2136,1980,2010/11/20
1901,2121,2011,2010/11/22
1841,2165,2003,2010/11/22
1900,2215,2057,2010/11/23
1900,2221,2060,2010/11/24
1900,2236,2068,2010/11/25
1851,2201,2026,2010/11/25
1825,2246,2035,2010/11/26
1751,2160,1956,2010/11/26
1851,2185,2018,2010/11/27
1800,2151,1925,2010/11/29
1800,2151,1976,2010/11/29
1911,2181,2046,2010/11/30
1775,2191,1983,2010/12/01
1850,2146,1998,2010/12/01
1851,2200,2025,2010/12/02
1800,2242,2022,2010/12/03
1791,2135,1963,2010/12/03
1701,2210,1955,2010/12/04
1700,2214,1957,2010/12/06
1800,2175,1988,2010/12/06
1651,2200,1925,2010/12/07
1701,2161,1931,2010/12/08
1651,2121,1886,2010/12/09
1701,2166,1933,2010/12/10
1700,2191,1945,2010/12/11
1780,2106,1943,2010/12/11
1675,2143,1909,2010/12/13
1800,2153,1977,2010/12/13
1825,2209,2017,2010/12/14
1651,2216,1933,2010/12/15
1851,2198,2024,2010/12/16
1780,2141,1960,2010/12/20
1805,2135,1970,2010/12/20
1611,2167,1889,2010/12/21
1701,2181,1941,2010/12/22
1732,2132,1932,2010/12/22
1750,2251,2000,2010/12/24
1801,2311,2055,2010/12/25
1801,2322,2061,2010/12/27
1951,2300,2126,2010/12/27
1700,2410,2055,2010/12/28
1701,2390,2045,2010/12/29
2182,2274,2228,2010/12/29
1651,2353,2002,2010/12/30
1955,2305,2130,2010/12/30
1701,2367,2034,2010/12/31
1701,2381,2041,2011/01/01
1751,2390,2070,2011/01/03
1725,2394,2059,2011/01/04
1800,2371,2085,2011/01/05
2050,2200,2125,2011/01/05
1751,2300,2025,2011/01/08
1750,2309,2030,2011/01/10
1751,2380,2065,2011/01/11
1751,2403,2077,2011/01/12
1851,2411,2131,2011/01/14
1871,2414,2142,2011/01/15
1901,2439,2170,2011/01/18
1900,2460,2180,2011/01/19
1975,2466,2221,2011/01/20
1901,2461,2181,2011/01/21
2100,2496,2298,2011/01/22
2180,2520,2350,2011/01/24
2100,2541,2320,2011/01/25
1951,2491,2221,2011/01/27
2001,2481,2241,2011/01/28
2171,2406,2288,2011/01/29
2019,2421,2220,2011/01/31
2121,2445,2283,2011/02/01
2111,2453,2282,2011/02/02
2235,2511,2373,2011/02/03
1951,2506,2228,2011/02/04
2225,2501,2363,2011/02/05
2300,2517,2408,2011/02/07
2200,2496,2348,2011/02/08
2302,2489,2395,2011/02/09
2270,2510,2390,2011/02/10
2300,2500,2400,2011/02/11
2300,2489,2395,2011/02/12
2325,2473,2399,2011/02/14
2200,2450,2325,2011/02/15
2180,2436,2308,2011/02/16
2251,2405,2328,2011/02/17
2101,2395,2248,2011/02/18
2275,2425,2350,2011/02/19
2251,2416,2333,2011/02/21
2221,2423,2322,2011/02/22
2251,2436,2343,2011/02/23
2100,2388,2244,2011/02/24
1900,2369,2134,2011/02/25
2181,2400,2290,2011/02/26
2250,2432,2341,2011/02/28
1861,2111,1986,2011/02/28
2225,2430,2327,2011/03/01
2251,2425,2338,2011/03/02
2270,2425,2347,2011/03/03
2185,2450,2317,2011/03/05
2175,2446,2310,2011/03/07
2001,2425,2213,2011/03/08
2200,2408,2304,2011/03/09
2100,2410,2305,2011/03/10
2111,2391,2251,2011/03/11
2111,2385,2248,2011/03/12
2100,2361,2230,2011/03/14
2100,2330,2215,2011/03/15
2160,2300,2230,2011/03/15
2100,2301,2200,2011/03/16
2125,2280,2202,2011/03/17
2100,2325,2212,2011/03/18
2151,2356,2250,2011/03/19
2211,2315,2260,2011/03/26
2000,2328,2164,2011/03/28
2025,2311,2168,2011/03/29
2151,2281,2216,2011/03/30
2175,2337,2256,2011/04/02
2191,2330,2260,2011/04/05
2111,2378,2244,2011/04/06
2101,2432,2266,2011/04/07
2250,2431,2340,2011/04/08
2171,2431,2301,2011/04/09
2150,2484,2317,2011/04/11
2201,2498,2350,2011/04/13
2125,2470,2297,2011/04/15
2135,2420,2277,2011/04/18
2000,2450,2225,2011/04/19
2200,2432,2316,2011/04/20
2201,2465,2332,2011/04/21
2025,2461,2243,2011/04/22
2025,2475,2250,2011/04/23
2275,2472,2373,2011/04/25
2100,2490,2295,2011/04/26
2251,2487,2369,2011/04/27
2241,2457,2349,2011/04/28
2201,2451,2326,2011/04/29
2251,2471,2361,2011/04/30
2209,2441,2325,2011/05/02
2200,2450,2325,2011/05/03
2121,2435,2278,2011/05/04
2162,2348,2255,2011/05/09
2160,2400,2280,2011/05/10
2175,2415,2295,2011/05/11
2220,2400,2310,2011/05/12
2250,2400,2325,2011/05/13
1800,2401,2005,2011/05/13
2261,2410,2335,2011/05/14
2265,2413,2339,2011/05/16
2360,2365,2363,2011/05/20
2000,2418,2209,2011/06/08
2151,2429,2290,2011/06/09
2150,2402,2276,2011/06/10
2135,2399,2267,2011/06/11
2101,2390,2245,2011/06/13
2000,2250,2125,2011/06/13
2100,2411,2255,2011/06/15
2150,2425,2287,2011/06/16
2153,2411,2282,2011/06/17
2111,2361,2236,2011/06/18
2085,2335,2210,2011/06/20
2141,2360,2250,2011/06/21
2101,2375,2238,2011/06/22
2000,2361,2180,2011/06/23
2122,2400,2261,2011/06/24
2171,2371,2271,2011/06/25
2000,2394,2200,2011/06/27
2001,2391,2200,2011/06/28
2100,2400,2250,2011/06/29
2150,2511,2330,2011/06/30
2091,2411,2251,2011/07/01
2100,2400,2250,2011/07/02
2161,2400,2280,2011/07/04
2151,2464,2307,2011/07/05
2150,2405,2277,2011/07/06
2175,2400,2287,2011/07/07
2100,2390,2245,2011/07/08
2181,2401,2291,2011/07/09
2160,2411,2285,2011/07/11
2150,2411,2280,2011/07/12
2125,2442,2283,2011/07/14
2141,2430,2285,2011/07/15
2121,2435,2278,2011/07/18
2151,2430,2408,2011/07/19
2116,2426,2271,2011/07/20
2100,2442,2271,2011/07/21
2150,2443,2297,2011/07/22
2251,2461,2361,2011/07/23
2200,2474,2337,2011/07/26
2150,2481,2315,2011/07/27
2251,2480,2365,2011/07/28
2100,2481,2290,2011/07/29
2175,2499,2337,2011/07/30
2200,2500,2350,2011/08/01
2200,2521,2361,2011/08/02
2250,2511,2380,2011/08/03
2200,2500,2350,2011/08/20
2251,2501,2376,2011/08/22
2250,2501,2375,2011/08/24
2200,2531,2365,2011/08/25
2250,2531,2390,2011/08/26
2290,2500,2395,2011/08/29
2275,2521,2398,2011/09/02
2250,2461,2355,2011/09/03
2275,2471,2373,2011/09/06
2274,2451,2362,2011/09/07
2210,2502,2356,2011/09/09
2231,2500,2365,2011/09/10
2300,2497,2400,2011/09/12
2285,2515,2400,2011/09/13
2201,2488,2344,2011/09/14
2200,2476,2338,2011/09/16
2200,2451,2325,2011/09/17
2201,2451,2225,2011/09/19
2300,2441,2371,2011/09/20
2150,2441,2295,2011/09/21
2201,2451,2325,2011/09/22
2175,2441,2308,2011/09/23
2251,2415,2333,2011/09/24
2100,2411,2255,2011/09/26
2101,2401,2250,2011/09/28
1900,2251,2075,2011/09/30
1901,2199,2050,2011/10/01
1900,2092,2000,2011/10/03
1881,2106,1993,2011/10/04
1891,2111,2001,2011/10/05
1900,2085,1990,2011/10/07
1851,2091,1971,2011/10/08
1901,2112,2006,2011/10/10
1900,2118,2009,2011/10/11
1900,2080,1990,2011/10/12
1851,2117,1984,2011/10/13
1900,2102,2002,2011/10/14
1900,2115,2007,2011/10/15
1901,2171,2036,2011/10/17
1901,2185,2043,2011/10/18
1901,2151,2026,2011/10/19
1811,2135,1973,2011/10/20
1800,2122,1961,2011/10/21
1925,2121,2023,2011/10/21
1800,2151,1975,2011/10/22
1875,2190,2032,2011/10/25
1961,2151,2056,2011/10/25
1900,2121,2011,2011/10/31
1851,2172,2011,2011/11/01
1851,2160,2005,2011/11/02
1905,2126,2016,2011/11/02
1850,2175,2000,2011/11/03
1850,2189,2050,2011/11/04
1900,2122,2011,2011/11/04
1850,2193,2050,2011/11/05
1851,2205,2028,2011/11/08
1911,2140,2026,2011/11/08
1904,2141,2023,2011/11/11
1950,2131,2041,2011/11/14
1850,2135,1993,2011/11/16
1900,2131,2016,2011/11/18
1851,2195,2040,2011/11/21
1900,2131,2016,2011/11/21
1900,2217,2060,2011/11/22
1900,2215,2110,2011/11/23
1931,2181,2056,2011/11/23
1900,2236,2065,2011/11/25
1910,2191,2051,2011/11/25
1900,2241,2075,2011/11/26
1900,2217,2060,2011/11/28
1990,2211,2101,2011/11/28
1951,2240,2100,2011/11/29
1951,2231,2040,2011/11/30
1951,2251,2100,2011/12/01
1925,2140,2033,2011/12/02
1900,2201,2050,2011/12/03
1851,2200,2025,2011/12/05
1975,2200,2088,2011/12/05
1825,2211,2015,2011/12/06
1851,2215,2025,2011/12/07
1900,2191,2046,2011/12/07
1875,2231,2035,2011/12/08
1901,2225,2050,2011/12/09
1950,2205,2078,2011/12/09
1901,2250,2075,2011/12/10
1875,2229,2052,2011/12/12
2031,2221,2126,2011/12/12
1825,2231,2027,2011/12/13
1900,2230,2065,2011/12/14
1900,2260,2080,2011/12/14
1901,2280,2140,2011/12/15
1901,2281,2090,2011/12/16
1950,2271,2111,2011/12/16
1900,2284,2092,2011/12/17
1875,2319,2092,2011/12/19
1941,2325,2133,2011/12/19
2000,2365,2130,2011/12/20
2000,2385,2192,2011/12/21
2012,2371,2192,2011/12/21
2050,2375,2212,2011/12/22
2051,2351,2200,2011/12/23
2000,2355,2178,2011/12/23
2100,2380,2240,2011/12/24
2121,2370,2245,2011/12/26
1900,2395,2148,2011/12/26
2151,2384,2270,2011/12/27
2151,2400,2275,2011/12/28
2175,2450,2311,2011/12/28
2151,2456,2300,2011/12/29
2131,2455,2300,2011/12/30
2125,2451,2288,2011/12/30
2150,2451,2300,2011/12/31
2150,2467,2310,2012/01/02
2201,2479,2340,2012/01/03
2251,2501,2376,2012/01/04
2000,2451,2226,2012/01/06
2251,2425,2338,2012/01/09
1900,2421,2161,2012/01/11
2200,2440,2320,2012/01/13
2195,2480,2340,2012/01/16
2000,2411,2206,2012/01/16
2100,2430,2265,2012/01/17
2201,2420,2310,2012/01/18
2150,2431,2291,2012/01/18
2001,2426,2213,2012/01/19
2121,2426,2265,2012/01/20
2201,2436,2318,2012/01/21
2201,2435,2317,2012/01/23
1950,2430,2190,2012/01/23
2200,2451,2325,2012/01/24
2221,2484,2360,2012/01/25
2200,2465,2332,2012/01/27
2290,2450,2370,2012/01/27
2251,2467,2355,2012/01/28
2200,2435,2317,2012/01/30
2201,2443,2322,2012/01/31
1900,2425,2163,2012/01/31
2100,2428,2265,2012/02/01
2201,2440,2320,2012/02/02
2201,2430,2315,2012/02/03
2201,2421,2312,2012/02/04
2175,2421,2300,2012/02/06
2300,2400,2350,2012/02/06
2175,2420,2300,2012/02/07
2151,2430,2300,2012/02/08
2000,2425,2213,2012/02/08
2201,2470,2335,2012/02/09
2201,2479,2340,2012/02/10
2320,2425,2373,2012/02/10
2201,2470,2335,2012/02/11
2221,2451,2335,2012/02/13
2201,2457,2326,2012/02/14
2211,2466,2340,2012/02/15
2200,2435,2318,2012/02/15
2175,2440,2310,2012/02/17
2200,2435,2317,2012/02/20
2125,2458,2290,2012/02/24
2201,2491,2345,2012/02/25
2300,2451,2376,2012/02/25
2200,2489,2345,2012/02/27
2325,2411,2368,2012/02/27
2100,2490,2290,2012/02/28
2100,2499,2300,2012/02/29
2271,2501,2340,2012/03/01
2201,2531,2365,2012/03/03
2200,2582,2341,2012/03/05
2251,2595,2425,2012/03/06
2301,2630,2465,2012/03/07
2250,2690,2485,2012/03/12
2375,2750,2565,2012/03/13
2350,2750,2550,2012/03/14
2400,2750,2575,2012/03/15
2251,2757,2500,2012/03/19
2350,2701,2525,2012/03/20
2500,2751,2625,2012/03/21
2400,2731,2565,2012/03/22
2400,2786,2553,2012/03/26
2475,2881,2677,2012/03/27
2375,2890,2630,2012/03/28
2400,2890,2645,2012/03/29
2400,2880,2640,2012/03/30
2400,2861,2631,2012/03/31
2500,2965,2735,2012/04/02
2500,2981,2550,2012/04/03
2551,3000,2750,2012/04/04
2751,3064,2900,2012/04/05
2885,3181,3082,2012/04/09
2869,3200,3035,2012/04/10
2801,3240,3020,2012/04/11
2751,3231,2990,2012/04/12
2901,3235,3065,2012/04/13
2800,3235,3017,2012/04/16
2800,3240,3020,2012/04/17
3051,3240,3145,2012/04/18
2901,3231,3070,2012/04/19
2900,3270,3075,2012/04/21
2900,3301,3100,2012/04/23
3250,3348,3300,2012/04/25
3200,3371,3285,2012/04/26
3175,3388,3282,2012/04/27
3121,3451,3235,2012/04/28
3201,3571,3385,2012/04/30
3275,3660,3425,2012/05/02
2900,3160,3030,2012/05/02
3475,3665,3570,2012/05/03
3400,3650,3525,2012/05/04
3200,3625,3412,2012/05/05
3351,3630,3440,2012/05/07
3340,3570,3455,2012/05/08
3101,3545,3323,2012/05/09
3000,3535,3265,2012/05/10
3200,3501,3350,2012/05/11
3000,3351,3200,2012/05/12
2950,3311,3130,2012/05/14
2971,3325,3150,2012/05/15
3000,3311,3150,2012/05/16
3000,3281,3140,2012/05/17
2901,3311,3106,2012/05/18
3100,3351,3225,2012/05/19
2925,3390,3175,2012/05/21
3000,3410,3205,2012/05/22
3100,3337,3275,2012/05/23
3111,3362,3235,2012/05/24
3000,3356,3175,2012/05/25
3011,3361,3135,2012/05/26
3000,3361,3180,2012/05/28
3000,3361,3181,2012/05/29
2901,3427,3164,2012/05/30
3101,3411,3256,2012/05/31
2950,3361,3155,2012/06/02
3000,3351,3175,2012/06/04
3000,3300,3150,2012/06/05
3000,3050,3025,2012/06/05
2800,3351,3075,2012/06/06
2900,3360,3130,2012/06/07
3000,3380,3190,2012/06/08
3051,3400,3225,2012/06/09
2500,3375,2937,2012/06/12
3051,3415,3235,2012/06/14
3000,3429,3214,2012/06/15
3000,3401,3200,2012/06/16
3200,3451,3325,2012/06/18
3101,3476,3338,2012/06/19
3201,3500,3450,2012/06/20
2800,3535,3200,2012/06/21
3301,3624,3512,2012/06/22
3550,3621,3585,2012/06/23
3411,3691,3551,2012/06/25
3521,3700,3611,2012/06/26
3401,3776,3588,2012/06/27
3401,3848,3625,2012/06/28
3500,3875,3688,2012/06/29
3600,3930,3765,2012/06/30
3650,3950,3850,2012/07/02
3500,3975,3775,2012/07/04
3750,3981,3865,2012/07/05
3821,4041,3875,2012/07/06
3871,4069,3970,2012/07/07
3980,4125,4050,2012/07/09
3900,4130,4015,2012/07/10
4100,4234,4175,2012/07/11
3950,4300,4125,2012/07/12
4250,4465,4358,2012/07/13
4332,4476,4400,2012/07/14
4500,4665,4600,2012/07/16
4445,4721,4525,2012/07/17
4625,4851,4740,2012/07/19
4825,5081,4900,2012/07/20
5100,5266,5175,2012/07/21
4601,5000,4800,2012/07/24
4651,4875,4760,2012/07/25
4400,4925,4660,2012/07/26
4075,4251,4163,2012/08/06
4301,4500,4400,2012/08/08
3851,4425,4135,2012/08/09
3851,4375,4113,2012/08/11
4100,4440,4220,2012/08/13
4000,4351,4200,2012/08/16
4240,4411,4325,2012/08/21
4000,4538,4269,2012/08/22
4350,4581,4465,2012/08/23
4500,4700,4600,2012/08/24
4441,4660,4550,2012/08/25
4451,4697,4574,2012/08/27
4586,4660,4623,2012/08/28
4501,4700,4600,2012/08/29
4500,4680,4580,2012/08/30
4400,4641,4520,2012/09/01
4401,4600,4500,2012/09/03
4500,4600,4550,2012/09/04
4511,4521,4516,2012/09/05
4501,4550,4525,2012/09/06
4500,4521,4511,2012/09/07
4100,4400,4250,2012/09/08
4000,4000,4000,2012/09/10
4100,4325,4212,2012/09/11
4100,4300,4200,2012/09/12
3000,4100,3550,2012/09/15
3400,3555,3477,2012/09/21
3000,3251,3125,2012/09/24
3005,3205,3105,2012/09/25
2900,3300,3200,2012/09/26
2901,3151,3026,2012/09/27
2751,3111,2931,2012/09/28
2501,3060,2780,2012/10/01
2400,2805,2603,2012/10/03
2301,2852,2576,2012/10/04
2451,2951,2701,2012/10/05
2450,3076,2763,2012/10/06
2401,3075,2738,2012/10/08
2240,3025,2632,2012/10/09
2411,3190,2800,2012/10/10
2650,3230,2940,2012/10/11
2650,3178,2914,2012/10/12
2601,3132,2865,2012/10/13
2511,3111,2811,2012/10/16
2651,3101,2876,2012/10/17
2701,3125,2913,2012/10/18
2800,3166,2983,2012/10/19
2751,3200,2875,2012/10/20
2850,3208,3029,2012/10/22
3201,3201,3201,2012/10/22
2850,3196,3032,2012/10/23
2600,3191,2896,2012/10/23
2851,3288,3070,2012/10/25
2900,3200,3050,2012/10/25
2851,3326,3088,2012/10/26
2800,3200,3000,2012/10/26
2701,3212,2960,2012/10/29
2701,3200,2950,2012/10/30
2700,3234,2957,2012/10/31
2800,3170,2985,2012/10/31
2611,3334,2973,2012/11/01
2800,3205,3003,2012/11/02
2850,3200,3025,2012/11/03
2851,3161,3006,2012/11/04
2701,3172,2936,2012/11/05
2800,3131,2966,2012/11/05
2750,3206,2975,2012/11/06
2750,3275,3012,2012/11/07
2800,3171,2986,2012/11/07
2701,3306,3004,2012/11/08
2750,3296,3023,2012/11/09
2931,3251,3091,2012/11/09
2801,3241,3021,2012/11/11
2750,3240,2995,2012/11/19
2750,3275,3012,2012/11/20
2860,3201,3031,2012/11/20
2850,3230,3040,2012/11/21
2900,3201,3051,2012/11/21
2760,3220,2990,2012/11/22
2750,3216,2985,2012/11/23
2850,3171,3011,2012/11/23
2850,3256,3053,2012/11/24
2850,3256,3053,2012/11/26
2851,3264,3057,2012/11/28
2751,3262,3006,2012/11/29
2850,3222,3036,2012/11/30
2845,3118,2981,2012/12/03
2811,2905,2853,2012/12/03
2800,3106,2953,2012/12/04
2750,3140,2945,2012/12/05
2801,3168,2984,2012/12/06
2801,3168,2985,2012/12/07
3000,3150,3075,2012/12/07
2830,3188,3009,2012/12/08
2850,3190,3020,2012/12/10
3021,3170,3096,2012/12/10
2851,3214,3032,2012/12/11
2851,3214,3032,2012/12/12
3050,3150,3100,2012/12/12
2821,3220,3020,2012/12/13
2850,3260,3055,2012/12/14
2801,3302,3051,2012/12/15
2875,3250,3061,2012/12/15
2900,3335,3117,2012/12/17
2975,3270,3123,2012/12/19
2850,3300,3075,2012/12/20
2911,3300,3105,2012/12/21
3011,3271,3141,2012/12/21
2850,3314,3082,2012/12/22
2851,3310,3080,2012/12/24
3000,3274,3135,2012/12/25
3011,3282,3146,2012/12/29
2950,3258,3104,2012/12/31
2951,3254,3102,2013/01/01
2975,3266,3120,2013/01/02
2900,3102,3051,2013/01/02
2950,3256,3103,2013/01/03
2950,3268,3109,2013/01/04
2950,3230,3090,2013/01/05
2900,3168,3034,2013/01/07
2950,3176,3063,2013/01/08
2950,3174,3062,2013/01/09
2900,3174,3035,2013/01/10
2900,3154,3027,2013/01/11
2970,3182,3076,2013/01/12
3160,3230,3195,2013/01/15
2950,3224,3087,2013/01/16
2900,3254,3077,2013/01/17
3070,3234,3152,2013/01/18
3086,3222,3154,2013/01/19
3000,3232,3115,2013/01/21
3000,3264,3132,2013/01/22
3050,3290,3170,2013/01/23
3075,3250,3162,2013/01/24
2900,3232,3066,2013/01/25
3050,3270,3160,2013/01/28
3070,3200,3135,2013/01/30
3000,3238,3120,2013/01/31
3050,3258,3154,2013/02/01
3160,3201,3181,2013/02/01
3050,3252,3151,2013/02/02
2860,3170,3015,2013/02/06
3000,3010,3005,2013/02/11
3100,3130,3115,2013/02/13
2900,3200,3050,2013/02/14
2900,3198,3045,2013/02/15
2900,3232,3065,2013/02/16
3050,3252,3150,2013/02/18
2950,3262,3110,2013/02/19
3021,3270,3150,2013/02/20
2900,3298,3090,2013/02/21
2750,3230,3020,2013/02/22
3001,3286,3143,2013/02/23
3000,3276,3135,2013/02/25
3151,3200,3175,2013/02/25
3000,3286,3143,2013/02/26
2975,3270,3100,2013/02/27
3105,3300,3203,2013/03/08
3250,3620,3435,2013/03/09
3250,3603,3425,2013/03/12
3250,3591,3415,2013/03/13
3251,3499,3375,2013/03/13
3250,3586,3412,2013/03/14
3200,3582,3392,2013/03/15
3350,3400,3375,2013/03/15
3201,3540,3370,2013/03/16
3200,3576,3382,2013/03/18
3400,3451,3426,2013/03/18
3100,3550,3325,2013/03/19
3200,3591,3400,2013/03/21
3200,3621,3412,2013/03/22
3351,3406,3376,2013/03/22
3201,3660,3430,2013/03/23
3350,3745,3550,2013/04/02
3550,3786,3668,2013/04/03
3321,3601,3461,2013/04/03
3401,3900,3650,2013/04/04
3701,4070,3885,2013/04/05
3000,3600,3300,2013/04/05
3850,4181,4015,2013/04/06
3775,3960,3868,2013/04/08
3891,4161,4030,2013/04/09
3880,4225,4050,2013/04/10
3775,4061,3975,2013/04/12
3680,4070,3875,2013/04/13
3400,3760,3580,2013/04/15
3651,3926,3812,2013/04/16
3550,3901,3725,2013/04/17
3730,4019,3890,2013/04/18
3500,4101,3800,2013/04/20
3600,3901,3750,2013/05/02
3700,3940,3820,2013/05/03
3721,3951,3835,2013/05/04
3751,3901,3825,2013/05/06
3600,3895,3745,2013/05/07
3500,3700,3600,2013/05/15
3401,3632,3616,2013/06/05
3400,3672,3531,2013/06/06
3380,3640,3510,2013/06/07
3300,3654,3477,2013/06/08
3411,3672,3541,2013/06/10
3451,3738,3590,2013/06/12
3450,3798,3610,2013/06/13
3450,3894,3670,2013/06/14
3470,3952,3760,2013/06/15
3770,4000,3885,2013/06/17
3800,4094,3947,2013/06/18
3400,3748,3570,2013/06/29
3440,3772,3610,2013/07/01
3550,3794,3670,2013/07/02
3450,3728,3585,2013/07/03
3425,3802,3614,2013/07/04
3550,3798,3675,2013/07/06
3501,3784,3642,2013/07/08
3450,3802,3625,2013/07/09
3582,3849,3715,2013/07/10
3400,3758,3575,2013/07/14
3476,3640,3565,2013/07/17
3400,3626,3513,2013/07/18
3261,3530,3395,2013/07/19
2800,3200,3000,2013/07/23
2900,3120,3010,2013/07/25
2680,3000,2840,2013/07/26
2612,3076,2844,2013/07/27
2700,3071,2885,2013/07/29
2950,3061,3006,2013/07/30
2950,3160,3060,2013/07/31
3000,3230,3115,2013/08/01
3021,3290,3155,2013/08/02
2911,3500,3205,2013/10/08
2901,3550,3225,2013/10/09
2901,3668,3384,2013/10/10
2901,3575,3240,2013/10/14
3000,3570,3285,2013/10/15
3000,3568,3284,2013/10/17
2601,3500,3050,2013/10/21
2570,3500,3035,2013/10/22
2600,3694,3146,2013/10/23
2580,3758,3180,2013/10/24
2600,3750,3170,2013/10/25
2592,3760,3175,2013/10/26
2570,3916,3243,2013/10/28
2592,3900,3242,2013/10/29
2560,3850,3210,2013/10/30
2560,3750,3155,2013/11/01
2600,3950,3275,2013/11/07
2600,4000,3300,2013/11/08
2600,3990,3290,2013/11/09
2600,4000,3300,2013/11/11
2601,3950,3225,2013/11/13
2600,3960,3280,2013/11/14
2600,4020,3310,2013/11/15
2600,3900,3250,2013/11/16
2580,3830,3210,2013/11/18
2600,3802,3201,2013/11/19
2600,3940,3270,2013/11/20
2600,3900,3250,2013/11/21
2600,4030,3315,2013/11/22
2600,3900,3250,2013/11/30
2658,3960,3300,2013/12/02
2686,3800,3243,2013/12/03
2601,3860,3230,2013/12/04
2620,3796,3210,2013/12/05
2601,3858,3229,2013/12/06
2560,3872,3215,2013/12/07
2800,3922,3361,2013/12/10
2800,3800,3300,2013/12/14
2658,3650,3154,2013/12/16
2600,3870,3235,2013/12/17
2700,3820,3260,2013/12/24
2650,3844,3245,2013/12/25
2650,3800,3225,2013/12/26
2750,3800,3275,2013/12/28
2600,3700,3150,2013/12/30
2580,3751,3165,2014/01/01
2650,3750,3200,2014/01/02
2650,3700,3175,2014/01/03
2700,3662,3180,2014/01/04
2621,3625,3125,2014/01/06
2600,3601,3100,2014/01/07
2600,3625,3112,2014/01/08
2630,3560,3190,2014/01/09
2600,3540,3070,2014/01/13
2650,3536,3090,2014/01/15
2600,3620,3110,2014/01/16
2600,3690,3145,2014/01/17
2570,3638,3100,2014/01/18
2650,3752,3200,2014/01/20
2650,3702,3175,2014/01/21
2600,3602,3100,2014/01/22
2700,3745,3222,2014/01/23
2650,3800,3225,2014/01/25
2650,3800,3225,2014/01/27
2615,3711,3165,2014/01/28
2700,3750,3225,2014/01/29
2651,3730,3190,2014/01/30
2800,3800,3300,2014/01/31
2750,3750,3250,2014/02/01
2850,3786,3318,2014/02/03
2700,3770,3235,2014/02/04
2600,3746,3170,2014/02/05
2751,3720,3235,2014/02/06
2700,3750,3225,2014/02/07
2700,3768,3234,2014/02/08
2700,3710,3205,2014/02/10
2620,3690,3160,2014/02/12
2700,3780,3240,2014/02/13
2700,3780,3240,2014/02/14
2900,3748,3324,2014/02/15
2900,3748,3325,2014/02/17
2900,3790,3345,2014/02/18
2900,3950,3345,2014/02/19
2800,3850,3225,2014/02/21
2800,3851,3225,2014/02/24
2900,3861,3330,2014/02/25
3000,3951,3475,2014/02/26
3000,4011,3505,2014/02/27
2900,4100,3500,2014/03/01
3100,4200,3650,2014/03/03
3000,4202,3600,2014/03/05
3250,4242,3745,2014/03/06
3000,4228,3614,2014/03/07
3251,4200,3725,2014/03/08
4046,4180,4110,2014/03/10
3100,4175,3637,2014/03/11
3400,4158,3728,2014/03/12
2900,4181,3540,2014/03/13
3000,4150,3575,2014/03/14
3300,4075,3685,2014/03/20
3350,4100,3725,2014/03/21
3300,4100,3700,2014/03/24
2900,4160,3530,2014/03/25
3100,4111,3605,2014/03/26
3200,4100,3650,2014/03/27
3300,4161,3730,2014/03/28
3300,4200,3750,2014/03/29
3300,4300,3800,2014/04/01
3300,4225,3765,2014/04/02
3300,4200,3750,2014/04/03
3000,4250,3625,2014/04/04
3300,4200,3750,2014/04/05
3000,4200,3600,2014/04/07
3300,4220,3760,2014/04/09
3300,4300,3700,2014/04/11
3300,4300,3800,2014/04/12
3000,4201,3600,2014/04/16
3375,4150,3760,2014/04/17
3300,4300,3800,2014/04/24
3850,4500,4175,2014/04/25
3800,4500,4150,2014/04/26
3600,4600,4100,2014/04/28
4050,4672,4360,2014/04/29
3850,4750,4300,2014/04/30
3800,4752,4275,2014/05/07
4000,4748,4375,2014/05/09
3500,4450,4000,2014/05/19
3500,4500,4000,2014/05/20
3500,4500,4000,2014/05/21
3800,4561,4200,2014/05/23
3900,4511,4205,2014/05/24
3800,4539,4165,2014/05/27
3800,4500,4150,2014/05/28
3700,4425,4062,2014/05/29
3500,4100,3750,2014/05/31
3700,4051,3875,2014/06/03
3800,4185,3985,2014/06/04
3451,4050,3750,2014/06/05
3686,4176,3931,2014/06/06
3700,4150,3925,2014/06/07
3300,4050,3675,2014/06/09
3500,4102,3801,2014/06/10
3500,4101,3800,2014/06/11
3600,4202,3901,2014/06/12
3300,4150,3725,2014/06/13
3300,4170,3735,2014/06/14
3500,4100,3800,2014/06/16
3550,4100,3825,2014/06/17
3550,4100,3825,2014/06/18
3500,4000,3750,2014/06/19
3550,4000,3775,2014/06/20
3400,3900,3650,2014/06/21
3500,4000,3750,2014/06/23
3200,3901,3550,2014/06/25
3200,4011,3605,2014/06/26
3400,4100,3750,2014/06/27
3600,4111,3855,2014/06/28
3700,4175,3938,2014/06/30
3700,4194,3947,2014/07/01
3600,4150,3875,2014/07/02
3400,4152,3776,2014/07/03
3600,4150,3875,2014/07/04
3600,4100,3850,2014/07/05
3500,4050,3775,2014/07/07
3300,3950,3625,2014/07/08
3420,3975,3700,2014/07/09
3000,3601,3300,2014/07/11
3300,4050,3675,2014/07/14
3400,4100,3750,2014/07/16
3400,4050,3725,2014/07/17
3500,4200,3850,2014/07/18
3650,4160,3905,2014/07/19
3300,4025,3662,2014/07/21
3350,4100,3745,2014/07/24
3400,4106,3753,2014/07/25
3300,4050,3675,2014/07/26
3400,4000,3700,2014/07/28
3400,4011,3705,2014/07/30
3500,4000,3750,2014/07/31
3211,4011,3611,2014/08/04
3201,3900,3550,2014/08/05
3200,3950,3575,2014/08/06
3400,3900,3650,2014/08/07
3400,3900,3650,2014/08/08
3300,3900,3600,2014/08/09
3000,3900,3450,2014/08/11
3400,3900,3650,2014/08/12
3501,3851,3676,2014/08/13
3400,3990,3695,2014/08/16
3200,3900,3550,2014/08/19
3300,3781,3540,2014/08/20
3000,3865,3432,2014/08/21
3000,3870,3435,2014/08/22
3000,3900,3450,2014/08/23
3250,3870,3560,2014/08/25
3300,3700,3500,2014/08/28
3400,3700,3550,2014/08/30
3201,3700,3450,2014/09/01
2900,3750,3325,2014/09/02
3000,3550,3275,2014/09/04
2900,3200,3050,2014/09/08
2950,3200,3075,2014/09/10
3000,3250,3125,2014/09/13
2600,3301,2850,2014/09/15
2900,3351,3125,2014/09/16
2775,3351,3062,2014/09/17
2900,3300,3100,2014/09/19
2900,3200,3050,2014/09/25
2700,3311,3005,2014/09/26
2900,3301,3100,2014/09/29
2701,3151,2875,2014/09/30
2700,3220,2940,2014/10/01
2770,3100,2935,2014/10/04
2700,3151,2925,2014/10/07
2751,3250,3000,2014/10/08
2700,3268,2984,2014/10/09
2700,3358,3029,2014/10/10
2900,3348,3124,2014/10/11
2900,3242,3071,2014/10/13
2700,3070,2885,2014/10/14
2875,3300,3087,2014/10/16
2700,3200,2950,2014/10/18
2900,3211,3055,2014/10/20
2800,3166,2983,2014/10/21
2700,3152,2926,2014/10/22
2800,3202,3001,2014/10/28
2700,3280,2990,2014/10/29
3000,3410,3205,2014/10/31
2900,3370,3125,2014/11/01
2900,3415,3157,2014/11/03
3000,3500,3250,2014/11/04
2811,3488,3150,2014/11/05
3000,3465,3232,2014/11/06
2850,3388,3119,2014/11/07
2850,3425,3137,2014/11/08
2800,3490,3145,2014/11/10
2800,3475,3137,2014/11/11
2800,3425,3112,2014/11/13
2800,3440,3120,2014/11/14
2800,3420,3110,2014/11/15
2800,3422,3111,2014/11/17
2700,3372,3036,2014/11/18
2750,3375,3062,2014/11/19
2750,3388,3069,2014/11/20
2750,3380,3065,2014/11/21
2750,3394,3072,2014/11/22
2800,3414,3107,2014/11/24
2800,3475,3137,2014/11/25
2800,3462,3131,2014/11/26
2800,3476,3138,2014/11/27
2800,3480,3140,2014/11/28
2800,3450,3125,2014/11/29
2800,3450,3125,2014/12/01
2750,3330,3040,2014/12/02
2700,3366,3033,2014/12/03
2800,3425,3112,2014/12/04
2750,3336,3083,2014/12/05
2800,3348,3074,2014/12/06
2750,3336,3043,2014/12/08
2800,3364,3082,2014/12/09
2800,3404,3102,2014/12/10
2800,3406,3103,2014/12/11
2800,3392,3096,2014/12/12
2850,3366,3108,2014/12/13
2800,3340,3070,2014/12/15
2800,3380,3090,2014/12/16
2800,3311,3055,2014/12/17
2800,3301,3050,2014/12/18
2900,3232,3066,2014/12/19
2800,3284,3042,2014/12/20
2800,3250,3025,2014/12/22
2800,3282,3041,2014/12/23
2850,3382,3116,2014/12/24
2900,3366,3133,2014/12/25
2850,3300,3075,2014/12/26
2950,3400,3175,2014/12/27
2950,3436,3193,2014/12/29
3000,3500,3250,2014/12/30
2850,3450,3150,2014/12/31
2800,3370,3085,2015/01/01
2900,3300,3100,2015/01/02
2960,3346,3153,2015/01/03
2900,3418,3159,2015/01/05
2800,3390,3095,2015/01/06
2800,3424,3112,2015/01/07
3011,3430,3220,2015/01/08
2900,3436,3168,2015/01/09
2900,3416,3158,2015/01/10
3000,3438,3219,2015/01/12
3000,3438,3219,2015/01/12
2900,3390,3145,2015/01/13
2900,3390,3145,2015/01/13
2800,3450,3125,2015/01/14
2800,3450,3125,2015/01/14
2751,3338,3044,2015/01/15
2751,3338,3044,2015/01/15
2911,3300,3105,2015/01/16
2911,3300,3105,2015/01/16
2700,3395,3047,2015/01/17
2700,3395,3047,2015/01/17
2800,3431,3115,2015/01/19
2850,3420,3135,2015/01/20
2850,3432,3141,2015/01/21
2850,3420,3135,2015/01/22
2850,3360,3105,2015/01/23
2850,3300,3075,2015/01/27
2750,3276,3013,2015/01/29
2700,3340,3020,2015/01/30
2800,3320,3060,2015/01/31
2875,3300,3087,2015/02/03
2875,3374,3124,2015/02/04
2850,3390,3120,2015/02/05
2800,3375,3087,2015/02/06
2800,3376,3088,2015/02/07
2850,3300,3075,2015/02/09
2800,3340,3070,2015/02/10
2752,3300,3026,2015/02/11
2800,3246,3023,2015/02/12
2850,3330,3090,2015/02/13
2800,3358,3079,2015/02/14
2850,3350,3100,2015/02/16
2900,3400,3150,2015/02/18
2900,3425,3162,2015/02/23
2850,3350,3100,2015/02/25
3000,3370,3185,2015/02/27
2900,3380,3140,2015/02/28
2950,3350,3150,2015/03/02
2950,3352,3151,2015/03/03
2900,3390,3145,2015/03/04
2801,3300,3050,2015/03/05
2900,3250,3075,2015/03/11
2850,3300,3075,2015/03/12
2800,3261,3030,2015/03/13
2850,3290,3070,2015/03/14
2850,3255,3052,2015/03/16
2800,3271,3035,2015/03/18
2800,3256,3028,2015/03/19
2800,3270,3035,2015/03/20
2800,3348,3074,2015/03/23
2900,3321,3110,2015/03/24
2800,3250,3025,2015/03/25
2800,3160,2980,2015/03/26
2800,3280,3040,2015/03/27
2800,3319,3060,2015/03/30
2850,3240,3045,2015/04/01
2850,3318,3084,2015/04/02
2800,3300,3050,2015/04/03
2900,3470,3185,2015/04/07
2900,3490,3195,2015/04/08
2750,3400,3075,2015/04/09
3025,3500,3262,2015/04/10
3000,3550,3275,2015/04/15
3000,3570,3285,2015/04/16
3000,3570,3285,2015/04/17
3150,3660,3405,2015/04/18
3100,3670,3385,2015/04/20
3000,3680,3340,2015/04/22
3250,3730,3490,2015/04/23
3300,3801,3550,2015/04/24
3300,3981,3640,2015/04/25
3400,3990,3695,2015/04/27
3400,3990,3695,2015/04/28
3450,4000,3725,2015/04/29
3351,4005,3678,2015/04/30
3400,3995,3697,2015/05/02
3500,4121,3810,2015/05/06
3500,4215,3857,2015/05/07
3500,4202,3851,2015/05/08
3500,4152,3826,2015/05/09
3500,4116,3808,2015/05/11
3400,4111,3755,2015/05/12
3200,3880,3540,2015/05/14
3200,3830,3515,2015/05/15
3400,3900,3650,2015/05/18
3500,3870,3685,2015/05/19
3400,3800,3600,2015/05/20
3400,3700,3550,2015/05/21
3400,3711,3555,2015/05/22
3200,3550,3375,2015/05/26
3000,3600,3300,2015/05/28
3450,3750,3600,2015/05/29
3500,3851,3675,2015/05/30
3400,3850,3625,2015/06/01
3400,3860,3630,2015/06/02
3400,3800,3600,2015/06/03
3400,3851,3625,2015/06/04
3300,3875,3587,2015/06/05
3300,3800,3550,2015/06/06
3350,3720,3535,2015/06/08
3300,3700,3500,2015/06/09
3350,3731,3540,2015/06/11
3050,3700,3375,2015/06/12
3000,3600,3300,2015/06/13
3200,3545,3375,2015/06/15
3150,3281,3215,2015/06/17
3100,3492,3300,2015/06/19
3050,3571,3400,2015/06/20
3200,3561,3400,2015/06/22
3100,3475,3300,2015/06/24
3200,3451,3350,2015/06/25
3200,3475,3400,2015/06/26
3000,3475,3356,2015/06/27
3000,3500,3375,2015/06/29
3200,3511,3433,2015/06/30
3100,3515,3411,2015/07/01
3200,3551,3463,2015/07/03
3300,3575,3507,2015/07/06
3200,3551,3464,2015/07/07
3200,3580,3485,2015/07/08
3291,3520,3462,2015/07/09
3300,3550,3487,2015/07/10
3200,3501,3426,2015/07/13
3175,3560,3463,2015/07/14
3200,3630,3523,2015/07/15
3200,3630,3522,2015/07/16
3221,3550,3468,2015/07/17
3151,3475,3394,2015/07/20
3000,3321,3241,2015/07/21
3000,3300,3225,2015/07/22
3055,3300,3239,2015/07/23
2800,3200,3100,2015/07/28
2900,3225,3183,2015/07/30
2950,3200,3137,2015/08/03
2850,3200,3112,2015/08/04
2900,3250,3163,2015/08/07
2900,3255,3166,2015/08/08
2700,3140,3030,2015/08/10
3011,3320,3242,2015/08/12
2900,3350,3237,2015/08/13
2900,3200,3125,2015/08/14
2900,3200,3125,2015/08/17
3000,3200,3150,2015/08/18
2900,3225,3143,2015/08/19
2900,3200,3125,2015/08/24
2900,3200,3125,2015/08/25
3000,3350,3262,2015/08/26
2925,3300,3206,2015/08/27
3000,3200,3150,2015/08/28
2850,3350,3225,2015/09/01
3000,3250,3187,2015/09/03
3100,3430,3347,2015/09/07
3000,3250,3187,2015/09/23
3000,3251,3188,2015/09/24
2900,3251,3163,2015/09/26
2951,3201,3138,2015/09/28
3000,3300,3225,2015/09/29
2800,3425,3268,2015/10/01
3000,3482,3361,2015/10/03
3000,3600,3450,2015/10/05
3200,3732,3599,2015/10/06
3200,3711,3583,2015/10/07
3300,3932,3774,2015/10/09
3000,3770,3577,2015/10/10
3200,3718,3588,2015/10/12
3200,3775,3631,2015/10/14
3100,3855,3666,2015/10/15
3300,3956,3792,2015/10/16
3300,3960,3795,2015/10/17
3200,3892,3719,2015/10/19
3000,3855,3641,2015/10/20
3250,3722,3604,2015/10/21
3200,3680,3560,2015/10/23
3200,3700,3575,2015/10/24
3200,3911,3733,2015/10/26
3200,3872,3704,2015/10/27
3100,3840,3655,2015/10/28
3200,3780,3635,2015/10/29
3200,3810,3657,2015/10/30
3200,3801,3650,2015/10/31
3150,3750,3600,2015/11/02
3100,3702,3551,2015/11/03
3100,3660,3520,2015/11/04
3100,3816,3637,2015/11/05
3200,3850,3687,2015/11/06
3120,3950,3742,2015/11/07
3200,3850,3687,2015/11/09
3250,3922,3754,2015/11/10
3200,3696,3572,2015/11/17
3100,3691,3543,2015/11/18
3150,3750,3600,2015/11/19
3200,3750,3612,2015/11/20
3200,3700,3575,2015/11/21
3200,3756,3617,2015/11/23
3200,3730,3597,2015/11/24
3100,3658,3318,2015/11/25
3100,3528,3421,2015/11/26
3100,3756,3575,2015/11/27
3100,3700,3550,2015/11/28
3200,3650,3537,2015/11/30
